Filename,Reporting Period,Category,Portfolio Company,Industry,Type of Investment,Cash Interest Rate,Principal,Cost,Fair Value,Notes,Index,Spread,PIK,Maturity Date,Shares
oscf-1231202110xq,2021-12-31,Non-Control/Non-Affiliate Investments,AIP RD Buyer Corp.,Distributors,"Second Lien Term Loan, SOFR+7.75% cash due 12/23/2029",8.75%,"$4,563","$4,472","$4,472",(5)(8),,,,,
oscf-1231202110xq,2021-12-31,Non-Control/Non-Affiliate Investments,AIP RD Buyer Corp.,Distributors,"4,560 Common Units in RD Holding LP",,,456,456,-8,,,,,
oscf-1231202110xq,2021-12-31,Non-Control/Non-Affiliate Investments,ASP-R-PAC Acquisition Co LLC,Paper Packaging,"First Lien Term Loan, LIBOR+6.00% cash due 12/29/2027",6.75%,"4,936","4,837","4,837",(4)(5)(8)(10),,,,,
oscf-1231202110xq,2021-12-31,Non-Control/Non-Affiliate Investments,ASP-R-PAC Acquisition Co LLC,Paper Packaging,"First Lien Revolver, LIBOR+6.00% cash due 12/29/2027",6.75%,118,106,106,(5)(8)(9)(10),,,,,
oscf-1231202110xq,2021-12-31,Non-Control/Non-Affiliate Investments,"Mesoblast, Inc.",Biotechnology,"First Lien Term Loan, 8.00% cash 1.75% PIK due 11/19/2026",,"2,254","2,193","2,193",(8)(10),,,,,
oscf-1231202110xq,2021-12-31,Non-Control/Non-Affiliate Investments,"Mesoblast, Inc.",Biotechnology,"First Lien Delayed Draw Term Loan, 8.00% cash 1.75% PIK due 11/19/2026",,—,0,0,(8)(9)(10),,,,,
oscf-1231202110xq,2021-12-31,Non-Control/Non-Affiliate Investments,OEConnection LLC,Application Software,"Second Lien Term Loan, LIBOR+7.00% cash due 9/25/2027",7.50%,"5,355","5,249","5,248",(5)(8),,,,,
oscf-1231202110xq,2021-12-31,Non-Control/Non-Affiliate Investments,"PFNY Holdings, LLC",Leisure Facilities,"First Lien Term Loan, LIBOR+7.00% cash due 12/31/2026",8.00%,"8,321","8,156","8,154",(4)(5)(8),,,,,
oscf-1231202110xq,2021-12-31,Non-Control/Non-Affiliate Investments,"PFNY Holdings, LLC",Leisure Facilities,"First Lien Delayed Draw Term Loan, LIBOR+7.00% cash due 12/31/2026",,—,-16,-16,(5)(8)(9),,,,,
oscf-1231202110xq,2021-12-31,Non-Control/Non-Affiliate Investments,"PFNY Holdings, LLC",Leisure Facilities,"First Lien Revolver, LIBOR+7.00% cash due 12/31/2026",,—,-8,-8,(5)(8)(9),,,,,
oscf-1231202110xq,2021-12-31,Non-Control/Non-Affiliate Investments,"Touchstone Acquisition, Inc.",Health Care Supplies,"First Lien Term Loan, LIBOR+6.00% cash due 12/21/2028",6.75%,"8,614","8,442","8,442",(5)(8),,,,,
oscf-0331202210xq,2022-03-31,Non-Control/Non-Affiliate Investments,AIP RD Buyer Corp.,Distributors,"Second Lien Term Loan, SOFR+7.75% cash due 12/23/2029",8.75%,"$4,563","$4,475","$4,472",(5)(8),,,,,
oscf-0331202210xq,2022-03-31,Non-Control/Non-Affiliate Investments,AIP RD Buyer Corp.,Distributors,"4,560 Common Units in RD Holding LP",,,428,432,-8,,,,,
oscf-0331202210xq,2022-03-31,Non-Control/Non-Affiliate Investments,Altice France S.A.,Integrated Telecommunication Services,"Fixed Rate Bond, 5.50% cash due 10/15/2029",,500,437,449,-10,,,,,
oscf-0331202210xq,2022-03-31,Non-Control/Non-Affiliate Investments,"American Auto Auction Group, LLC",Consumer Finance,"Second Lien Term Loan, SOFR+8.75% cash due 1/2/2029",9.50%,"6,901","6,766","6,797",(5)(8),,,,,
oscf-0331202210xq,2022-03-31,Non-Control/Non-Affiliate Investments,"American Tire Distributors, Inc.",Distributors,"First Lien Term Loan, LIBOR+6.25% cash due 10/20/2028",7.00%,"2,000","1,985","1,987",-5,,,,,
oscf-0331202210xq,2022-03-31,Non-Control/Non-Affiliate Investments,"Anastasia Parent, LLC",Personal Products,"First Lien Term Loan, LIBOR+3.75% cash due 8/11/2025",4.76%,"2,197","1,906","1,923",-5,,,,,
oscf-0331202210xq,2022-03-31,Non-Control/Non-Affiliate Investments,"ASP Unifrax Holdings, Inc.",Trading Companies & Distributors,"Fixed Rate Bond, 7.50% cash due 9/30/2029",,"1,200","1,156","1,069",,,,,,
oscf-0331202210xq,2022-03-31,Non-Control/Non-Affiliate Investments,ASP-R-PAC Acquisition Co LLC,Paper Packaging,"First Lien Term Loan, LIBOR+6.00% cash due 12/29/2027",6.75%,"4,936","4,841","4,852",(5)(8)(10),,,,,
oscf-0331202210xq,2022-03-31,Non-Control/Non-Affiliate Investments,ASP-R-PAC Acquisition Co LLC,Paper Packaging,"First Lien Revolver, LIBOR+6.00% cash due 12/29/2027",,—,-11,-10,(5)(8)(9)(10),,,,,
oscf-0331202210xq,2022-03-31,Non-Control/Non-Affiliate Investments,Astra Acquisition Corp.,Application Software,"First Lien Term Loan, LIBOR+5.25% cash due 10/25/2028",5.75%,"5,486","5,344","5,339",-5,,,,,
oscf-0331202210xq,2022-03-31,Non-Control/Non-Affiliate Investments,athenahealth Group Inc.,Health Care Technology,"5,809 Shares of Series A Preferred Stock in Minerva Holdco, Inc., 10.75%",,,"5,693","5,760",-8,,,,,
oscf-0331202210xq,2022-03-31,Non-Control/Non-Affiliate Investments,"CITGO Holding, Inc.",Oil & Gas Refining & Marketing,"First Lien Term Loan, LIBOR+7.00% cash due 8/1/2023",8.00%,"4,987","4,965","4,936",-5,,,,,
oscf-0331202210xq,2022-03-31,Non-Control/Non-Affiliate Investments,CommScope Technologies LLC,Communications Equipment,"Fixed Rate Bond, 5.00% cash due 3/15/2027",,500,421,435,-10,,,,,
oscf-0331202210xq,2022-03-31,Non-Control/Non-Affiliate Investments,Condor Merger Sub Inc.,Systems Software,"Fixed Rate Bond, 7.375% cash due 2/15/2030",,"4,327","4,315","4,157",,,,,,
oscf-0331202210xq,2022-03-31,Non-Control/Non-Affiliate Investments,Domtar Corporation,Paper Products,"First Lien Term Loan, LIBOR+5.50% cash due 11/30/2028",6.25%,"2,163","2,145","2,146",-5,,,,,
oscf-0331202210xq,2022-03-31,Non-Control/Non-Affiliate Investments,Domtar Corporation,Paper Products,"First Lien Delayed Draw Term Loan, LIBOR+5.50% cash due 11/30/2028",,—,-7,-6,(5)(9),,,,,
oscf-0331202210xq,2022-03-31,Non-Control/Non-Affiliate Investments,Eagle Parent Corp.,Industrial Machinery,"First Lien Term Loan, SOFR+4.25% cash due 4/1/2029",4.75%,"3,000","2,925","2,981",-5,,,,,
oscf-0331202210xq,2022-03-31,Non-Control/Non-Affiliate Investments,"Frontier Communications Holdings, LLC",Integrated Telecommunication Services,"Fixed Rate Bond, 6.00% cash due 1/15/2030",,"$1,500","$1,404","$1,390",-10,,,,,
oscf-0331202210xq,2022-03-31,Non-Control/Non-Affiliate Investments,"Gibson Brands, Inc.",Leisure Products,"First Lien Term Loan, LIBOR+5.00% cash due 8/11/2028",5.75%,"2,993","2,978","2,944",-5,,,,,
oscf-0331202210xq,2022-03-31,Non-Control/Non-Affiliate Investments,"Impel Neuropharma, Inc.",Health Care Technology,First Lien Revenue Interest Financing Term Loan due 2/15/2031,,"4,768","4,768","4,768",(5)(8),,,,,
oscf-0331202210xq,2022-03-31,Non-Control/Non-Affiliate Investments,"Impel Neuropharma, Inc.",Health Care Technology,"First Lien Term Loan, SOFR+8.75% cash due 3/17/2027",9.75%,"4,768","4,673","4,672",(5)(8),,,,,
oscf-0331202210xq,2022-03-31,Non-Control/Non-Affiliate Investments,Innocoll Pharmaceuticals Limited,Health Care Technology,"First Lien Term Loan, 11.00% cash due 1/26/2027",,"4,316","4,129","4,136",(8)(10),,,,,
oscf-0331202210xq,2022-03-31,Non-Control/Non-Affiliate Investments,Innocoll Pharmaceuticals Limited,Health Care Technology,"First Lien Delayed Draw Term Loan, 11.00% cash due 1/26/2027",,—,0,0,(8)(9)(10),,,,,
oscf-0331202210xq,2022-03-31,Non-Control/Non-Affiliate Investments,Innocoll Pharmaceuticals Limited,Health Care Technology,"36,087 Tranche A Warrant Shares (exercise price $4.23) expiration date 1/26/2029",,,85,89,(8)(10),,,,,
oscf-0331202210xq,2022-03-31,Non-Control/Non-Affiliate Investments,"Kings Buyer, LLC",Environmental & Facilities Services,"First Lien Term Loan, LIBOR+6.50% cash due 10/29/2027",7.50%,"4,876","4,827","4,803",(5)(8),,,,,
oscf-0331202210xq,2022-03-31,Non-Control/Non-Affiliate Investments,"Kings Buyer, LLC",Environmental & Facilities Services,"First Lien Revolver, LIBOR+6.50% cash due 10/29/2027",7.50%,235,228,225,(5)(8)(9),,,,,
oscf-0331202210xq,2022-03-31,Non-Control/Non-Affiliate Investments,"LSL Holdco, LLC",Health Care Distributors,"First Lien Revolver, LIBOR+6.00% cash due 1/31/2028",6.75%,203,183,183,(5)(8)(9),,,,,
oscf-0331202210xq,2022-03-31,Non-Control/Non-Affiliate Investments,"LSL Holdco, LLC",Health Care Distributors,"First Lien Term Loan, LIBOR+6.00% cash due 1/31/2028",6.75%,"9,134","8,956","8,951",(5)(8),,,,,
oscf-0331202210xq,2022-03-31,Non-Control/Non-Affiliate Investments,"Mesoblast, Inc.",Biotechnology,"First Lien Term Loan, 8.00% cash 1.75% PIK due 11/19/2026",,"2,264","2,063","2,038",(8)(10),,,,,
oscf-0331202210xq,2022-03-31,Non-Control/Non-Affiliate Investments,"Mesoblast, Inc.",Biotechnology,"First Lien Delayed Draw Term Loan, 8.00% cash 1.75% PIK due 11/19/2026",,—,0,0,(8)(9)(10),,,,,
oscf-0331202210xq,2022-03-31,Non-Control/Non-Affiliate Investments,"Mesoblast, Inc.",Biotechnology,"66,347 Warrant Shares (exercise price $7.26) expiration date 11/19/2028",,—,152,126,(8)(10),,,,,
oscf-0331202210xq,2022-03-31,Non-Control/Non-Affiliate Investments,MRI Software LLC,Application Software,"First Lien Delayed Draw Term Loan, LIBOR+5.50% cash due 2/10/2026",,—,-18,-23,(5)(8)(9),,,,,
oscf-0331202210xq,2022-03-31,Non-Control/Non-Affiliate Investments,NFP Corp.,Other Diversified Financial Services,Fixed Rate Bond 6.875% cash due 8/15/2028,,"2,175","2,050","2,080",,,,,,
oscf-0331202210xq,2022-03-31,Non-Control/Non-Affiliate Investments,OEConnection LLC,Application Software,"Second Lien Term Loan, LIBOR+7.00% cash due 9/25/2027",7.50%,"5,355","5,253","5,221",(5)(8),,,,,
oscf-0331202210xq,2022-03-31,Non-Control/Non-Affiliate Investments,"PFNY Holdings, LLC",Leisure Facilities,"First Lien Term Loan, LIBOR+7.00% cash due 12/31/2026",8.00%,"8,321","8,164","8,154",(5)(8),,,,,
oscf-0331202210xq,2022-03-31,Non-Control/Non-Affiliate Investments,"PFNY Holdings, LLC",Leisure Facilities,"First Lien Delayed Draw Term Loan, LIBOR+7.00% cash due 12/31/2026",,—,-15,-16,(5)(8)(9),,,,,
oscf-0331202210xq,2022-03-31,Non-Control/Non-Affiliate Investments,"PFNY Holdings, LLC",Leisure Facilities,"First Lien Revolver, LIBOR+7.00% cash due 12/31/2026",,—,-7,-8,(5)(8)(9),,,,,
oscf-0331202210xq,2022-03-31,Non-Control/Non-Affiliate Investments,"Profrac Holdings II, LLC",Industrial Machinery,"First Lien Term Loan, SOFR+8.50% cash due 3/4/2025",9.50%,"$9,534","$9,255","$9,343",(5)(8),,,,,
oscf-0331202210xq,2022-03-31,Non-Control/Non-Affiliate Investments,Radiology Partners Inc.,Health Care Distributors,"Fixed Rate Bond, 9.25% cash due 2/1/2028",,"1,950","1,937","1,954",,,,,,
oscf-0331202210xq,2022-03-31,Non-Control/Non-Affiliate Investments,"SPX Flow, Inc.",Industrial Machinery,"First Lien Term Loan, LIBOR+4.50% cash due 3/18/2029",5.00%,"5,000","4,775","4,877",-5,,,,,
oscf-0331202210xq,2022-03-31,Non-Control/Non-Affiliate Investments,"Tacala, LLC",Restaurants,"Second Lien Term Loan, LIBOR+7.50% cash due 2/4/2028",8.25%,"2,000","1,978","1,978",-5,,,,,
oscf-0331202210xq,2022-03-31,Non-Control/Non-Affiliate Investments,TIBCO Software Inc.,Application Software,"Second Lien Term Loan, LIBOR+7.25% cash due 3/3/2028",7.71%,"2,000","1,995","2,000",-5,,,,,
oscf-0331202210xq,2022-03-31,Non-Control/Non-Affiliate Investments,"Touchstone Acquisition, Inc.",Health Care Supplies,"First Lien Term Loan, LIBOR+6.00% cash due 12/29/2028",6.75%,"8,614","8,447","8,442",(5)(8),,,,,
oscf-0331202210xq,2022-03-31,Non-Control/Non-Affiliate Investments,Uniti Group LP,Specialized REITs,"Fixed Rate Bond, 6.50% cash due 2/15/2029",,"1,250","1,170","1,167",-10,,,,,
oscf-0331202210xq,2022-03-31,Non-Control/Non-Affiliate Investments,Vertiv Group Corporation,Electrical Components & Equipment,"Fixed Rate Bond, 4.125% cash due 11/15/2028",,500,426,457,-10,,,,,
oscf-0331202210xq,2022-03-31,Non-Control/Non-Affiliate Investments,"WP CPP Holdings, LLC",Aerospace & Defense,"First Lien Term Loan, LIBOR+3.75% cash due 4/30/2025",4.75%,"5,763","5,531","5,475",-5,,,,,
oscf-0331202210xq,2022-03-31,Non-Control/Non-Affiliate Investments,"Zayo Group Holdings, Inc.",Alternative Carriers,"Fixed Rate Bond, 6.125% cash due 3/1/2028",,400,356,359,,,,,,
oscf-0630202210xq,2022-06-30,Non-Control/Non-Affiliate Investments,"Access CIG, LLC",Diversified Support Services,"First Lien Term Loan, LIBOR+3.75% cash due 2/27/2025",5.32%,"$1,995","$1,915","$1,889",-5,,,,,
oscf-0630202210xq,2022-06-30,Non-Control/Non-Affiliate Investments,"Access CIG, LLC",Diversified Support Services,"Second Lien Term Loan, LIBOR+7.75% cash due 2/27/2026",9.32%,"4,000","3,980","3,840",-5,,,,,
oscf-0630202210xq,2022-06-30,Non-Control/Non-Affiliate Investments,AIP RD Buyer Corp.,Distributors,"Second Lien Term Loan, SOFR+7.75% cash due 12/23/2029",9.35%,"4,563","4,478","4,394",(5)(8),,,,,
oscf-0630202210xq,2022-06-30,Non-Control/Non-Affiliate Investments,AIP RD Buyer Corp.,Distributors,"4,560 Common Units in RD Holding LP",,,428,410,-8,,,,,
oscf-0630202210xq,2022-06-30,Non-Control/Non-Affiliate Investments,Altice Financing S.A.,Integrated Telecommunication Services,"Fixed Rate Bond, 5.75% cash due 8/15/2029",,200,165,161,-10,,,,,
oscf-0630202210xq,2022-06-30,Non-Control/Non-Affiliate Investments,Altice France S.A.,Integrated Telecommunication Services,"First Lien Term Loan, LIBOR+4.00% cash due 8/14/2026",5.41%,"2,000","1,905","1,833",(5)(10),,,,,
oscf-0630202210xq,2022-06-30,Non-Control/Non-Affiliate Investments,Altice France S.A.,Integrated Telecommunication Services,"Fixed Rate Bond, 5.50% cash due 10/15/2029",,"1,450","1,233","1,112",-10,,,,,
oscf-0630202210xq,2022-06-30,Non-Control/Non-Affiliate Investments,"American Auto Auction Group, LLC",Consumer Finance,"Second Lien Term Loan, SOFR+8.75% cash due 1/2/2029",10.80%,"6,901","6,771","6,694",(5)(8),,,,,
oscf-0630202210xq,2022-06-30,Non-Control/Non-Affiliate Investments,"American Tire Distributors, Inc.",Distributors,"First Lien Term Loan, LIBOR+6.25% cash due 10/20/2028",7.00%,"3,990","3,970","3,783",-5,,,,,
oscf-0630202210xq,2022-06-30,Non-Control/Non-Affiliate Investments,"Anastasia Parent, LLC",Personal Products,"First Lien Term Loan, LIBOR+3.75% cash due 8/11/2025",6.00%,"6,680","5,621","5,360",-5,,,,,
oscf-0630202210xq,2022-06-30,Non-Control/Non-Affiliate Investments,APX Group Inc.,Electrical Components & Equipment,"Fixed Rate Bond, 5.75% cash due 7/15/2029",,275,228,213,-10,,,,,
oscf-0630202210xq,2022-06-30,Non-Control/Non-Affiliate Investments,"ASP Unifrax Holdings, Inc.",Trading Companies & Distributors,"First Lien Term Loan, LIBOR+3.75% cash due 12/12/2025",6.00%,"4,109","3,951","3,657",-5,,,,,
oscf-0630202210xq,2022-06-30,Non-Control/Non-Affiliate Investments,"ASP Unifrax Holdings, Inc.",Trading Companies & Distributors,"Fixed Rate Bond, 7.50% cash due 9/30/2029",,"1,200","1,157",835,,,,,,
oscf-0630202210xq,2022-06-30,Non-Control/Non-Affiliate Investments,"ASP Unifrax Holdings, Inc.",Trading Companies & Distributors,"Fixed Rate Bond, 5.25% cash due 9/30/2028",,250,221,200,,,,,,
oscf-0630202210xq,2022-06-30,Non-Control/Non-Affiliate Investments,ASP-R-PAC Acquisition Co LLC,Paper Packaging,"First Lien Term Loan, LIBOR+6.00% cash due 12/29/2027",7.67%,"4,923","4,833","4,805",(5)(8)(10),,,,,
oscf-0630202210xq,2022-06-30,Non-Control/Non-Affiliate Investments,ASP-R-PAC Acquisition Co LLC,Paper Packaging,"First Lien Revolver, LIBOR+6.00% cash due 12/29/2027",,—,-11,-14,(5)(8)(9)(10),,,,,
oscf-0630202210xq,2022-06-30,Non-Control/Non-Affiliate Investments,Astra Acquisition Corp.,Application Software,"First Lien Term Loan, LIBOR+5.25% cash due 10/25/2028",6.92%,"5,861","5,663","5,123",-5,,,,,
oscf-0630202210xq,2022-06-30,Non-Control/Non-Affiliate Investments,"Asurion, LLC",Property & Casualty Insurance,"Second Lien Term Loan, LIBOR+5.25% cash due 1/20/2029",6.92%,"7,000","6,338","5,982",-5,,,,,
oscf-0630202210xq,2022-06-30,Non-Control/Non-Affiliate Investments,athenahealth Group Inc.,Health Care Technology,"5,809 Shares of Series A Preferred Stock in Minerva Holdco, Inc., 10.75%",,,"5,693","5,347",-8,,,,,
oscf-0630202210xq,2022-06-30,Non-Control/Non-Affiliate Investments,"BioXcel Therapeutics, Inc.",Pharmaceuticals,"First Lien Term Loan, 10.25% cash due 4/19/2027",,"$3,130","$2,998","$3,004",(8)(10),,,,,
oscf-0630202210xq,2022-06-30,Non-Control/Non-Affiliate Investments,"BioXcel Therapeutics, Inc.",Pharmaceuticals,"First Lien Delayed Draw Term Loan, 10.25% cash due 4/19/2027",,—,0,0,(8)(9)(10),,,,,
oscf-0630202210xq,2022-06-30,Non-Control/Non-Affiliate Investments,"BioXcel Therapeutics, Inc.",Pharmaceuticals,First Lien Revenue Interest Financing Delayed Draw Term Loan due 9/30/2032,,—,0,0,(5)(8)(9)(10),,,,,
oscf-0630202210xq,2022-06-30,Non-Control/Non-Affiliate Investments,"BioXcel Therapeutics, Inc.",Pharmaceuticals,"12,453 Common Stock Warrants (exercise price $20.04) expiration date 4/19/2029",,,74,71,(8)(10),,,,,
oscf-0630202210xq,2022-06-30,Non-Control/Non-Affiliate Investments,Boxer Parent Company Inc.,Systems Software,"First Lien Term Loan, LIBOR+3.75% cash due 10/2/2025",5.42%,"3,988","3,794","3,726",-5,,,,,
oscf-0630202210xq,2022-06-30,Non-Control/Non-Affiliate Investments,"BYJU's Alpha, Inc.",Application Software,"First Lien Term Loan, LIBOR+5.50% cash due 11/24/2026",7.01%,"4,987","4,938","4,264",(5)(10),,,,,
oscf-0630202210xq,2022-06-30,Non-Control/Non-Affiliate Investments,Carvana Co.,Automotive Retail,"Fixed Rate Bond, 5.625% cash due 10/1/2025",,800,688,616,-10,,,,,
oscf-0630202210xq,2022-06-30,Non-Control/Non-Affiliate Investments,CCO Holdings LLC,Cable & Satellite,"Fixed Rate Bond, 4.50% cash due 5/1/2032",,"1,281","1,060","1,042",-10,,,,,
oscf-0630202210xq,2022-06-30,Non-Control/Non-Affiliate Investments,"Cengage Learning, Inc.",Education Services,"First Lien Term Loan, LIBOR+4.75% cash due 7/14/2026",5.75%,"3,611","3,420","3,268",-5,,,,,
oscf-0630202210xq,2022-06-30,Non-Control/Non-Affiliate Investments,"CITGO Holding, Inc.",Oil & Gas Refining & Marketing,"First Lien Term Loan, LIBOR+7.00% cash due 8/1/2023",8.67%,"4,938","4,920","4,885",-5,,,,,
oscf-0630202210xq,2022-06-30,Non-Control/Non-Affiliate Investments,CITGO Petroleum Corp.,Oil & Gas Refining & Marketing,"First Lien Term Loan, LIBOR+6.25% cash due 3/28/2024",7.92%,"3,990","3,957","3,966",-5,,,,,
oscf-0630202210xq,2022-06-30,Non-Control/Non-Affiliate Investments,"Clear Channel Outdoor Holdings, Inc.",Advertising,"First Lien Term Loan, LIBOR+3.50% cash due 8/21/2026",4.74%,"4,987","4,570","4,310",(5)(10),,,,,
oscf-0630202210xq,2022-06-30,Non-Control/Non-Affiliate Investments,"Clear Channel Outdoor Holdings, Inc.",Advertising,"Fixed Rate Bond, 5.125% cash due 8/15/2027",,726,623,615,-10,,,,,
oscf-0630202210xq,2022-06-30,Non-Control/Non-Affiliate Investments,"Clear Channel Outdoor Holdings, Inc.",Advertising,"Fixed Rate Bond, 7.75% cash due 4/15/2028",,174,167,127,-10,,,,,
oscf-0630202210xq,2022-06-30,Non-Control/Non-Affiliate Investments,CommScope Technologies LLC,Communications Equipment,"Fixed Rate Bond, 5.00% cash due 3/15/2027",,500,424,370,-10,,,,,
oscf-0630202210xq,2022-06-30,Non-Control/Non-Affiliate Investments,CommScope Technologies LLC,Communications Equipment,"Fixed Rate Bond, 6.00% cash due 6/15/2025",,500,452,433,-10,,,,,
oscf-0630202210xq,2022-06-30,Non-Control/Non-Affiliate Investments,Condor Merger Sub Inc.,Systems Software,"Fixed Rate Bond, 7.375% cash due 2/15/2030",,"4,527","4,501","3,693",,,,,,
oscf-0630202210xq,2022-06-30,Non-Control/Non-Affiliate Investments,Connect U.S. Finco LLC,Alternative Carriers,"First Lien Term Loan, LIBOR+3.50% cash due 12/11/2026",5.17%,"1,995","1,878","1,842",(5)(10),,,,,
oscf-0630202210xq,2022-06-30,Non-Control/Non-Affiliate Investments,"Convergeone Holdings, Inc.",IT Consulting & Other Services,"First Lien Term Loan, LIBOR+5.00% cash due 1/4/2026",6.67%,"4,987","4,512","4,289",-5,,,,,
oscf-0630202210xq,2022-06-30,Non-Control/Non-Affiliate Investments,Delivery Hero FinCo LLC,Internet & Direct Marketing Retail,"First Lien Term Loan, SOFR+5.75% cash due 8/12/2027",6.88%,"3,000","2,955","2,828",(5)(10),,,,,
oscf-0630202210xq,2022-06-30,Non-Control/Non-Affiliate Investments,"Dealer Tire, LLC",Distributors,"First Lien Term Loan, LIBOR+4.25% cash due 12/12/2025",5.92%,"$1,995","$1,920","$1,917",-5,,,,,
oscf-0630202210xq,2022-06-30,Non-Control/Non-Affiliate Investments,"DirecTV Financing, LLC",Cable & Satellite,"First Lien Term Loan, LIBOR+5.00% cash due 8/2/2027",6.67%,"7,812","7,486","7,214",-5,,,,,
oscf-0630202210xq,2022-06-30,Non-Control/Non-Affiliate Investments,Domtar Corp,Paper Products,"First Lien Term Loan, LIBOR+5.50% cash due 11/30/2028",6.69%,"2,985","2,960","2,881",-5,,,,,
oscf-0630202210xq,2022-06-30,Non-Control/Non-Affiliate Investments,"DTI Holdco, Inc.",Research & Consulting Services,"First Lien Term Loan, SOFR+4.75% cash due 4/26/2029",6.28%,"8,000","7,730","7,511",-5,,,,,
oscf-0630202210xq,2022-06-30,Non-Control/Non-Affiliate Investments,Eagle Parent Corp.,Industrial Machinery,"First Lien Term Loan, SOFR+4.25% cash due 4/1/2029",6.30%,"2,993","2,920","2,878",-5,,,,,
oscf-0630202210xq,2022-06-30,Non-Control/Non-Affiliate Investments,Establishment Labs Holdings Inc.,Health Care Technology,"First Lien Term Loan, 9.00% cash due 4/21/2027",,"10,136","9,985","9,983",(8)(10),,,,,
oscf-0630202210xq,2022-06-30,Non-Control/Non-Affiliate Investments,Establishment Labs Holdings Inc.,Health Care Technology,"First Lien Delayed Draw Term Loan, 9.00% cash due 4/21/2027",,—,3,3,(8)(9)(10),,,,,
oscf-0630202210xq,2022-06-30,Non-Control/Non-Affiliate Investments,"Frontier Communications Holdings, LLC",Integrated Telecommunication Services,"Fixed Rate Bond, 6.00% cash due 1/15/2030",,"2,517","2,256","1,944",-10,,,,,
oscf-0630202210xq,2022-06-30,Non-Control/Non-Affiliate Investments,"Gibson Brands, Inc.",Leisure Products,"First Lien Term Loan, LIBOR+5.00% cash due 8/11/2028",6.41%,"4,980","4,800","4,258",(5)(8),,,,,
oscf-0630202210xq,2022-06-30,Non-Control/Non-Affiliate Investments,"Grove Hotel Parcel Owner, LLC","Hotels, Resorts & Cruise Lines","First Lien Term Loan, SOFR+8.00% cash due 6/21/2027",9.45%,"17,684","17,332","17,330",(5)(8),,,,,
oscf-0630202210xq,2022-06-30,Non-Control/Non-Affiliate Investments,"Grove Hotel Parcel Owner, LLC","Hotels, Resorts & Cruise Lines","First Lien Delayed Draw Term Loan, SOFR+8.00% cash due 6/21/2027",,—,-70,-71,(5)(8)(9),,,,,
oscf-0630202210xq,2022-06-30,Non-Control/Non-Affiliate Investments,"Grove Hotel Parcel Owner, LLC","Hotels, Resorts & Cruise Lines","First Lien Revolver, SOFR+8.00% cash due 6/21/2027",,—,-35,-35,(5)(8)(9),,,,,
oscf-0630202210xq,2022-06-30,Non-Control/Non-Affiliate Investments,Harbor Purchaser Inc.,Education Services,"First Lien Term Loan, SOFR+5.25% cash due 4/9/2029",6.88%,"8,550","8,189","7,775",-5,,,,,
oscf-0630202210xq,2022-06-30,Non-Control/Non-Affiliate Investments,"Impel Neuropharma, Inc.",Health Care Technology,First Lien Revenue Interest Financing Term Loan due 2/15/2031,,"4,768","4,768","4,768",(5)(8),,,,,
oscf-0630202210xq,2022-06-30,Non-Control/Non-Affiliate Investments,"Impel Neuropharma, Inc.",Health Care Technology,"First Lien Term Loan, SOFR+8.75% cash due 3/17/2027",10.95%,"4,768","4,678","4,682",(5)(8),,,,,
oscf-0630202210xq,2022-06-30,Non-Control/Non-Affiliate Investments,Innocoll Pharmaceuticals Limited,Health Care Technology,"First Lien Term Loan, 11.00% cash due 1/26/2027",,"4,316","4,139","4,046",(8)(10),,,,,
oscf-0630202210xq,2022-06-30,Non-Control/Non-Affiliate Investments,Innocoll Pharmaceuticals Limited,Health Care Technology,"First Lien Delayed Draw Term Loan, 11.00% cash due 1/26/2027",,—,0,0,(8)(9)(10),,,,,
oscf-0630202210xq,2022-06-30,Non-Control/Non-Affiliate Investments,Innocoll Pharmaceuticals Limited,Health Care Technology,"36,087 Tranche A Warrant Shares (exercise price $4.23) expiration date 1/26/2029",,,85,79,(8)(10),,,,,
oscf-0630202210xq,2022-06-30,Non-Control/Non-Affiliate Investments,"Iris Holding, Inc.",Metal & Glass Containers,"First Lien Term Loan, SOFR+4.75% cash due 6/28/2028",6.86%,"$5,000","$4,600","$4,579",(5)(8)(10),,,,,
oscf-0630202210xq,2022-06-30,Non-Control/Non-Affiliate Investments,"Kings Buyer, LLC",Environmental & Facilities Services,"First Lien Term Loan, LIBOR+6.50% cash due 10/29/2027",8.75%,"4,864","4,815","4,742",(5)(8),,,,,
oscf-0630202210xq,2022-06-30,Non-Control/Non-Affiliate Investments,"Kings Buyer, LLC",Environmental & Facilities Services,"First Lien Revolver, LIBOR+6.50% cash due 10/29/2027",8.75%,235,228,218,(5)(8)(9),,,,,
oscf-0630202210xq,2022-06-30,Non-Control/Non-Affiliate Investments,LABL Inc,Office Services & Supplies,"First Lien Term Loan, LIBOR+5.00% cash due 10/29/2028",6.67%,"5,708","5,464","5,301",-5,,,,,
oscf-0630202210xq,2022-06-30,Non-Control/Non-Affiliate Investments,"LSL Holdco, LLC",Health Care Distributors,"First Lien Term Loan, LIBOR+6.00% cash due 1/31/2028",7.67%,"9,134","8,964","8,860",(5)(8),,,,,
oscf-0630202210xq,2022-06-30,Non-Control/Non-Affiliate Investments,"LSL Holdco, LLC",Health Care Distributors,"First Lien Revolver, LIBOR+6.00% cash due 1/31/2028",7.67%,406,387,376,(5)(8)(9),,,,,
oscf-0630202210xq,2022-06-30,Non-Control/Non-Affiliate Investments,"LTI Holdings, Inc.",Electronic Components,"First Lien Term Loan, LIBOR+3.50% cash due 9/6/2025",5.17%,"6,982","6,648","6,515",-5,,,,,
oscf-0630202210xq,2022-06-30,Non-Control/Non-Affiliate Investments,McAfee Corp.,Systems Software,"First Lien Term Loan, SOFR+4.00% cash due 3/1/2029",5.15%,"7,000","6,568","6,393",-5,,,,,
oscf-0630202210xq,2022-06-30,Non-Control/Non-Affiliate Investments,"Mesoblast, Inc.",Biotechnology,"First Lien Term Loan, 8.00% cash 1.75% PIK due 11/19/2026",,"2,274","2,084","2,012",(8)(10),,,,,
oscf-0630202210xq,2022-06-30,Non-Control/Non-Affiliate Investments,"Mesoblast, Inc.",Biotechnology,"First Lien Delayed Draw Term Loan, 8.00% cash 1.75% PIK due 11/19/2026",,—,0,0,(8)(9)(10),,,,,
oscf-0630202210xq,2022-06-30,Non-Control/Non-Affiliate Investments,"Mesoblast, Inc.",Biotechnology,"66,347 Warrant Shares (exercise price $7.26) expiration date 11/19/2028",,,152,44,(8)(10),,,,,
oscf-0630202210xq,2022-06-30,Non-Control/Non-Affiliate Investments,"MHE Intermediate Holdings, LLC",Diversified Support Services,"First Lien Delayed Draw Term Loan, SOFR+6.00% cash due 7/21/2027",8.23%,"1,660","1,590","1,527",(5)(8)(9),,,,,
oscf-0630202210xq,2022-06-30,Non-Control/Non-Affiliate Investments,MRI Software LLC,Application Software,"First Lien Delayed Draw Term Loan, LIBOR+5.50% cash due 2/10/2026",,—,-18,-140,(5)(8)(9),,,,,
oscf-0630202210xq,2022-06-30,Non-Control/Non-Affiliate Investments,NFP Corp.,Other Diversified Financial Services,Fixed Rate Bond 6.875% cash due 8/15/2028,,"2,284","2,151","1,891",,,,,,
oscf-0630202210xq,2022-06-30,Non-Control/Non-Affiliate Investments,OEConnection LLC,Application Software,"Second Lien Term Loan, LIBOR+7.00% cash due 9/25/2027",8.60%,"5,355","5,258","5,141",(5)(8),,,,,
oscf-0630202210xq,2022-06-30,Non-Control/Non-Affiliate Investments,"OFSI BSL CLO XI, Ltd.",Multi-Sector Holdings,"Class E Notes, SOFR+7.60% cash due 7/18/2031",9.12%,"2,500","2,150","2,150",(5)(8)(10),,,,,
oscf-0630202210xq,2022-06-30,Non-Control/Non-Affiliate Investments,"Peloton Interactive, Inc.",Leisure Products,"First Lien Term Loan, SOFR+6.50% cash due 5/25/2027",8.35%,"7,000","6,728","6,689",(5)(10),,,,,
oscf-0630202210xq,2022-06-30,Non-Control/Non-Affiliate Investments,"PFNY Holdings, LLC",Leisure Facilities,"First Lien Term Loan, LIBOR+7.00% cash due 12/31/2026",8.00%,"8,300","8,152","8,134",(5)(8),,,,,
oscf-0630202210xq,2022-06-30,Non-Control/Non-Affiliate Investments,"PFNY Holdings, LLC",Leisure Facilities,"First Lien Delayed Draw Term Loan, LIBOR+7.00% cash due 12/31/2026",9.25%,705,691,689,(5)(8)(9),,,,,
oscf-0630202210xq,2022-06-30,Non-Control/Non-Affiliate Investments,"PFNY Holdings, LLC",Leisure Facilities,"First Lien Revolver, LIBOR+7.00% cash due 12/31/2026",,—,-7,-8,(5)(8)(9),,,,,
oscf-0630202210xq,2022-06-30,Non-Control/Non-Affiliate Investments,"Profrac Holdings II, LLC",Industrial Machinery,"First Lien Term Loan, SOFR+8.50% cash due 3/4/2025",10.01%,"$5,800","$5,645","$5,684",(5)(8),,,,,
oscf-0630202210xq,2022-06-30,Non-Control/Non-Affiliate Investments,Radiology Partners Inc.,Health Care Distributors,"First Lien Term Loan, LIBOR+4.25% cash due 7/9/2025",5.89%,"6,253","5,863","5,639",-5,,,,,
oscf-0630202210xq,2022-06-30,Non-Control/Non-Affiliate Investments,Radiology Partners Inc.,Health Care Distributors,"Fixed Rate Bond, 9.25% cash due 2/1/2028",,"1,950","1,938","1,467",,,,,,
oscf-0630202210xq,2022-06-30,Non-Control/Non-Affiliate Investments,Renaissance Holding Corp.,Diversified Banks,"First Lien Term Loan, LIBOR+3.25% cash due 5/30/2025",4.92%,"2,244","2,138","2,132",-5,,,,,
oscf-0630202210xq,2022-06-30,Non-Control/Non-Affiliate Investments,RP Escrow Issuer LLC,Health Care Distributors,"Fixed Rate Bond, 5.25% cash due 12/15/2025",,333,304,288,,,,,,
oscf-0630202210xq,2022-06-30,Non-Control/Non-Affiliate Investments,"SM Wellness Holdings, Inc.",Health Care Services,"First Lien Term Loan, LIBOR+4.75% cash due 4/17/2028",5.89%,"6,445","6,235","6,219",(5)(8),,,,,
oscf-0630202210xq,2022-06-30,Non-Control/Non-Affiliate Investments,"SPX Flow, Inc.",Industrial Machinery,"First Lien Term Loan, SOFR+4.50% cash due 4/5/2029",6.13%,"8,447","8,101","7,894",-5,,,,,
oscf-0630202210xq,2022-06-30,Non-Control/Non-Affiliate Investments,"Surgery Center Holdings, Inc.",Health Care Facilities,"First Lien Term Loan, LIBOR+3.75% cash due 8/31/2026",4.95%,"6,995","6,728","6,538",-5,,,,,
oscf-0630202210xq,2022-06-30,Non-Control/Non-Affiliate Investments,"Tacala, LLC",Restaurants,"Second Lien Term Loan, LIBOR+7.50% cash due 2/4/2028",9.17%,"6,560","6,374","6,155",-5,,,,,
oscf-0630202210xq,2022-06-30,Non-Control/Non-Affiliate Investments,TIBCO Software Inc.,Application Software,"Second Lien Term Loan, LIBOR+7.25% cash due 3/3/2028",8.92%,"4,000","3,980","3,947",-5,,,,,
oscf-0630202210xq,2022-06-30,Non-Control/Non-Affiliate Investments,"Touchstone Acquisition, Inc.",Health Care Supplies,"First Lien Term Loan, LIBOR+6.00% cash due 12/29/2028",7.67%,"8,592","8,432","8,335",(5)(8),,,,,
oscf-0630202210xq,2022-06-30,Non-Control/Non-Affiliate Investments,Uniti Group LP,Specialized REITs,"Fixed Rate Bond, 6.50% cash due 2/15/2029",,"1,750","1,609","1,287",-10,,,,,
oscf-0630202210xq,2022-06-30,Non-Control/Non-Affiliate Investments,Uniti Group LP,Specialized REITs,"Fixed Rate Bond, 4.75% cash due 4/15/2028",,700,601,577,-10,,,,,
oscf-0630202210xq,2022-06-30,Non-Control/Non-Affiliate Investments,"WP CPP Holdings, LLC",Aerospace & Defense,"First Lien Term Loan, LIBOR+3.75% cash due 4/30/2025",4.99%,"7,744","7,295","6,508",-5,,,,,
oscf-0630202210xq,2022-06-30,Non-Control/Non-Affiliate Investments,"WWEX Uni Topco Holdings, LLC",Air Freight & Logistics,"First Lien Term Loan, LIBOR+4.00% cash due 7/26/2028",5.46%,"6,982","6,593","6,380",-5,,,,,
oscf-0630202210xq,2022-06-30,Non-Control/Non-Affiliate Investments,"Zayo Group Holdings, Inc.",Alternative Carriers,"First Lien Term Loan, LIBOR+3.00% cash due 3/9/2027",4.67%,"6,000","5,513","5,388",-5,,,,,
oscf-0630202210xq,2022-06-30,Non-Control/Non-Affiliate Investments,"Zayo Group Holdings, Inc.",Alternative Carriers,"Fixed Rate Bond, 6.125% cash due 3/1/2028",,534,476,387,,,,,,
oscf-0630202210xq,2022-06-30,Non-Control/Non-Affiliate Investments,"Zayo Group Holdings, Inc.",Alternative Carriers,"Fixed Rate Bond, 4.00% cash due 3/1/2027",,700,578,582,,,,,,
oscf-0930202210xk,2022-09-30,Non-Control/Non-Affiliate Investments,"Access CIG, LLC",Diversified Support Services,"First Lien Term Loan, LIBOR+3.75% cash due 2/27/2025",6.82%,"$3,984","$3,870","$3,826",-5,,,,,
oscf-0930202210xk,2022-09-30,Non-Control/Non-Affiliate Investments,"Access CIG, LLC",Diversified Support Services,"Second Lien Term Loan, LIBOR+7.75% cash due 2/27/2026",10.82%,"4,000","3,982","3,815",-5,,,,,
oscf-0930202210xk,2022-09-30,Non-Control/Non-Affiliate Investments,ADC Therapeutics SA,Biotechnology,"First Lien Term Loan, SOFR+7.50% cash due 8/15/2029",11.20%,"10,406","9,881","9,890",(5)(8)(10),,,,,
oscf-0930202210xk,2022-09-30,Non-Control/Non-Affiliate Investments,ADC Therapeutics SA,Biotechnology,"First Lien Delayed Draw Term Loan, SOFR+7.50% cash due 8/15/2029",,—,-60,-58,(5)(8)(9)(10),,,,,
oscf-0930202210xk,2022-09-30,Non-Control/Non-Affiliate Investments,ADC Therapeutics SA,Biotechnology,"45,727 Common Stock Warrants (exercise price $8.297) expiration 8/15/2032",,,275,115,(8)(10),,,,,
oscf-0930202210xk,2022-09-30,Non-Control/Non-Affiliate Investments,AIP RD Buyer Corp.,Distributors,"Second Lien Term Loan, SOFR+7.75% cash due 12/23/2029",10.88%,"4,563","4,481","4,403",(5)(8),,,,,
oscf-0930202210xk,2022-09-30,Non-Control/Non-Affiliate Investments,AIP RD Buyer Corp.,Distributors,"4,560 Common Units in RD Holding LP",,,428,409,-8,,,,,
oscf-0930202210xk,2022-09-30,Non-Control/Non-Affiliate Investments,Altice France S.A.,Integrated Telecommunication Services,"First Lien Term Loan, LIBOR+4.00% cash due 8/14/2026",6.91%,"1,995","1,905","1,815",(5)(10),,,,,
oscf-0930202210xk,2022-09-30,Non-Control/Non-Affiliate Investments,Altice France S.A.,Integrated Telecommunication Services,"Fixed Rate Bond, 5.50% cash due 10/15/2029",,"3,200","2,685","2,416",-10,,,,,
oscf-0930202210xk,2022-09-30,Non-Control/Non-Affiliate Investments,"American Auto Auction Group, LLC",Consumer Finance,"Second Lien Term Loan, SOFR+8.75% cash due 1/2/2029",12.30%,"6,901","6,776","6,211",(5)(8),,,,,
oscf-0930202210xk,2022-09-30,Non-Control/Non-Affiliate Investments,American Rock Salt Company LLC,Diversified Metals & Mining,"First Lien Term Loan, LIBOR+4.00% cash due 6/9/2028",7.12%,"3,990","3,817","3,706",-5,,,,,
oscf-0930202210xk,2022-09-30,Non-Control/Non-Affiliate Investments,"American Tire Distributors, Inc.",Distributors,"First Lien Term Loan, LIBOR+6.25% cash due 10/20/2028",9.03%,"3,980","3,960","3,738",-5,,,,,
oscf-0930202210xk,2022-09-30,Non-Control/Non-Affiliate Investments,"Anastasia Parent, LLC",Personal Products,"First Lien Term Loan, LIBOR+3.75% cash due 8/11/2025",7.42%,"6,912","5,802","5,530",-5,,,,,
oscf-0930202210xk,2022-09-30,Non-Control/Non-Affiliate Investments,Apex Group Treasury LLC,Other Diversified Financial Services,"First Lien Term Loan, SOFR+5.00% cash due 7/27/2028",9.13%,"6,000","5,610","5,865",(5)(10),,,,,
oscf-0930202210xk,2022-09-30,Non-Control/Non-Affiliate Investments,APX Group Inc.,Electrical Components & Equipment,"First Lien Term Loan, LIBOR+3.50% cash due 7/10/2028",6.24%,"1,995","1,881","1,891",(5)(10),,,,,
oscf-0930202210xk,2022-09-30,Non-Control/Non-Affiliate Investments,APX Group Inc.,Electrical Components & Equipment,"Fixed Rate Bond, 5.75% cash due 7/15/2029",,275,229,218,-10,,,,,
oscf-0930202210xk,2022-09-30,Non-Control/Non-Affiliate Investments,Ardonagh Midco 3 PLC,Insurance Brokers,"First Lien Delayed Draw Term Loan, EURIBOR+6.50% cash due 7/14/2026",,€—,-280,0,(5)(8)(9)(10),,,,,
oscf-0930202210xk,2022-09-30,Non-Control/Non-Affiliate Investments,"ASP Unifrax Holdings, Inc.",Trading Companies & Distributors,"First Lien Term Loan, LIBOR+3.75% cash due 12/12/2025",7.42%,"$4,098","3,951","3,797",-5,,,,,
oscf-0930202210xk,2022-09-30,Non-Control/Non-Affiliate Investments,"ASP Unifrax Holdings, Inc.",Trading Companies & Distributors,"Fixed Rate Bond, 7.50% cash due 9/30/2029",,"1,200","1,158",794,,,,,,
oscf-0930202210xk,2022-09-30,Non-Control/Non-Affiliate Investments,"ASP Unifrax Holdings, Inc.",Trading Companies & Distributors,"Fixed Rate Bond, 5.25% cash due 9/30/2028",,250,222,193,,,,,,
oscf-0930202210xk,2022-09-30,Non-Control/Non-Affiliate Investments,ASP-R-PAC Acquisition Co LLC,Paper Packaging,"First Lien Term Loan, LIBOR+6.00% cash due 12/29/2027",9.67%,"$4,911","$4,825","$4,798",(5)(8)(10),,,,,
oscf-0930202210xk,2022-09-30,Non-Control/Non-Affiliate Investments,ASP-R-PAC Acquisition Co LLC,Paper Packaging,"First Lien Revolver, LIBOR+6.00% cash due 12/29/2027",,—,-10,-14,(5)(8)(9)(10),,,,,
oscf-0930202210xk,2022-09-30,Non-Control/Non-Affiliate Investments,Astra Acquisition Corp.,Application Software,"First Lien Term Loan, LIBOR+5.25% cash due 10/25/2028",8.37%,"4,848","4,577","4,145",-5,,,,,
oscf-0930202210xk,2022-09-30,Non-Control/Non-Affiliate Investments,"Asurion, LLC",Property & Casualty Insurance,"First Lien Term Loan, SOFR+4.00% cash due 8/19/2028",7.65%,"4,000","3,803","3,423",-5,,,,,
oscf-0930202210xk,2022-09-30,Non-Control/Non-Affiliate Investments,"Asurion, LLC",Property & Casualty Insurance,"Second Lien Term Loan, LIBOR+5.25% cash due 1/20/2029",8.37%,"8,500","7,628","6,545",-5,,,,,
oscf-0930202210xk,2022-09-30,Non-Control/Non-Affiliate Investments,athenahealth Group Inc.,Health Care Technology,"5,809 Shares of Series A Preferred Stock in Minerva Holdco, Inc., 10.75%",,,"5,693","5,167",-8,,,,,
oscf-0930202210xk,2022-09-30,Non-Control/Non-Affiliate Investments,Battery Park CLO II Ltd,Multi-Sector Holdings,"Class E Notes, SOFR+8.36% cash due 10/20/2035",12.41%,"1,500","1,326","1,326",(5)(10),,,,,
oscf-0930202210xk,2022-09-30,Non-Control/Non-Affiliate Investments,"BioXcel Therapeutics, Inc.",Pharmaceuticals,"First Lien Term Loan, 10.25% cash due 4/19/2027",,"3,130","3,005","3,007",(8)(10),,,,,
oscf-0930202210xk,2022-09-30,Non-Control/Non-Affiliate Investments,"BioXcel Therapeutics, Inc.",Pharmaceuticals,"First Lien Delayed Draw Term Loan, 10.25% cash due 4/19/2027",,—,0,0,(8)(9)(10),,,,,
oscf-0930202210xk,2022-09-30,Non-Control/Non-Affiliate Investments,"BioXcel Therapeutics, Inc.",Pharmaceuticals,First Lien Revenue Interest Financing Term Loan due 9/30/2032,,"1,384","1,384","1,384",(8)(10),,,,,
oscf-0930202210xk,2022-09-30,Non-Control/Non-Affiliate Investments,"BioXcel Therapeutics, Inc.",Pharmaceuticals,First Lien Revenue Interest Financing Delayed Draw Term Loan due 9/30/2032,,—,0,0,(8)(9)(10),,,,,
oscf-0930202210xk,2022-09-30,Non-Control/Non-Affiliate Investments,"BioXcel Therapeutics, Inc.",Pharmaceuticals,"12,453 Common Stock Warrants (exercise price $20.04) expiration date 4/19/2029",,,74,58,(8)(10),,,,,
oscf-0930202210xk,2022-09-30,Non-Control/Non-Affiliate Investments,"Blackhawk Network Holdings, Inc.",Data Processing & Outsourced Services,"First Lien Term Loan, LIBOR+3.00% cash due 6/15/2025",6.03%,"7,020","6,780","6,581",-5,,,,,
oscf-0930202210xk,2022-09-30,Non-Control/Non-Affiliate Investments,Boxer Parent Company Inc.,Systems Software,"First Lien Term Loan, LIBOR+3.75% cash due 10/2/2025",6.87%,"7,965","7,644","7,570",-5,,,,,
oscf-0930202210xk,2022-09-30,Non-Control/Non-Affiliate Investments,Boxer Parent Company Inc.,Systems Software,"Fixed Rate Bond, 7.125% cash due 10/2/2025",,500,483,491,,,,,,
oscf-0930202210xk,2022-09-30,Non-Control/Non-Affiliate Investments,"BYJU's Alpha, Inc.",Application Software,"First Lien Term Loan, LIBOR+6.00% cash due 11/24/2026",8.98%,"4,975","4,925","3,646",(5)(10),,,,,
oscf-0930202210xk,2022-09-30,Non-Control/Non-Affiliate Investments,Carvana Co.,Automotive Retail,"Fixed Rate Bond, 5.625% cash due 10/1/2025",,800,696,564,-10,,,,,
oscf-0930202210xk,2022-09-30,Non-Control/Non-Affiliate Investments,CCO Holdings LLC,Cable & Satellite,"Fixed Rate Bond, 4.50% cash due 5/1/2032",,"1,281","1,064",979,-10,,,,,
oscf-0930202210xk,2022-09-30,Non-Control/Non-Affiliate Investments,"Cengage Learning, Inc.",Education Services,"First Lien Term Loan, LIBOR+4.75% cash due 7/14/2026",7.81%,"7,592","7,265","6,893",-5,,,,,
oscf-0930202210xk,2022-09-30,Non-Control/Non-Affiliate Investments,CITGO Petroleum Corp.,Oil & Gas Refining & Marketing,"First Lien Term Loan, LIBOR+6.25% cash due 3/28/2024",9.37%,"3,979","3,950","3,990",-5,,,,,
oscf-0930202210xk,2022-09-30,Non-Control/Non-Affiliate Investments,"Clear Channel Outdoor Holdings, Inc.",Advertising,"First Lien Term Loan, LIBOR+3.50% cash due 8/21/2026",6.31%,"$6,969","$6,438","$6,246",(5)(10),,,,,
oscf-0930202210xk,2022-09-30,Non-Control/Non-Affiliate Investments,"Clear Channel Outdoor Holdings, Inc.",Advertising,"Fixed Rate Bond, 5.125% cash due 8/15/2027",,726,627,614,-10,,,,,
oscf-0930202210xk,2022-09-30,Non-Control/Non-Affiliate Investments,"Clear Channel Outdoor Holdings, Inc.",Advertising,"Fixed Rate Bond, 7.75% cash due 4/15/2028",,174,167,132,-10,,,,,
oscf-0930202210xk,2022-09-30,Non-Control/Non-Affiliate Investments,Condor Merger Sub Inc.,Systems Software,"Fixed Rate Bond, 7.375% cash due 2/15/2030",,"4,527","4,502","3,710",,,,,,
oscf-0930202210xk,2022-09-30,Non-Control/Non-Affiliate Investments,"Convergeone Holdings, Inc.",IT Consulting & Other Services,"First Lien Term Loan, LIBOR+5.00% cash due 1/4/2026",8.12%,"4,974","4,534","3,589",-5,,,,,
oscf-0930202210xk,2022-09-30,Non-Control/Non-Affiliate Investments,"Covetrus, Inc.",Health Care Distributors,"First Lien Term Loan, SOFR+5.00% cash due 9/20/2029",7.65%,"7,589","7,134","7,108",-5,,,,,
oscf-0930202210xk,2022-09-30,Non-Control/Non-Affiliate Investments,"Dealer Tire, LLC",Distributors,"First Lien Term Loan, LIBOR+4.25% cash due 12/12/2025",7.37%,"3,985","3,833","3,893",-5,,,,,
oscf-0930202210xk,2022-09-30,Non-Control/Non-Affiliate Investments,Delivery Hero FinCo LLC,Internet & Direct Marketing Retail,"First Lien Term Loan, SOFR+5.75% cash due 8/12/2027",8.49%,"4,988","4,890","4,757",(5)(10),,,,,
oscf-0930202210xk,2022-09-30,Non-Control/Non-Affiliate Investments,Delta Leasing SPV II LLC,Specialized Finance,"Subordinated Delayed Draw Term Loan, 10.00% cash due 8/31/2029",,"3,303","3,303","3,303",(8)(9)(10),,,,,
oscf-0930202210xk,2022-09-30,Non-Control/Non-Affiliate Investments,Delta Leasing SPV II LLC,Specialized Finance,330 Series C Preferred Units in Delta Financial Holdings LLC,,,330,330,(8)(10),,,,,
oscf-0930202210xk,2022-09-30,Non-Control/Non-Affiliate Investments,Delta Leasing SPV II LLC,Specialized Finance,1.65 Common Units in Delta Financial Holdings LLC,,,2,2,(8)(10),,,,,
oscf-0930202210xk,2022-09-30,Non-Control/Non-Affiliate Investments,Delta Leasing SPV II LLC,Specialized Finance,24.77 Common Warrants (exercise price $1.00),,,0,0,(8)(10),,,,,
oscf-0930202210xk,2022-09-30,Non-Control/Non-Affiliate Investments,"DirecTV Financing, LLC",Cable & Satellite,"First Lien Term Loan, LIBOR+5.00% cash due 8/2/2027",8.12%,"7,623","7,321","7,120",-5,,,,,
oscf-0930202210xk,2022-09-30,Non-Control/Non-Affiliate Investments,"DirecTV Financing, LLC",Cable & Satellite,"Fixed Rate Bond, 5.875% cash due 8/15/2027",,750,670,648,,,,,,
oscf-0930202210xk,2022-09-30,Non-Control/Non-Affiliate Investments,Domtar Corp,Paper Products,"First Lien Term Loan, LIBOR+5.50% cash due 11/30/2028",8.26%,"2,977","2,953","2,847",-5,,,,,
oscf-0930202210xk,2022-09-30,Non-Control/Non-Affiliate Investments,"DTI Holdco, Inc.",Research & Consulting Services,"First Lien Term Loan, SOFR+4.75% cash due 4/26/2029",7.33%,"8,000","7,739","7,616",-5,,,,,
oscf-0930202210xk,2022-09-30,Non-Control/Non-Affiliate Investments,Eagle Parent Corp.,Industrial Machinery,"First Lien Term Loan, SOFR+4.25% cash due 4/1/2029",7.80%,"2,985","2,916","2,912",-5,,,,,
oscf-0930202210xk,2022-09-30,Non-Control/Non-Affiliate Investments,Establishment Labs Holdings Inc.,Health Care Technology,"First Lien Term Loan, 3.00% cash 6.00% PIK due 4/21/2027",,"10,403","10,260","10,216",(8)(10),,,,,
oscf-0930202210xk,2022-09-30,Non-Control/Non-Affiliate Investments,Establishment Labs Holdings Inc.,Health Care Technology,"First Lien Delayed Draw Term Loan, 3.00% cash 6.00% PIK due 4/21/2027",,—,3,0,(8)(9)(10),,,,,
oscf-0930202210xk,2022-09-30,Non-Control/Non-Affiliate Investments,"Frontier Communications Holdings, LLC",Integrated Telecommunication Services,"First Lien Term Loan, LIBOR+3.75% cash due 10/8/2027",7.44%,"1,995","1,953","1,864",(5)(10),,,,,
oscf-0930202210xk,2022-09-30,Non-Control/Non-Affiliate Investments,"Frontier Communications Holdings, LLC",Integrated Telecommunication Services,"Fixed Rate Bond, 6.00% cash due 1/15/2030",,"4,017","3,493","3,164",-10,,,,,
oscf-0930202210xk,2022-09-30,Non-Control/Non-Affiliate Investments,"Gibson Brands, Inc.",Leisure Products,"First Lien Term Loan, LIBOR+5.00% cash due 8/11/2028",7.94%,"4,967","4,793","4,024",(5)(8),,,,,
oscf-0930202210xk,2022-09-30,Non-Control/Non-Affiliate Investments,"Grove Hotel Parcel Owner, LLC","Hotels, Resorts & Cruise Lines","First Lien Term Loan, SOFR+8.00% cash due 6/21/2027",11.04%,"$17,684","$17,350","$17,374",(5)(8),,,,,
oscf-0930202210xk,2022-09-30,Non-Control/Non-Affiliate Investments,"Grove Hotel Parcel Owner, LLC","Hotels, Resorts & Cruise Lines","First Lien Delayed Draw Term Loan, SOFR+8.00% cash due 6/21/2027",,—,-67,-62,(5)(8)(9),,,,,
oscf-0930202210xk,2022-09-30,Non-Control/Non-Affiliate Investments,"Grove Hotel Parcel Owner, LLC","Hotels, Resorts & Cruise Lines","First Lien Revolver, SOFR+8.00% cash due 6/21/2027",,—,-33,-31,(5)(8)(9),,,,,
oscf-0930202210xk,2022-09-30,Non-Control/Non-Affiliate Investments,Harbor Purchaser Inc.,Education Services,"First Lien Term Loan, SOFR+5.25% cash due 4/9/2029",8.38%,"8,550","8,197","7,813",-5,,,,,
oscf-0930202210xk,2022-09-30,Non-Control/Non-Affiliate Investments,"iCIMs, Inc.",Application Software,"First Lien Term Loan, SOFR+6.75% cash due 8/18/2028",9.49%,"15,164","14,904","14,899",(5)(8),,,,,
oscf-0930202210xk,2022-09-30,Non-Control/Non-Affiliate Investments,"iCIMs, Inc.",Application Software,"First Lien Delayed Draw Term Loan, SOFR+6.75% cash due 8/18/2028",,—,0,0,(5)(8)(9),,,,,
oscf-0930202210xk,2022-09-30,Non-Control/Non-Affiliate Investments,"iCIMs, Inc.",Application Software,"First Lien Revolver, SOFR+6.75% cash due 8/18/2028",,—,-25,-25,(5)(8)(9),,,,,
oscf-0930202210xk,2022-09-30,Non-Control/Non-Affiliate Investments,"Impel Neuropharma, Inc.",Health Care Technology,First Lien Revenue Interest Financing Term Loan due 2/15/2031,,"5,129","5,129","5,129",-8,,,,,
oscf-0930202210xk,2022-09-30,Non-Control/Non-Affiliate Investments,"Impel Neuropharma, Inc.",Health Care Technology,"First Lien Term Loan, SOFR+8.75% cash due 3/17/2027",12.45%,"4,768","4,682","4,682",(5)(8),,,,,
oscf-0930202210xk,2022-09-30,Non-Control/Non-Affiliate Investments,Innocoll Pharmaceuticals Limited,Health Care Technology,"First Lien Term Loan, 11.00% cash due 1/26/2027",,"4,316","4,149","4,057",(8)(10),,,,,
oscf-0930202210xk,2022-09-30,Non-Control/Non-Affiliate Investments,Innocoll Pharmaceuticals Limited,Health Care Technology,"First Lien Delayed Draw Term Loan, 11.00% cash due 1/26/2027",,—,0,0,(8)(9)(10),,,,,
oscf-0930202210xk,2022-09-30,Non-Control/Non-Affiliate Investments,Innocoll Pharmaceuticals Limited,Health Care Technology,"36,087 Tranche A Warrant Shares (exercise price $4.23) expiration date 1/26/2029",,,85,385,(8)(10),,,,,
oscf-0930202210xk,2022-09-30,Non-Control/Non-Affiliate Investments,"Iris Holding, Inc.",Metal & Glass Containers,"First Lien Term Loan, SOFR+4.75% cash due 6/28/2028",7.89%,"8,000","7,478","7,376",(5)(10),,,,,
oscf-0930202210xk,2022-09-30,Non-Control/Non-Affiliate Investments,Jamestown CLO XII Ltd.,Multi-Sector Holdings,"Class D Notes, LIBOR+7.00% cash due 4/20/2032",9.71%,500,389,410,(5)(10),,,,,
oscf-0930202210xk,2022-09-30,Non-Control/Non-Affiliate Investments,"Kings Buyer, LLC",Environmental & Facilities Services,"First Lien Term Loan, LIBOR+6.50% cash due 10/29/2027",10.17%,"4,852","4,803","4,755",(5)(8),,,,,
oscf-0930202210xk,2022-09-30,Non-Control/Non-Affiliate Investments,"Kings Buyer, LLC",Environmental & Facilities Services,"First Lien Revolver, LIBOR+6.50% cash due 10/29/2027",10.17%,117,111,104,(5)(8)(9),,,,,
oscf-0930202210xk,2022-09-30,Non-Control/Non-Affiliate Investments,"KKR Apple Bidco, LLC",Airport Services,"First Lien Term Loan, SOFR+4.00% cash due 9/22/2028",7.06%,"3,000","2,970","2,949",-5,,,,,
oscf-0930202210xk,2022-09-30,Non-Control/Non-Affiliate Investments,LABL Inc,Office Services & Supplies,"First Lien Term Loan, LIBOR+5.00% cash due 10/29/2028",8.12%,"8,786","8,366","7,971",-5,,,,,
oscf-0930202210xk,2022-09-30,Non-Control/Non-Affiliate Investments,"LSL Holdco, LLC",Health Care Distributors,"First Lien Term Loan, LIBOR+6.00% cash due 1/31/2028",9.12%,"9,134","8,972","8,883",(5)(8),,,,,
oscf-0930202210xk,2022-09-30,Non-Control/Non-Affiliate Investments,"LSL Holdco, LLC",Health Care Distributors,"First Lien Revolver, LIBOR+6.00% cash due 1/31/2028",9.12%,812,794,784,(5)(8)(9),,,,,
oscf-0930202210xk,2022-09-30,Non-Control/Non-Affiliate Investments,"LTI Holdings, Inc.",Electronic Components,"First Lien Term Loan, LIBOR+3.25% cash due 9/6/2025",6.37%,"6,964","6,650","6,462",-5,,,,,
oscf-0930202210xk,2022-09-30,Non-Control/Non-Affiliate Investments,McAfee Corp.,Systems Software,"First Lien Term Loan, SOFR+3.75% cash due 3/1/2029",6.36%,"6,983","6,561","6,388",-5,,,,,
oscf-0930202210xk,2022-09-30,Non-Control/Non-Affiliate Investments,"Mesoblast, Inc.",Biotechnology,"First Lien Term Loan, 8.00% cash 1.75% PIK due 11/19/2026",,"$2,284","$2,105","$2,039",(8)(10),,,,,
oscf-0930202210xk,2022-09-30,Non-Control/Non-Affiliate Investments,"Mesoblast, Inc.",Biotechnology,"First Lien Delayed Draw Term Loan, 8.00% cash 1.75% PIK due 11/19/2026",,—,0,0,(8)(9)(10),,,,,
oscf-0930202210xk,2022-09-30,Non-Control/Non-Affiliate Investments,"Mesoblast, Inc.",Biotechnology,"66,347 Warrant Shares (exercise price $7.26) expiration date 11/19/2028",,,152,54,(8)(10),,,,,
oscf-0930202210xk,2022-09-30,Non-Control/Non-Affiliate Investments,"MHE Intermediate Holdings, LLC",Diversified Support Services,"First Lien Term Loan, SOFR+6.25% cash due 7/21/2027",9.75%,"8,197","8,006","7,911",(5)(8),,,,,
oscf-0930202210xk,2022-09-30,Non-Control/Non-Affiliate Investments,"Mitchell International, Inc.",Application Software,"Second Lien Term Loan, LIBOR+6.50% cash due 10/15/2029",9.57%,"4,000","3,786","3,690",-5,,,,,
oscf-0930202210xk,2022-09-30,Non-Control/Non-Affiliate Investments,MRI Software LLC,Application Software,"First Lien Term Loan, LIBOR+5.50% cash due 2/10/2026",9.17%,"4,149","4,076","4,033",(5)(8),,,,,
oscf-0930202210xk,2022-09-30,Non-Control/Non-Affiliate Investments,MRI Software LLC,Application Software,"First Lien Delayed Draw Term Loan, LIBOR+5.50% cash due 2/10/2026",,—,-13,-134,(5)(8)(9),,,,,
oscf-0930202210xk,2022-09-30,Non-Control/Non-Affiliate Investments,NFP Corp.,Other Diversified Financial Services,Fixed Rate Bond 6.875% cash due 8/15/2028,,"2,284","2,155","1,785",,,,,,
oscf-0930202210xk,2022-09-30,Non-Control/Non-Affiliate Investments,Nidda BondCo GmbH,Health Care Services,"Fixed Rate Bond, 3.50% cash due 9/30/2024",,€500,462,446,-10,,,,,
oscf-0930202210xk,2022-09-30,Non-Control/Non-Affiliate Investments,OEConnection LLC,Application Software,"Second Lien Term Loan, LIBOR+7.00% cash due 9/25/2027",10.05%,"$5,355","5,263","5,154",(5)(8),,,,,
oscf-0930202210xk,2022-09-30,Non-Control/Non-Affiliate Investments,"OFSI BSL CLO XI, Ltd.",Multi-Sector Holdings,"Class E Notes, SOFR+7.60% cash due 7/18/2031",9.12%,"2,500","2,156","2,265",(5)(10),,,,,
oscf-0930202210xk,2022-09-30,Non-Control/Non-Affiliate Investments,"Park Place Technologies, LLC",Internet Services & Infrastructure,"First Lien Term Loan, SOFR+5.00% cash due 11/10/2027",8.13%,"1,995","1,936","1,899",-5,,,,,
oscf-0930202210xk,2022-09-30,Non-Control/Non-Affiliate Investments,"Peloton Interactive, Inc.",Leisure Products,"First Lien Term Loan, SOFR+6.50% cash due 5/25/2027",8.35%,"7,980","7,674","7,813",(5)(10),,,,,
oscf-0930202210xk,2022-09-30,Non-Control/Non-Affiliate Investments,PetSmart LLC,Specialty Stores,"First Lien Term Loan, LIBOR+3.75% cash due 2/11/2028",6.87%,"1,995","1,875","1,895",-5,,,,,
oscf-0930202210xk,2022-09-30,Non-Control/Non-Affiliate Investments,"PFNY Holdings, LLC",Leisure Facilities,"First Lien Term Loan, LIBOR+7.00% cash due 12/31/2026",9.28%,"8,279","8,139","8,196",(5)(8),,,,,
oscf-0930202210xk,2022-09-30,Non-Control/Non-Affiliate Investments,"PFNY Holdings, LLC",Leisure Facilities,"First Lien Delayed Draw Term Loan, LIBOR+7.00% cash due 12/31/2026",9.25%,705,692,697,(5)(8)(9),,,,,
oscf-0930202210xk,2022-09-30,Non-Control/Non-Affiliate Investments,"PFNY Holdings, LLC",Leisure Facilities,"First Lien Revolver, LIBOR+7.00% cash due 12/31/2026",,—,-7,-4,(5)(8)(9),,,,,
oscf-0930202210xk,2022-09-30,Non-Control/Non-Affiliate Investments,"Profrac Holdings II, LLC",Industrial Machinery,"First Lien Term Loan, SOFR+8.50% cash due 3/4/2025",10.01%,"6,387","6,235","6,259",(5)(8),,,,,
oscf-0930202210xk,2022-09-30,Non-Control/Non-Affiliate Investments,Radiology Partners Inc.,Health Care Distributors,"First Lien Term Loan, LIBOR+4.25% cash due 7/9/2025",7.33%,"6,253","5,873","5,297",-5,,,,,
oscf-0930202210xk,2022-09-30,Non-Control/Non-Affiliate Investments,Radiology Partners Inc.,Health Care Distributors,"Fixed Rate Bond, 9.25% cash due 2/1/2028",,"1,950","1,938","1,275",,,,,,
oscf-0930202210xk,2022-09-30,Non-Control/Non-Affiliate Investments,Renaissance Holding Corp.,Diversified Banks,"First Lien Term Loan, LIBOR+3.25% cash due 5/30/2025",6.37%,"$2,238","$2,134","$2,135",-5,,,,,
oscf-0930202210xk,2022-09-30,Non-Control/Non-Affiliate Investments,RP Escrow Issuer LLC,Health Care Distributors,"Fixed Rate Bond, 5.25% cash due 12/15/2025",,333,306,276,,,,,,
oscf-0930202210xk,2022-09-30,Non-Control/Non-Affiliate Investments,"SM Wellness Holdings, Inc.",Health Care Services,"First Lien Term Loan, LIBOR+4.75% cash due 4/17/2028",7.49%,"6,430","6,223","6,108",(5)(8),,,,,
oscf-0930202210xk,2022-09-30,Non-Control/Non-Affiliate Investments,"Southern Veterinary Partners, LLC",Health Care Facilities,"First Lien Term Loan, LIBOR+4.00% cash due 10/5/2027",7.12%,"3,242","3,096","3,076",-5,,,,,
oscf-0930202210xk,2022-09-30,Non-Control/Non-Affiliate Investments,"SPX Flow, Inc.",Industrial Machinery,"First Lien Term Loan, SOFR+4.50% cash due 4/5/2029",7.63%,"9,500","9,105","8,823",-5,,,,,
oscf-0930202210xk,2022-09-30,Non-Control/Non-Affiliate Investments,"Surgery Center Holdings, Inc.",Health Care Facilities,"First Lien Term Loan, LIBOR+3.75% cash due 8/31/2026",6.51%,"6,977","6,724","6,639",-5,,,,,
oscf-0930202210xk,2022-09-30,Non-Control/Non-Affiliate Investments,"Tacala, LLC",Restaurants,"Second Lien Term Loan, LIBOR+7.50% cash due 2/4/2028",10.62%,"7,310","7,090","6,725",-5,,,,,
oscf-0930202210xk,2022-09-30,Non-Control/Non-Affiliate Investments,TIBCO Software Inc.,Application Software,"First Lien Term Loan, SOFR+4.50% cash due 3/20/2029",8.15%,"8,834","8,039","7,949",-5,,,,,
oscf-0930202210xk,2022-09-30,Non-Control/Non-Affiliate Investments,"Touchstone Acquisition, Inc.",Health Care Supplies,"First Lien Term Loan, LIBOR+6.00% cash due 12/29/2028",9.12%,"8,571","8,417","8,400",(5)(8),,,,,
oscf-0930202210xk,2022-09-30,Non-Control/Non-Affiliate Investments,Uniti Group LP,Specialized REITs,"Fixed Rate Bond, 6.50% cash due 2/15/2029",,"1,750","1,613","1,177",-10,,,,,
oscf-0930202210xk,2022-09-30,Non-Control/Non-Affiliate Investments,Uniti Group LP,Specialized REITs,"Fixed Rate Bond, 4.75% cash due 4/15/2028",,"2,200","1,899","1,743",-10,,,,,
oscf-0930202210xk,2022-09-30,Non-Control/Non-Affiliate Investments,Vertiv Group Corporation,Electrical Components & Equipment,"Fixed Rate Bond, 4.125% cash due 11/15/2028",,"1,500","1,258","1,210",-10,,,,,
oscf-0930202210xk,2022-09-30,Non-Control/Non-Affiliate Investments,"Wellfleet CLO 2022-2, Ltd.",Multi-Sector Holdings,"Class E Notes, SOFR+8.56% cash due 10/18/2035",12.17%,"1,500","1,440","1,440",(5)(10),,,,,
oscf-0930202210xk,2022-09-30,Non-Control/Non-Affiliate Investments,"WP CPP Holdings, LLC",Aerospace & Defense,"First Lien Term Loan, LIBOR+3.75% cash due 4/30/2025",6.56%,"5,730","5,388","5,147",-5,,,,,
oscf-0930202210xk,2022-09-30,Non-Control/Non-Affiliate Investments,"WWEX Uni Topco Holdings, LLC",Air Freight & Logistics,"First Lien Term Loan, LIBOR+4.00% cash due 7/26/2028",7.67%,"6,965","6,585","6,363",-5,,,,,
oscf-0930202210xk,2022-09-30,Non-Control/Non-Affiliate Investments,"Zayo Group Holdings, Inc.",Alternative Carriers,"First Lien Term Loan, LIBOR+3.00% cash due 3/9/2027",6.12%,"7,000","6,467","5,882",-5,,,,,
oscf-0930202210xk,2022-09-30,Non-Control/Non-Affiliate Investments,"Zayo Group Holdings, Inc.",Alternative Carriers,"Fixed Rate Bond, 4.00% cash due 3/1/2027",,"1,700","1,427","1,368",,,,,,
oscf-1231202210xq,2022-12-31,Non-Control/Non-Affiliate Investments,107 Fair Street LLC,Real Estate Development,"First Lien Delayed Draw Term Loan, 12.50% cash due 5/17/2024",,$953,$902,$900,(8)(9)(11),,,,,
oscf-1231202210xq,2022-12-31,Non-Control/Non-Affiliate Investments,112-126 Van Houten Real22 LLC,Real Estate Development,"First Lien Delayed Draw Term Loan, 12.00% cash due 5/4/2024",,"2,616","2,558","2,551",(8)(9)(11),,,,,
oscf-1231202210xq,2022-12-31,Non-Control/Non-Affiliate Investments,"Access CIG, LLC",Diversified Support Services,"First Lien Term Loan, LIBOR+3.75% cash due 2/27/2025",7.82%,"5,968","5,818","5,859",-5,,,,,
oscf-1231202210xq,2022-12-31,Non-Control/Non-Affiliate Investments,"Access CIG, LLC",Diversified Support Services,"Second Lien Term Loan, LIBOR+7.75% cash due 2/27/2026",11.82%,"4,000","3,983","3,560",(5)(8),,,,,
oscf-1231202210xq,2022-12-31,Non-Control/Non-Affiliate Investments,ADC Therapeutics SA,Biotechnology,"First Lien Term Loan, SOFR+7.50% cash due 8/15/2029",12.23%,"10,406","9,900","9,909",(5)(8)(10),,,,,
oscf-1231202210xq,2022-12-31,Non-Control/Non-Affiliate Investments,ADC Therapeutics SA,Biotechnology,"First Lien Delayed Draw Term Loan, SOFR+7.50% cash due 8/15/2029",,—,-60,-55,(5)(8)(9)(10),,,,,
oscf-1231202210xq,2022-12-31,Non-Control/Non-Affiliate Investments,ADC Therapeutics SA,Biotechnology,"45,727 Common Stock Warrants (exercise price $8.297) expiration 8/15/2032",,,275,80,(8)(10),,,,,
oscf-1231202210xq,2022-12-31,Non-Control/Non-Affiliate Investments,AI Sirona (Luxembourg) Acquisition S.a.r.l.,Pharmaceuticals,"First Lien Term Loan, EURIBOR+3.25% cash due 9/29/2025",5.15%,"€4,100","3,647","4,223",(5)(10),,,,,
oscf-1231202210xq,2022-12-31,Non-Control/Non-Affiliate Investments,AIP RD Buyer Corp.,Distributors,"Second Lien Term Loan, SOFR+7.75% cash due 12/23/2029",12.17%,"$4,563","4,483","4,419",(5)(8),,,,,
oscf-1231202210xq,2022-12-31,Non-Control/Non-Affiliate Investments,AIP RD Buyer Corp.,Distributors,"4,560 Common Units in RD Holding LP",,,428,483,-8,,,,,
oscf-1231202210xq,2022-12-31,Non-Control/Non-Affiliate Investments,Altice France S.A.,Integrated Telecommunication Services,"First Lien Term Loan, LIBOR+4.00% cash due 8/14/2026",8.65%,"1,990","1,906","1,856",(5)(10),,,,,
oscf-1231202210xq,2022-12-31,Non-Control/Non-Affiliate Investments,Altice France S.A.,Integrated Telecommunication Services,"Fixed Rate Bond, 5.50% cash due 10/15/2029",,"3,200","2,700","2,446",-10,,,,,
oscf-1231202210xq,2022-12-31,Non-Control/Non-Affiliate Investments,"Alto Pharmacy Holdings, Inc.",Health Care Technology,"First Lien Term Loan, SOFR+8.00% cash 3.50% PIK due 10/14/2027",12.68%,"12,687","11,606","11,645",(5)(8),,,,,
oscf-1231202210xq,2022-12-31,Non-Control/Non-Affiliate Investments,"Alto Pharmacy Holdings, Inc.",Health Care Technology,"244,370 Common Stock Warrants (exercise price $15.46) expiration date 10/14/2032",,,943,924,-8,,,,,
oscf-1231202210xq,2022-12-31,Non-Control/Non-Affiliate Investments,"American Auto Auction Group, LLC",Consumer Finance,"Second Lien Term Loan, SOFR+8.75% cash due 1/2/2029",13.33%,"6,901","6,781","5,348",(5)(8),,,,,
oscf-1231202210xq,2022-12-31,Non-Control/Non-Affiliate Investments,American Rock Salt Company LLC,Diversified Metals & Mining,"First Lien Term Loan, LIBOR+4.00% cash due 6/9/2028",8.38%,"9,965","9,383","9,404",-5,,,,,
oscf-1231202210xq,2022-12-31,Non-Control/Non-Affiliate Investments,"American Tire Distributors, Inc.",Distributors,"First Lien Term Loan, LIBOR+6.25% cash due 10/20/2028",10.61%,"3,970","3,950","3,652",-5,,,,,
oscf-1231202210xq,2022-12-31,Non-Control/Non-Affiliate Investments,AMMC CLO 27 Ltd.,Multi-Sector Holdings,"Class E Notes, SOFR+8.89% cash due 1/20/2036",13.49%,"1,000",895,917,(5)(10),,,,,
oscf-1231202210xq,2022-12-31,Non-Control/Non-Affiliate Investments,"Anastasia Parent, LLC",Personal Products,"First Lien Term Loan, LIBOR+3.75% cash due 8/11/2025",8.48%,"6,894","5,787","5,161",-5,,,,,
oscf-1231202210xq,2022-12-31,Non-Control/Non-Affiliate Investments,APX Group Inc.,Electrical Components & Equipment,"Fixed Rate Bond, 5.75% cash due 7/15/2029",,$275,$231,$228,-10,,,,,
oscf-1231202210xq,2022-12-31,Non-Control/Non-Affiliate Investments,Ardonagh Midco 3 PLC,Insurance Brokers,"First Lien Delayed Draw Term Loan, EURIBOR+6.50% cash due 7/14/2026",8.23%,"€9,600","9,568","9,959",(5)(8)(10),,,,,
oscf-1231202210xq,2022-12-31,Non-Control/Non-Affiliate Investments,"ASP Unifrax Holdings, Inc.",Trading Companies & Distributors,"First Lien Term Loan, LIBOR+3.75% cash due 12/12/2025",8.48%,"$4,088","3,953","3,647",-5,,,,,
oscf-1231202210xq,2022-12-31,Non-Control/Non-Affiliate Investments,ASP-R-PAC Acquisition Co LLC,Paper Packaging,"First Lien Term Loan, LIBOR+6.00% cash due 12/29/2027",10.38%,"4,899","4,817","4,718",(5)(8)(10),,,,,
oscf-1231202210xq,2022-12-31,Non-Control/Non-Affiliate Investments,ASP-R-PAC Acquisition Co LLC,Paper Packaging,"First Lien Revolver, LIBOR+6.00% cash due 12/29/2027",,—,-10,-22,(5)(8)(9)(10),,,,,
oscf-1231202210xq,2022-12-31,Non-Control/Non-Affiliate Investments,Astra Acquisition Corp.,Application Software,"First Lien Term Loan, LIBOR+5.25% cash due 10/25/2028",9.63%,"4,848","4,588","4,303",-5,,,,,
oscf-1231202210xq,2022-12-31,Non-Control/Non-Affiliate Investments,"Asurion, LLC",Property & Casualty Insurance,"First Lien Term Loan, LIBOR+3.25% cash due 12/23/2026",7.63%,"2,992","2,669","2,675",-5,,,,,
oscf-1231202210xq,2022-12-31,Non-Control/Non-Affiliate Investments,"Asurion, LLC",Property & Casualty Insurance,"First Lien Term Loan, SOFR+4.00% cash due 8/19/2028",8.68%,"3,990","3,802","3,570",-5,,,,,
oscf-1231202210xq,2022-12-31,Non-Control/Non-Affiliate Investments,"Asurion, LLC",Property & Casualty Insurance,"Second Lien Term Loan, LIBOR+5.25% cash due 1/20/2029",9.63%,"8,500","7,661","6,657",-5,,,,,
oscf-1231202210xq,2022-12-31,Non-Control/Non-Affiliate Investments,athenahealth Group Inc.,Health Care Technology,"First Lien Term Loan, SOFR+3.50% cash due 2/15/2029",7.82%,"8,100","7,414","7,333",-5,,,,,
oscf-1231202210xq,2022-12-31,Non-Control/Non-Affiliate Investments,athenahealth Group Inc.,Health Care Technology,"First Lien Delayed Draw Term Loan, SOFR+3.50% cash due 2/15/2029",,—,-88,-98,(5)(9),,,,,
oscf-1231202210xq,2022-12-31,Non-Control/Non-Affiliate Investments,athenahealth Group Inc.,Health Care Technology,"5,809 Shares of Series A Preferred Stock in Minerva Holdco, Inc., 10.75%",,,"5,693","4,865",-8,,,,,
oscf-1231202210xq,2022-12-31,Non-Control/Non-Affiliate Investments,"Avalara, Inc.",Application Software,"First Lien Term Loan, SOFR+7.25% cash due 10/19/2028",11.83%,"19,029","18,570","18,553",(5)(8),,,,,
oscf-1231202210xq,2022-12-31,Non-Control/Non-Affiliate Investments,"Avalara, Inc.",Application Software,"First Lien Revolver, SOFR+7.25% cash due 10/19/2028",,—,-46,-48,(5)(8)(9),,,,,
oscf-1231202210xq,2022-12-31,Non-Control/Non-Affiliate Investments,Barings Euro CLO 2022-1 DAC,Multi-Sector Holdings,"Class E notes, EURIBOR+8.03% cash due 10/28/2034",9.93%,"€1,067",871,965,(5)(10),,,,,
oscf-1231202210xq,2022-12-31,Non-Control/Non-Affiliate Investments,Battery Park CLO II Ltd,Multi-Sector Holdings,"Class E Notes, SOFR+8.36% cash due 10/20/2035",12.54%,"$1,500","1,328","1,428",(5)(10),,,,,
oscf-1231202210xq,2022-12-31,Non-Control/Non-Affiliate Investments,"BioXcel Therapeutics, Inc.",Pharmaceuticals,"First Lien Term Loan, 8.00% cash 2.25% PIK due 4/19/2027",,"3,166","3,048","2,957",(8)(10),,,,,
oscf-1231202210xq,2022-12-31,Non-Control/Non-Affiliate Investments,"BioXcel Therapeutics, Inc.",Pharmaceuticals,"First Lien Delayed Draw Term Loan, 8.00% cash 2.25% PIK due 4/19/2027",,—,0,0,(8)(9)(10),,,,,
oscf-1231202210xq,2022-12-31,Non-Control/Non-Affiliate Investments,"BioXcel Therapeutics, Inc.",Pharmaceuticals,First Lien Revenue Interest Financing Term Loan due 9/30/2032,,"1,430","1,430","1,430",(8)(10),,,,,
oscf-1231202210xq,2022-12-31,Non-Control/Non-Affiliate Investments,"BioXcel Therapeutics, Inc.",Pharmaceuticals,First Lien Revenue Interest Financing Delayed Draw Term Loan due 9/30/2032,,—,0,0,(8)(9)(10),,,,,
oscf-1231202210xq,2022-12-31,Non-Control/Non-Affiliate Investments,"BioXcel Therapeutics, Inc.",Pharmaceuticals,"12,453 Common Stock Warrants (exercise price $20.04) expiration date 4/19/2029",,,74,162,(8)(10),,,,,
oscf-1231202210xq,2022-12-31,Non-Control/Non-Affiliate Investments,"Blackhawk Network Holdings, Inc.",Data Processing & Outsourced Services,"First Lien Term Loan, LIBOR+3.00% cash due 6/15/2025",7.08%,"7,001","6,785","6,841",-5,,,,,
oscf-1231202210xq,2022-12-31,Non-Control/Non-Affiliate Investments,Boxer Parent Company Inc.,Systems Software,"First Lien Term Loan, LIBOR+3.75% cash due 10/2/2025",8.13%,"9,936","9,594","9,536",-5,,,,,
oscf-1231202210xq,2022-12-31,Non-Control/Non-Affiliate Investments,"BYJU's Alpha, Inc.",Application Software,"First Lien Term Loan, LIBOR+6.00% cash due 11/24/2026",10.70%,"$4,962","$4,913","$4,002",(5)(10),,,,,
oscf-1231202210xq,2022-12-31,Non-Control/Non-Affiliate Investments,CCO Holdings LLC,Cable & Satellite,"Fixed Rate Bond, 4.50% cash due 5/1/2032",,"4,281","3,489","3,416",-10,,,,,
oscf-1231202210xq,2022-12-31,Non-Control/Non-Affiliate Investments,"Cengage Learning, Inc.",Education Services,"First Lien Term Loan, LIBOR+4.75% cash due 7/14/2026",7.81%,"10,565","10,034","9,527",-5,,,,,
oscf-1231202210xq,2022-12-31,Non-Control/Non-Affiliate Investments,"Clear Channel Outdoor Holdings, Inc.",Advertising,"First Lien Term Loan, LIBOR+3.50% cash due 8/21/2026",7.91%,"6,951","6,456","6,347",(5)(10),,,,,
oscf-1231202210xq,2022-12-31,Non-Control/Non-Affiliate Investments,"Clear Channel Outdoor Holdings, Inc.",Advertising,"Fixed Rate Bond, 5.125% cash due 8/15/2027",,726,632,631,-10,,,,,
oscf-1231202210xq,2022-12-31,Non-Control/Non-Affiliate Investments,"Clear Channel Outdoor Holdings, Inc.",Advertising,"Fixed Rate Bond, 7.75% cash due 4/15/2028",,174,167,127,-10,,,,,
oscf-1231202210xq,2022-12-31,Non-Control/Non-Affiliate Investments,Condor Merger Sub Inc.,Systems Software,"Fixed Rate Bond, 7.375% cash due 2/15/2030",,"4,527","4,503","3,648",,,,,,
oscf-1231202210xq,2022-12-31,Non-Control/Non-Affiliate Investments,"Convergeone Holdings, Inc.",IT Consulting & Other Services,"First Lien Term Loan, LIBOR+5.00% cash due 1/4/2026",9.38%,"4,961","4,557","2,907",-5,,,,,
oscf-1231202210xq,2022-12-31,Non-Control/Non-Affiliate Investments,"Covetrus, Inc.",Health Care Distributors,"First Lien Term Loan, SOFR+5.00% cash due 9/20/2029",9.58%,"9,589","9,071","9,009",-5,,,,,
oscf-1231202210xq,2022-12-31,Non-Control/Non-Affiliate Investments,Cuppa Bidco BV,Soft Drinks,"First Lien Term Loan, EURIBOR+4.75% cash due 7/30/2029",7.50%,"€10,940","9,340","9,749",(5)(10),,,,,
oscf-1231202210xq,2022-12-31,Non-Control/Non-Affiliate Investments,Curium Bidco S.à.r.l.,Biotechnology,"First Lien Term Loan, LIBOR+4.00% cash due 7/9/2026",8.73%,"$1,995","1,950","1,955",(5)(10),,,,,
oscf-1231202210xq,2022-12-31,Non-Control/Non-Affiliate Investments,Curium Bidco S.à.r.l.,Biotechnology,"First Lien Term Loan, LIBOR+4.25% cash due 12/2/2027",8.98%,997,978,975,(5)(10),,,,,
oscf-1231202210xq,2022-12-31,Non-Control/Non-Affiliate Investments,Delta Leasing SPV II LLC,Specialized Finance,"Subordinated Delayed Draw Term Loan, 10.00% cash due 8/31/2029",,"6,606","6,606","6,606",(8)(9)(10),,,,,
oscf-1231202210xq,2022-12-31,Non-Control/Non-Affiliate Investments,Delta Leasing SPV II LLC,Specialized Finance,330 Series C Preferred Units in Delta Financial Holdings LLC,,,330,330,(8)(10),,,,,
oscf-1231202210xq,2022-12-31,Non-Control/Non-Affiliate Investments,Delta Leasing SPV II LLC,Specialized Finance,1.65 Common Units in Delta Financial Holdings LLC,,,2,2,(8)(10),,,,,
oscf-1231202210xq,2022-12-31,Non-Control/Non-Affiliate Investments,Delta Leasing SPV II LLC,Specialized Finance,24.77 Common Warrants (exercise price $1.00),,,0,0,(8)(10),,,,,
oscf-1231202210xq,2022-12-31,Non-Control/Non-Affiliate Investments,"Delta Topco, Inc.",Systems Software,"First Lien Term Loan, LIBOR+3.75% cash due 12/1/2027",8.15%,"2,000","1,890","1,854",-5,,,,,
oscf-1231202210xq,2022-12-31,Non-Control/Non-Affiliate Investments,"DirecTV Financing, LLC",Cable & Satellite,"First Lien Term Loan, LIBOR+5.00% cash due 8/2/2027",9.38%,"7,435","7,155","7,254",-5,,,,,
oscf-1231202210xq,2022-12-31,Non-Control/Non-Affiliate Investments,"DirecTV Financing, LLC",Cable & Satellite,"Fixed Rate Bond, 5.875% cash due 8/15/2027",,750,674,672,,,,,,
oscf-1231202210xq,2022-12-31,Non-Control/Non-Affiliate Investments,Domtar Corp,Paper Products,"First Lien Term Loan, LIBOR+5.50% cash due 11/30/2028",9.79%,"2,970","2,945","2,851",-5,,,,,
oscf-1231202210xq,2022-12-31,Non-Control/Non-Affiliate Investments,Dryden 66 Euro CLO 2018 DAC,Multi-Sector Holdings,"Class DR notes, EURIBOR+3.35% cash due 1/18/2032",4.75%,"€1,601","1,335","1,389",(5)(10),,,,,
oscf-1231202210xq,2022-12-31,Non-Control/Non-Affiliate Investments,"DTI Holdco, Inc.",Research & Consulting Services,"First Lien Term Loan, SOFR+4.75% cash due 4/26/2029",8.84%,"$9,232","8,891","8,528",-5,,,,,
oscf-1231202210xq,2022-12-31,Non-Control/Non-Affiliate Investments,Dukes Root Control Inc.,Environmental & Facilities Services,"First Lien Term Loan, SOFR+6.50% cash due 12/8/2028",10.83%,"$11,893","$11,629","$11,632",(5)(8),,,,,
oscf-1231202210xq,2022-12-31,Non-Control/Non-Affiliate Investments,Dukes Root Control Inc.,Environmental & Facilities Services,"First Lien Delayed Draw Term Loan, SOFR+6.50% cash due 12/8/2028",,—,-33,-64,(5)(8)(9),,,,,
oscf-1231202210xq,2022-12-31,Non-Control/Non-Affiliate Investments,Dukes Root Control Inc.,Environmental & Facilities Services,"First Lien Revolver, SOFR+6.50% cash due 12/8/2028",10.83%,116,84,84,(5)(8)(9),,,,,
oscf-1231202210xq,2022-12-31,Non-Control/Non-Affiliate Investments,"eResearch Technology, Inc.",Application Software,"First Lien Term Loan, LIBOR+4.50% cash due 2/4/2027",8.88%,"6,483","5,978","5,740",-5,,,,,
oscf-1231202210xq,2022-12-31,Non-Control/Non-Affiliate Investments,Establishment Labs Holdings Inc.,Health Care Technology,"First Lien Term Loan, 3.00% cash 6.00% PIK due 4/21/2027",,"10,561","10,426","10,085",(8)(10),,,,,
oscf-1231202210xq,2022-12-31,Non-Control/Non-Affiliate Investments,Establishment Labs Holdings Inc.,Health Care Technology,"First Lien Delayed Draw Term Loan, 3.00% cash 6.00% PIK due 4/21/2027",,"1,691","1,664","1,691",(8)(9)(10),,,,,
oscf-1231202210xq,2022-12-31,Non-Control/Non-Affiliate Investments,"Frontier Communications Holdings, LLC",Integrated Telecommunication Services,"First Lien Term Loan, LIBOR+3.75% cash due 10/8/2027",8.50%,"4,982","4,823","4,771",(5)(10),,,,,
oscf-1231202210xq,2022-12-31,Non-Control/Non-Affiliate Investments,"Frontier Communications Holdings, LLC",Integrated Telecommunication Services,"Fixed Rate Bond, 6.00% cash due 1/15/2030",,"5,517","4,723","4,341",-10,,,,,
oscf-1231202210xq,2022-12-31,Non-Control/Non-Affiliate Investments,"Gibson Brands, Inc.",Leisure Products,"First Lien Term Loan, LIBOR+5.00% cash due 8/11/2028",9.13%,"4,955","4,788","3,667",(5)(8),,,,,
oscf-1231202210xq,2022-12-31,Non-Control/Non-Affiliate Investments,GoldenTree Loan Management EUR CLO 2 DAC,Multi-Sector Holdings,"Class D notes, EURIBOR+2.85% cash due 1/20/2032",4.31%,"€1,067",865,899,(5)(10),,,,,
oscf-1231202210xq,2022-12-31,Non-Control/Non-Affiliate Investments,"Grove Hotel Parcel Owner, LLC","Hotels, Resorts & Cruise Lines","First Lien Term Loan, SOFR+8.00% cash due 6/21/2027",12.33%,"$17,640","17,325","17,287",(5)(8),,,,,
oscf-1231202210xq,2022-12-31,Non-Control/Non-Affiliate Investments,"Grove Hotel Parcel Owner, LLC","Hotels, Resorts & Cruise Lines","First Lien Delayed Draw Term Loan, SOFR+8.00% cash due 6/21/2027",,—,-63,-71,(5)(8)(9),,,,,
oscf-1231202210xq,2022-12-31,Non-Control/Non-Affiliate Investments,"Grove Hotel Parcel Owner, LLC","Hotels, Resorts & Cruise Lines","First Lien Revolver, SOFR+8.00% cash due 6/21/2027",,—,-32,-35,(5)(8)(9),,,,,
oscf-1231202210xq,2022-12-31,Non-Control/Non-Affiliate Investments,Harbor Purchaser Inc.,Education Services,"First Lien Term Loan, SOFR+5.25% cash due 4/9/2029",9.67%,"10,524","10,081","10,040",-5,,,,,
oscf-1231202210xq,2022-12-31,Non-Control/Non-Affiliate Investments,Hayfin Emerald CLO XI DAC,Multi-Sector Holdings,"Class E notes, EURIBOR+8.12% cash due 1/25/2036",10.11%,"€2,401","2,041","2,079",(5)(10),,,,,
oscf-1231202210xq,2022-12-31,Non-Control/Non-Affiliate Investments,Horizon Aircraft Finance I Ltd.,Specialized Finance,"Class A Notes, 4.458% cash due 12/15/2038",,"$3,161","2,532","2,595",-10,,,,,
oscf-1231202210xq,2022-12-31,Non-Control/Non-Affiliate Investments,"iCIMs, Inc.",Application Software,"First Lien Term Loan, SOFR+3.375% cash 3.875% PIK due 8/18/2028",7.14%,"15,164","14,916","14,545",(5)(8),,,,,
oscf-1231202210xq,2022-12-31,Non-Control/Non-Affiliate Investments,"iCIMs, Inc.",Application Software,"First Lien Term Loan, SOFR+7.25% cash due 8/18/2028",11.52%,"2,325","2,286","2,279",(5)(8),,,,,
oscf-1231202210xq,2022-12-31,Non-Control/Non-Affiliate Investments,"iCIMs, Inc.",Application Software,"First Lien Delayed Draw Term Loan, SOFR+6.75% cash due 8/18/2028",,—,0,0,(5)(8)(9),,,,,
oscf-1231202210xq,2022-12-31,Non-Control/Non-Affiliate Investments,"iCIMs, Inc.",Application Software,"First Lien Revolver, SOFR+6.75% cash due 8/18/2028",,—,-24,-59,(5)(8)(9),,,,,
oscf-1231202210xq,2022-12-31,Non-Control/Non-Affiliate Investments,"Impel Neuropharma, Inc.",Health Care Technology,First Lien Revenue Interest Financing Term Loan due 2/15/2031,,"5,286","5,286","5,265",-8,,,,,
oscf-1231202210xq,2022-12-31,Non-Control/Non-Affiliate Investments,"Impel Neuropharma, Inc.",Health Care Technology,"First Lien Term Loan, SOFR+8.75% cash due 3/17/2027",13.20%,"4,768","4,687","4,656",(5)(8),,,,,
oscf-1231202210xq,2022-12-31,Non-Control/Non-Affiliate Investments,Innocoll Pharmaceuticals Limited,Health Care Technology,"First Lien Term Loan, 11.00% cash due 1/26/2027",,"$4,316","$4,159","$4,011",(8)(10),,,,,
oscf-1231202210xq,2022-12-31,Non-Control/Non-Affiliate Investments,Innocoll Pharmaceuticals Limited,Health Care Technology,"First Lien Delayed Draw Term Loan, 11.00% cash due 1/26/2027",,—,0,0,(8)(9)(10),,,,,
oscf-1231202210xq,2022-12-31,Non-Control/Non-Affiliate Investments,Innocoll Pharmaceuticals Limited,Health Care Technology,"36,087 Tranche A Warrant Shares (exercise price $4.23) expiration date 1/26/2029",,,85,419,(8)(10),,,,,
oscf-1231202210xq,2022-12-31,Non-Control/Non-Affiliate Investments,"Iris Holding, Inc.",Metal & Glass Containers,"First Lien Term Loan, SOFR+4.75% cash due 6/28/2028",8.94%,"10,973","10,241","10,006",(5)(10),,,,,
oscf-1231202210xq,2022-12-31,Non-Control/Non-Affiliate Investments,Jamestown CLO XII Ltd.,Multi-Sector Holdings,"Class D Notes, LIBOR+7.00% cash due 4/20/2032",11.24%,500,391,441,(5)(10),,,,,
oscf-1231202210xq,2022-12-31,Non-Control/Non-Affiliate Investments,"Kings Buyer, LLC",Environmental & Facilities Services,"First Lien Term Loan, LIBOR+6.50% cash due 10/29/2027",11.23%,"4,839","4,791","4,684",(5)(8),,,,,
oscf-1231202210xq,2022-12-31,Non-Control/Non-Affiliate Investments,"Kings Buyer, LLC",Environmental & Facilities Services,"First Lien Revolver, LIBOR+6.50% cash due 10/29/2027",11.75%,235,228,213,(5)(8)(9),,,,,
oscf-1231202210xq,2022-12-31,Non-Control/Non-Affiliate Investments,LABL Inc,Office Services & Supplies,"First Lien Term Loan, LIBOR+5.00% cash due 10/29/2028",9.38%,"10,759","10,267","10,241",-5,,,,,
oscf-1231202210xq,2022-12-31,Non-Control/Non-Affiliate Investments,Latam Airlines Group S.A.,Airlines,"First Lien Term Loan, SOFR+9.50% cash due 11/3/2027",13.99%,"13,228","12,132","13,056",(5)(10),,,,,
oscf-1231202210xq,2022-12-31,Non-Control/Non-Affiliate Investments,"LSL Holdco, LLC",Health Care Distributors,"First Lien Term Loan, LIBOR+6.00% cash due 1/31/2028",10.38%,"10,121","9,895","9,539",(5)(8),,,,,
oscf-1231202210xq,2022-12-31,Non-Control/Non-Affiliate Investments,"LSL Holdco, LLC",Health Care Distributors,"First Lien Revolver, LIBOR+6.00% cash due 1/31/2028",10.38%,"1,015",998,957,(5)(8),,,,,
oscf-1231202210xq,2022-12-31,Non-Control/Non-Affiliate Investments,"LTI Holdings, Inc.",Electronic Components,"First Lien Term Loan, LIBOR+3.50% cash due 9/6/2025",7.88%,"6,946","6,660","6,666",-5,,,,,
oscf-1231202210xq,2022-12-31,Non-Control/Non-Affiliate Investments,McAfee Corp.,Systems Software,"First Lien Term Loan, SOFR+3.75% cash due 3/1/2029",7.97%,"10,955","10,342","10,227",-5,,,,,
oscf-1231202210xq,2022-12-31,Non-Control/Non-Affiliate Investments,"Mesoblast, Inc.",Biotechnology,"First Lien Term Loan, 8.00% cash 1.75% PIK due 11/19/2026",,"2,294","2,126","2,049",(8)(10),,,,,
oscf-1231202210xq,2022-12-31,Non-Control/Non-Affiliate Investments,"Mesoblast, Inc.",Biotechnology,"First Lien Delayed Draw Term Loan, 8.00% cash 1.75% PIK due 11/19/2026",,—,0,0,(8)(9)(10),,,,,
oscf-1231202210xq,2022-12-31,Non-Control/Non-Affiliate Investments,"Mesoblast, Inc.",Biotechnology,"66,347 Warrant Shares (exercise price $7.26) expiration date 11/19/2028",,,152,70,(8)(10),,,,,
oscf-1231202210xq,2022-12-31,Non-Control/Non-Affiliate Investments,"Mesoblast, Inc.",Biotechnology,"17,058 Warrant Shares (exercise price $3.70) expiration 11/19/2028",,,0,26,(8)(10),,,,,
oscf-1231202210xq,2022-12-31,Non-Control/Non-Affiliate Investments,"MHE Intermediate Holdings, LLC",Diversified Support Services,"First Lien Term Loan, SOFR+6.25% cash due 7/21/2027",9.75%,"8,176","7,990","7,919",(5)(8),,,,,
oscf-1231202210xq,2022-12-31,Non-Control/Non-Affiliate Investments,"Mitchell International, Inc.",Application Software,"First Lien Term Loan, LIBOR+3.75% cash due 10/15/2028",8.41%,"7,481","7,020","6,916",-5,,,,,
oscf-1231202210xq,2022-12-31,Non-Control/Non-Affiliate Investments,"Mitchell International, Inc.",Application Software,"Second Lien Term Loan, LIBOR+6.50% cash due 10/15/2029",11.23%,"4,000","3,794","3,343",-5,,,,,
oscf-1231202210xq,2022-12-31,Non-Control/Non-Affiliate Investments,MRI Software LLC,Application Software,"First Lien Term Loan, LIBOR+5.50% cash due 2/10/2026",10.23%,"$8,204","$8,017","$7,907",(5)(8),,,,,
oscf-1231202210xq,2022-12-31,Non-Control/Non-Affiliate Investments,MRI Software LLC,Application Software,"First Lien Delayed Draw Term Loan, LIBOR+5.50% cash due 2/10/2026",,—,-10,-133,(5)(8)(9),,,,,
oscf-1231202210xq,2022-12-31,Non-Control/Non-Affiliate Investments,NFP Corp.,Other Diversified Financial Services,Fixed Rate Bond 6.875% cash due 8/15/2028,,"3,784","3,437","3,127",,,,,,
oscf-1231202210xq,2022-12-31,Non-Control/Non-Affiliate Investments,Nidda BondCo GmbH,Health Care Services,"Fixed Rate Bond, 7.50% cash due 8/21/2026",,€500,419,511,-10,,,,,
oscf-1231202210xq,2022-12-31,Non-Control/Non-Affiliate Investments,OCP EURO CLO 2022-6 DAC,Multi-Sector Holdings,"Class D Notes, EURIBOR+6.06% cash due 1/20/2033",8.05%,"1,601","1,502","1,546",(5)(10),,,,,
oscf-1231202210xq,2022-12-31,Non-Control/Non-Affiliate Investments,OCP EURO CLO 2022-6 DAC,Multi-Sector Holdings,"Class E Notes, EURIBOR+6.87% cash due 1/20/2033",8.86%,"2,135","1,784","1,819",(5)(10),,,,,
oscf-1231202210xq,2022-12-31,Non-Control/Non-Affiliate Investments,OEConnection LLC,Application Software,"Second Lien Term Loan, SOFR+7.00% cash due 9/25/2027",11.42%,"$5,355","5,267","5,143",(5)(8),,,,,
oscf-1231202210xq,2022-12-31,Non-Control/Non-Affiliate Investments,"OFSI BSL CLO XI, Ltd.",Multi-Sector Holdings,"Class E Notes, SOFR+7.60% cash due 7/18/2031",11.53%,"2,500","2,161","2,294",(5)(10),,,,,
oscf-1231202210xq,2022-12-31,Non-Control/Non-Affiliate Investments,"Park Place Technologies, LLC",Internet Services & Infrastructure,"First Lien Term Loan, SOFR+5.00% cash due 11/10/2027",9.42%,"4,982","4,753","4,711",-5,,,,,
oscf-1231202210xq,2022-12-31,Non-Control/Non-Affiliate Investments,PetSmart LLC,Specialty Stores,"First Lien Term Loan, LIBOR+3.75% cash due 2/11/2028",8.13%,"9,990","9,653","9,806",-5,,,,,
oscf-1231202210xq,2022-12-31,Non-Control/Non-Affiliate Investments,"PFNY Holdings, LLC",Leisure Facilities,"First Lien Term Loan, LIBOR+7.00% cash due 12/31/2026",10.74%,"8,258","8,127","8,115",(5)(8),,,,,
oscf-1231202210xq,2022-12-31,Non-Control/Non-Affiliate Investments,"PFNY Holdings, LLC",Leisure Facilities,"First Lien Delayed Draw Term Loan, LIBOR+7.00% cash due 12/31/2026",10.74%,705,693,691,(5)(8)(9),,,,,
oscf-1231202210xq,2022-12-31,Non-Control/Non-Affiliate Investments,"PFNY Holdings, LLC",Leisure Facilities,"First Lien Revolver, LIBOR+7.00% cash due 12/31/2026",11.76%,396,390,389,(5)(8),,,,,
oscf-1231202210xq,2022-12-31,Non-Control/Non-Affiliate Investments,"Planview Parent, Inc.",Application Software,"First Lien Term Loan, LIBOR+4.00% cash due 12/17/2027",8.73%,"9,169","8,640","8,563",-5,,,,,
oscf-1231202210xq,2022-12-31,Non-Control/Non-Affiliate Investments,"Profrac Holdings II, LLC",Industrial Machinery,"First Lien Term Loan, SOFR+7.25% cash due 3/4/2025",11.10%,"6,307","6,173","6,156",(5)(8),,,,,
oscf-1231202210xq,2022-12-31,Non-Control/Non-Affiliate Investments,Radiology Partners Inc.,Health Care Distributors,"First Lien Term Loan, LIBOR+4.25% cash due 7/9/2025",8.64%,"6,253","5,909","5,278",-5,,,,,
oscf-1231202210xq,2022-12-31,Non-Control/Non-Affiliate Investments,Radiology Partners Inc.,Health Care Distributors,"Fixed Rate Bond, 9.25% cash due 2/1/2028",,"1,950","1,938","1,098",,,,,,
oscf-1231202210xq,2022-12-31,Non-Control/Non-Affiliate Investments,Renaissance Holding Corp.,Diversified Banks,"First Lien Term Loan, LIBOR+3.25% cash due 5/30/2025",7.63%,"3,729","3,571","3,564",-5,,,,,
oscf-1231202210xq,2022-12-31,Non-Control/Non-Affiliate Investments,"Salus Workers' Compensation, LLC",Other Diversified Financial Services,"First Lien Term Loan, SOFR+10.00% cash due 10/7/2026",14.32%,"$17,039","$16,390","$16,400",(5)(8),,,,,
oscf-1231202210xq,2022-12-31,Non-Control/Non-Affiliate Investments,"Salus Workers' Compensation, LLC",Other Diversified Financial Services,"First Lien Revolver, SOFR+10.00% cash due 10/7/2026",14.32%,569,497,498,(5)(8)(9),,,,,
oscf-1231202210xq,2022-12-31,Non-Control/Non-Affiliate Investments,"Salus Workers' Compensation, LLC",Other Diversified Financial Services,"606,357 Common Stock Warrants (exercise price $4.83) expiration date 10/7/2032",,,200,188,-8,,,,,
oscf-1231202210xq,2022-12-31,Non-Control/Non-Affiliate Investments,"SCP Eye Care Services, LLC",Health Care Services,"Second Lien Term Loan, SOFR+8.75% cash due 10/7/2030",12.52%,"5,881","5,710","5,710",(5)(8),,,,,
oscf-1231202210xq,2022-12-31,Non-Control/Non-Affiliate Investments,"SCP Eye Care Services, LLC",Health Care Services,"Second Lien Delayed Draw Term Loan, SOFR+8.75% cash due 10/7/2030",,—,-26,-50,(5)(8)(9),,,,,
oscf-1231202210xq,2022-12-31,Non-Control/Non-Affiliate Investments,"SCP Eye Care Services, LLC",Health Care Services,761 Units in Eyesouth Co-Investor FT Aggregator LLC,,,761,817,-8,,,,,
oscf-1231202210xq,2022-12-31,Non-Control/Non-Affiliate Investments,scPharmaceuticals Inc.,Pharmaceuticals,"First Lien Term Loan, SOFR+8.75% cash due 10/13/2027",11.75%,"7,654","7,262","7,279",(5)(8),,,,,
oscf-1231202210xq,2022-12-31,Non-Control/Non-Affiliate Investments,scPharmaceuticals Inc.,Pharmaceuticals,"First Lien Delayed Draw Term Loan, SOFR+8.75% cash due 10/13/2027",,—,0,0,(5)(8)(9),,,,,
oscf-1231202210xq,2022-12-31,Non-Control/Non-Affiliate Investments,scPharmaceuticals Inc.,Pharmaceuticals,"79,075 Common Stock Warrants (exercise price $5.40) expiration date 10/12/2029",,,258,386,-8,,,,,
oscf-1231202210xq,2022-12-31,Non-Control/Non-Affiliate Investments,"SM Wellness Holdings, Inc.",Health Care Services,"First Lien Term Loan, LIBOR+4.75% cash due 4/17/2028",9.42%,"12,916","11,938","10,527",(5)(8),,,,,
oscf-1231202210xq,2022-12-31,Non-Control/Non-Affiliate Investments,"Southern Veterinary Partners, LLC",Health Care Facilities,"First Lien Term Loan, LIBOR+4.00% cash due 10/5/2027",8.38%,"3,234","3,090","3,106",-5,,,,,
oscf-1231202210xq,2022-12-31,Non-Control/Non-Affiliate Investments,"SPX Flow, Inc.",Industrial Machinery,"First Lien Term Loan, SOFR+4.50% cash due 4/5/2029",8.92%,"12,358","11,814","11,575",-5,,,,,
oscf-1231202210xq,2022-12-31,Non-Control/Non-Affiliate Investments,Sunshine Luxembourg VII Sarl,Personal Products,"First Lien Term Loan, LIBOR+3.75% cash due 10/1/2026",8.48%,"4,987","4,754","4,789",(5)(10),,,,,
oscf-1231202210xq,2022-12-31,Non-Control/Non-Affiliate Investments,"Superior Industries International, Inc.",Auto Parts & Equipment,"First Lien Term Loan, SOFR+8.00% cash due 12/16/2028",12.32%,"33,563","32,564","32,556",(5)(8),,,,,
oscf-1231202210xq,2022-12-31,Non-Control/Non-Affiliate Investments,"Surgery Center Holdings, Inc.",Health Care Facilities,"First Lien Term Loan, LIBOR+3.75% cash due 8/31/2026",8.05%,"6,290","6,076","6,226",-5,,,,,
oscf-1231202210xq,2022-12-31,Non-Control/Non-Affiliate Investments,"Tacala, LLC",Restaurants,"First Lien Term Loan, LIBOR+3.50% cash due 2/5/2027",7.89%,"3,000","2,880","2,893",-5,,,,,
oscf-1231202210xq,2022-12-31,Non-Control/Non-Affiliate Investments,"Tacala, LLC",Restaurants,"Second Lien Term Loan, LIBOR+7.50% cash due 2/4/2028",11.88%,"7,310","7,099","6,662",-5,,,,,
oscf-1231202210xq,2022-12-31,Non-Control/Non-Affiliate Investments,TIBCO Software Inc.,Application Software,"First Lien Term Loan, SOFR+4.50% cash due 3/20/2029",9.18%,"10,834","9,899","9,702",-5,,,,,
oscf-1231202210xq,2022-12-31,Non-Control/Non-Affiliate Investments,"Touchstone Acquisition, Inc.",Health Care Supplies,"First Lien Term Loan, LIBOR+6.00% cash due 12/29/2028",10.38%,"8,549","8,402","8,357",(5)(8),,,,,
oscf-1231202210xq,2022-12-31,Non-Control/Non-Affiliate Investments,Trinitas CLO XV DAC,Multi-Sector Holdings,"Class E Notes, LIBOR+7.45% cash due 4/22/2034",11.77%,"1,000",810,846,(5)(10),,,,,
oscf-1231202210xq,2022-12-31,Non-Control/Non-Affiliate Investments,Uniti Group LP,Specialized REITs,"Fixed Rate Bond, 6.50% cash due 2/15/2029",,"$1,750","$1,617","$1,163",-10,,,,,
oscf-1231202210xq,2022-12-31,Non-Control/Non-Affiliate Investments,Uniti Group LP,Specialized REITs,"Fixed Rate Bond, 4.75% cash due 4/15/2028",,"2,200","1,911","1,763",-10,,,,,
oscf-1231202210xq,2022-12-31,Non-Control/Non-Affiliate Investments,"Wellfleet CLO 2022-2, Ltd.",Multi-Sector Holdings,"Class E Notes, SOFR+8.56% cash due 10/18/2035",12.17%,"1,500","1,442","1,442",(5)(10),,,,,
oscf-1231202210xq,2022-12-31,Non-Control/Non-Affiliate Investments,"WP CPP Holdings, LLC",Aerospace & Defense,"First Lien Term Loan, LIBOR+3.75% cash due 4/30/2025",8.17%,"9,705","8,928","8,487",-5,,,,,
oscf-1231202210xq,2022-12-31,Non-Control/Non-Affiliate Investments,"WWEX Uni Topco Holdings, LLC",Air Freight & Logistics,"First Lien Term Loan, LIBOR+4.00% cash due 7/26/2028",8.73%,"6,947","6,586","6,380",-5,,,,,
oscf-1231202210xq,2022-12-31,Non-Control/Non-Affiliate Investments,"Zayo Group Holdings, Inc.",Alternative Carriers,"First Lien Term Loan, LIBOR+3.00% cash due 3/9/2027",7.38%,"7,000","6,493","5,703",-5,,,,,
oscf-1231202210xq,2022-12-31,Non-Control/Non-Affiliate Investments,"Zayo Group Holdings, Inc.",Alternative Carriers,"Fixed Rate Bond, 4.00% cash due 3/1/2027",,"1,700","1,441","1,259",,,,,,
oscf-20230331,2023-03-31,Non-Control/Non-Affiliate Investments,37 Capital CLO 3,Multi-Sector Holdings,CLO Notes,11.16,"2,800","2,750","2,750",(5)(10),SOFR+,6.36,,4/15/2036,
oscf-20230331,2023-03-31,Non-Control/Non-Affiliate Investments,107-109 Beech OAK22 LLC,Real Estate Development,First Lien Revolver,11,"2,304","2,282","2,036",(8)(9),,,,2/27/2026,
oscf-20230331,2023-03-31,Non-Control/Non-Affiliate Investments,107 Fair Street LLC,Real Estate Development,First Lien Term Loan,12.5,953,911,903,(8)(9)(11),,,,5/31/2024,
oscf-20230331,2023-03-31,Non-Control/Non-Affiliate Investments,112-126 Van Houten Real22 LLC,Real Estate Development,First Lien Term Loan,12,"2,616","2,568","2,551",(8)(9)(11),,,,5/4/2024,
oscf-20230331,2023-03-31,Non-Control/Non-Affiliate Investments,AB BSL CLO 4,Multi-Sector Holdings,CLO Notes,10.3,"3,800","3,800","3,814",(5)(10),SOFR+,5.5,,4/20/2036,
oscf-20230331,2023-03-31,Non-Control/Non-Affiliate Investments,"Access CIG, LLC",Diversified Support Services,First Lien Term Loan,8.73,"8,944","8,788","8,870",-5,L+,3.75,,2/27/2025,
oscf-20230331,2023-03-31,Non-Control/Non-Affiliate Investments,"Access CIG, LLC",Diversified Support Services,Second Lien Term Loan,12.73,"4,000","3,984","3,693",(5)(8),L+,7.75,,2/27/2026,
oscf-20230331,2023-03-31,Non-Control/Non-Affiliate Investments,ADC Therapeutics SA,Biotechnology,First Lien Term Loan,12.55,"10,406","9,919","9,909",(5)(8)(10),SOFR+,7.5,,8/15/2029,
oscf-20230331,2023-03-31,Non-Control/Non-Affiliate Investments,ADC Therapeutics SA,Biotechnology,First Lien Term Loan,,—,-60,-55,(5)(8)(9)(10),SOFR+,7.5,,8/15/2029,
oscf-20230331,2023-03-31,Non-Control/Non-Affiliate Investments,ADC Therapeutics SA,Biotechnology,Warrants,,,275,26,(8)(10),,,,,"45,727"
oscf-20230331,2023-03-31,Non-Control/Non-Affiliate Investments,AI Sirona (Luxembourg) Acquisition S.a.r.l.,Pharmaceuticals,First Lien Term Loan,6.16,"4,100","3,668","4,324",(5)(10),E+,3.25,,9/29/2025,
oscf-20230331,2023-03-31,Non-Control/Non-Affiliate Investments,AIP RD Buyer Corp.,Distributors,Second Lien Term Loan,12.66,"4,563","4,486","4,472",(5)(8),SOFR+,7.75,,12/21/2029,
oscf-20230331,2023-03-31,Non-Control/Non-Affiliate Investments,AIP RD Buyer Corp.,Distributors,Common Stock,,,428,620,-8,,,,,"4,560"
oscf-20230331,2023-03-31,Non-Control/Non-Affiliate Investments,Altice France S.A.,Integrated Telecommunication Services,First Lien Term Loan,8.86,"8,984","8,736","8,749",(5)(10),L+,4,,8/14/2026,
oscf-20230331,2023-03-31,Non-Control/Non-Affiliate Investments,Altice France S.A.,Integrated Telecommunication Services,Fixed Rate Bond,5.5,"7,200","5,934","5,512",-10,,,,10/15/2029,
oscf-20230331,2023-03-31,Non-Control/Non-Affiliate Investments,"Alto Pharmacy Holdings, Inc.",Health Care Technology,First Lien Term Loan,12.83,"12,687","11,660","11,292",(5)(8),SOFR+,8,3.5,10/14/2027,
oscf-20230331,2023-03-31,Non-Control/Non-Affiliate Investments,"Alto Pharmacy Holdings, Inc.",Health Care Technology,Warrants,,,943,701,-8,,,,,"244,370"
oscf-20230331,2023-03-31,Non-Control/Non-Affiliate Investments,"American Auto Auction Group, LLC",Consumer Finance,Second Lien Term Loan,13.65,"6,901","6,786","5,096",(5)(8),SOFR+,8.75,,1/2/2029,
oscf-20230331,2023-03-31,Non-Control/Non-Affiliate Investments,American Rock Salt Company LLC,Diversified Metals & Mining,First Lien Term Loan,8.84,"17,420","16,628","16,832",-5,L+,4,,6/9/2028,
oscf-20230331,2023-03-31,Non-Control/Non-Affiliate Investments,"American Tire Distributors, Inc.",Distributors,First Lien Term Loan,11.07,"3,960","3,940","3,491",-5,L+,6.25,,10/20/2028,
oscf-20230331,2023-03-31,Non-Control/Non-Affiliate Investments,Amynta Agency Borrower Inc.,Property & Casualty Insurance,First Lien Term Loan,9.85,"12,000","11,644","11,565",-5,SOFR+,5,,2/28/2028,
oscf-20230331,2023-03-31,Non-Control/Non-Affiliate Investments,"Anastasia Parent, LLC",Personal Care Products,First Lien Term Loan,8.91,"6,876","5,772","5,483",-5,L+,3.75,,8/11/2025,
oscf-20230331,2023-03-31,Non-Control/Non-Affiliate Investments,Ardonagh Midco 3 PLC,Insurance Brokers,First Lien Term Loan,9.57,"9,600","9,588","10,461",(5)(8)(10),E+,6.75,,7/14/2026,
oscf-20230331,2023-03-31,Non-Control/Non-Affiliate Investments,Ardonagh Midco 3 PLC,Insurance Brokers,First Lien Term Loan,12.22,"3,520","3,323","3,542",(5)(8)(9)(10),SOFR+,7,,7/14/2026,
oscf-20230331,2023-03-31,Non-Control/Non-Affiliate Investments,Ares LXVIII CLO,Multi-Sector Holdings,CLO Notes,10.55,"5,000","5,000","5,000",(5)(10),SOFR+,5.75,,4/25/2035,
oscf-20230331,2023-03-31,Non-Control/Non-Affiliate Investments,ASP-R-PAC Acquisition Co LLC,Paper & Plastic Packaging Products & Materials,First Lien Term Loan,10.83,"4,886","4,809","4,642",(5)(8)(10),L+,6,,12/29/2027,
oscf-20230331,2023-03-31,Non-Control/Non-Affiliate Investments,ASP-R-PAC Acquisition Co LLC,Paper & Plastic Packaging Products & Materials,First Lien Revolver,,—,-9,-29,(5)(8)(9)(10),L+,6,,12/29/2027,
oscf-20230331,2023-03-31,Non-Control/Non-Affiliate Investments,Astra Acquisition Corp.,Application Software,First Lien Term Loan,10.09,"4,848","4,598","4,209",-5,L+,5.25,,10/25/2028,
oscf-20230331,2023-03-31,Non-Control/Non-Affiliate Investments,"Asurion, LLC",Property & Casualty Insurance,First Lien Term Loan,8.09,"2,985","2,681","2,777",-5,L+,3.25,,12/23/2026,
oscf-20230331,2023-03-31,Non-Control/Non-Affiliate Investments,"Asurion, LLC",Property & Casualty Insurance,First Lien Term Loan,8.91,"3,980","3,800","3,684",-5,SOFR+,4,,8/19/2028,
oscf-20230331,2023-03-31,Non-Control/Non-Affiliate Investments,"Asurion, LLC",Property & Casualty Insurance,First Lien Term Loan,9.16,"6,000","5,651","5,580",-5,SOFR+,4.25,,8/19/2028,
oscf-20230331,2023-03-31,Non-Control/Non-Affiliate Investments,"Asurion, LLC",Property & Casualty Insurance,Second Lien Term Loan,10.09,"8,500","7,695","7,059",-5,L+,5.25,,1/20/2029,
oscf-20230331,2023-03-31,Non-Control/Non-Affiliate Investments,athenahealth Group Inc.,Health Care Technology,First Lien Term Loan,8.26,"13,660","12,771","12,823",-5,SOFR+,3.5,,2/15/2029,
oscf-20230331,2023-03-31,Non-Control/Non-Affiliate Investments,athenahealth Group Inc.,Health Care Technology,First Lien Term Loan,,—,-114,-103,(5)(9),SOFR+,3.5,,2/15/2029,
oscf-20230331,2023-03-31,Non-Control/Non-Affiliate Investments,athenahealth Group Inc.,Health Care Technology,Preferred Equity,,,"5,693","4,751",-8,,,,,"5,809"
oscf-20230331,2023-03-31,Non-Control/Non-Affiliate Investments,"Avalara, Inc.",Application Software,First Lien Term Loan,12.15,"19,029","18,589","18,612",(5)(8),SOFR+,7.25,,10/19/2028,
oscf-20230331,2023-03-31,Non-Control/Non-Affiliate Investments,"Avalara, Inc.",Application Software,First Lien Revolver,,—,-44,-42,(5)(8)(9),SOFR+,7.25,,10/19/2028,
oscf-20230331,2023-03-31,Non-Control/Non-Affiliate Investments,Barings Euro CLO 2022-1 DAC,Multi-Sector Holdings,CLO Notes,10.31,"1,000",873,"1,046",(5)(10),E+,8.03,,10/28/2034,
oscf-20230331,2023-03-31,Non-Control/Non-Affiliate Investments,"BioXcel Therapeutics, Inc.",Pharmaceuticals,First Lien Term Loan,8,"3,184","3,073","2,969",(8)(10),,,2.25,4/19/2027,
oscf-20230331,2023-03-31,Non-Control/Non-Affiliate Investments,"BioXcel Therapeutics, Inc.",Pharmaceuticals,First Lien Term Loan,,"1,479","1,479","1,479",(8)(10)(12),,,,9/30/2032,
oscf-20230331,2023-03-31,Non-Control/Non-Affiliate Investments,"BioXcel Therapeutics, Inc.",Pharmaceuticals,First Lien Term Loan,8,—,0,0,(8)(9)(10),,,2.25,4/19/2027,
oscf-20230331,2023-03-31,Non-Control/Non-Affiliate Investments,"BioXcel Therapeutics, Inc.",Pharmaceuticals,First Lien Term Loan,,—,0,0,(8)(9)(10)(12),,,,9/30/2032,
oscf-20230331,2023-03-31,Non-Control/Non-Affiliate Investments,"BioXcel Therapeutics, Inc.",Pharmaceuticals,First Lien Term Loan,8,—,0,0,(8)(9)(10),,,2.25,4/19/2027,
oscf-20230331,2023-03-31,Non-Control/Non-Affiliate Investments,"BioXcel Therapeutics, Inc.",Pharmaceuticals,First Lien Term Loan,,—,0,0,(8)(9)(10)(12),,,,9/30/2032,
oscf-20230331,2023-03-31,Non-Control/Non-Affiliate Investments,"BioXcel Therapeutics, Inc.",Pharmaceuticals,Warrants,,,74,109,(8)(10),,,,,"12,453"
oscf-20230331,2023-03-31,Non-Control/Non-Affiliate Investments,CCO Holdings LLC,Cable & Satellite,Fixed Rate Bond,4.5,"6,281","5,104","5,144",-10,,,,5/1/2032,
oscf-20230331,2023-03-31,Non-Control/Non-Affiliate Investments,CD&R Firefly Bidco Limited,Other Specialty Retail,First Lien Term Loan,9.93,"16,086","19,136","19,235",(5)(10),SONIA+,6,,6/21/2028,
oscf-20230331,2023-03-31,Non-Control/Non-Affiliate Investments,"Cengage Learning, Inc.",Education Services,First Lien Term Loan,9.88,"10,538","10,045","9,807",-5,L+,4.75,,7/14/2026,
oscf-20230331,2023-03-31,Non-Control/Non-Affiliate Investments,"Clear Channel Outdoor Holdings, Inc.",Advertising,First Lien Term Loan,8.33,"6,933","6,472","6,477",(5)(10),L+,3.5,,8/21/2026,
oscf-20230331,2023-03-31,Non-Control/Non-Affiliate Investments,"Clear Channel Outdoor Holdings, Inc.",Advertising,Fixed Rate Bond,5.13,726,636,652,-10,,,,8/15/2027,
oscf-20230331,2023-03-31,Non-Control/Non-Affiliate Investments,Colony Holding Corporation,Distributors,First Lien Term Loan,11.39,"12,178","11,828","11,825",(5)(8),SOFR+,6.5,,5/13/2026,
oscf-20230331,2023-03-31,Non-Control/Non-Affiliate Investments,Colony Holding Corporation,Distributors,First Lien Term Loan,,—,-132,-138,(5)(8)(9),SOFR+,6.5,,5/13/2026,
oscf-20230331,2023-03-31,Non-Control/Non-Affiliate Investments,Condor Merger Sub Inc.,Systems Software,Fixed Rate Bond,7.38,"4,527","4,503","3,800",,,,,2/15/2030,
oscf-20230331,2023-03-31,Non-Control/Non-Affiliate Investments,"Convergeone Holdings, Inc.",IT Consulting & Other Services,First Lien Term Loan,9.84,"4,948","4,578","3,021",-5,L+,5,,1/4/2026,
oscf-20230331,2023-03-31,Non-Control/Non-Affiliate Investments,"Coupa Holdings, LLC",Application Software,First Lien Term Loan,12.29,"13,464","13,131","13,135",(5)(8),SOFR+,7.5,,2/27/2030,
oscf-20230331,2023-03-31,Non-Control/Non-Affiliate Investments,"Coupa Holdings, LLC",Application Software,First Lien Term Loan,,—,-15,-15,(5)(8)(9),SOFR+,7.5,,2/27/2030,
oscf-20230331,2023-03-31,Non-Control/Non-Affiliate Investments,"Coupa Holdings, LLC",Application Software,First Lien Revolver,,—,-23,-22,(5)(8)(9),SOFR+,7.5,,2/27/2029,
oscf-20230331,2023-03-31,Non-Control/Non-Affiliate Investments,"Covetrus, Inc.",Health Care Distributors,First Lien Term Loan,9.9,"18,589","17,624","17,613",-5,SOFR+,5,,10/13/2029,
oscf-20230331,2023-03-31,Non-Control/Non-Affiliate Investments,Cuppa Bidco BV,Soft Drinks & Non-alcoholic Beverages,First Lien Term Loan,7.5,"10,940","9,418","10,323",(5)(10),E+,4.75,,7/30/2029,
oscf-20230331,2023-03-31,Non-Control/Non-Affiliate Investments,Curium Bidco S.à.r.l.,Biotechnology,First Lien Term Loan,9.16,"1,990","1,947","1,940",(5)(10),L+,4,,7/9/2026,
oscf-20230331,2023-03-31,Non-Control/Non-Affiliate Investments,Curium Bidco S.à.r.l.,Biotechnology,First Lien Term Loan,9.41,"2,990","2,931","2,908",(5)(10),L+,4.25,,12/2/2027,
oscf-20230331,2023-03-31,Non-Control/Non-Affiliate Investments,"Dealer Tire Financial, LLC",Distributors,First Lien Term Loan,9.31,"11,179","11,122","11,126",-5,SOFR+,4.5,,12/14/2027,
oscf-20230331,2023-03-31,Non-Control/Non-Affiliate Investments,Delta Leasing SPV II LLC,Specialized Finance,Subordinated Debt Term Loan,3,"6,724","6,724","6,724",(8)(9)(10),,,7,8/31/2029,
oscf-20230331,2023-03-31,Non-Control/Non-Affiliate Investments,Delta Leasing SPV II LLC,Specialized Finance,Preferred Equity,,,330,330,(8)(10),,,,,330
oscf-20230331,2023-03-31,Non-Control/Non-Affiliate Investments,Delta Leasing SPV II LLC,Specialized Finance,Common Stock,,,2,2,(8)(10),,,,,2
oscf-20230331,2023-03-31,Non-Control/Non-Affiliate Investments,Delta Leasing SPV II LLC,Specialized Finance,Warrants,,,0,0,(8)(10),,,,,25
oscf-20230331,2023-03-31,Non-Control/Non-Affiliate Investments,"Delta Topco, Inc.",Systems Software,First Lien Term Loan,8.66,"1,995","1,888","1,854",-5,SOFR+,3.75,,12/1/2027,
oscf-20230331,2023-03-31,Non-Control/Non-Affiliate Investments,"DirecTV Financing, LLC",Cable & Satellite,First Lien Term Loan,9.84,"10,170","9,828","9,811",-5,L+,5,,8/2/2027,
oscf-20230331,2023-03-31,Non-Control/Non-Affiliate Investments,"DirecTV Financing, LLC",Cable & Satellite,Fixed Rate Bond,5.88,"1,750","1,576","1,587",,,,,8/15/2027,
oscf-20230331,2023-03-31,Non-Control/Non-Affiliate Investments,Dryden 66 Euro CLO 2018 DAC,Multi-Sector Holdings,CLO Notes,5.68,"1,500","1,340","1,436",(5)(10),E+,3.35,,1/18/2032,
oscf-20230331,2023-03-31,Non-Control/Non-Affiliate Investments,"DTI Holdco, Inc.",Research & Consulting Services,First Lien Term Loan,9.43,"9,209","8,881","8,577",-5,SOFR+,4.75,,4/26/2029,
oscf-20230331,2023-03-31,Non-Control/Non-Affiliate Investments,Dukes Root Control Inc.,Environmental & Facilities Services,First Lien Term Loan,11.56,"11,864","11,611","11,624",(5)(8),SOFR+,6.5,,12/8/2028,
oscf-20230331,2023-03-31,Non-Control/Non-Affiliate Investments,Dukes Root Control Inc.,Environmental & Facilities Services,First Lien Term Loan,,—,-33,-29,(5)(8)(9),SOFR+,6.5,,12/8/2028,
oscf-20230331,2023-03-31,Non-Control/Non-Affiliate Investments,Dukes Root Control Inc.,Environmental & Facilities Services,First Lien Revolver,11.56,116,85,87,(5)(8)(9),SOFR+,6.5,,12/8/2028,
oscf-20230331,2023-03-31,Non-Control/Non-Affiliate Investments,Edmondstown Park CLO,Multi-Sector Holdings,CLO Notes,8.75,"3,000","3,085","3,261",(5)(10),E+,6.19,,7/21/2035,
oscf-20230331,2023-03-31,Non-Control/Non-Affiliate Investments,"eResearch Technology, Inc.",Application Software,First Lien Term Loan,9.34,"1,480","1,348","1,400",-5,L+,4.5,,2/4/2027,
oscf-20230331,2023-03-31,Non-Control/Non-Affiliate Investments,Establishment Labs Holdings Inc.,Health Care Technology,First Lien Term Loan,3,"10,719","10,592","10,237",(8)(10),,,6,4/21/2027,
oscf-20230331,2023-03-31,Non-Control/Non-Affiliate Investments,Establishment Labs Holdings Inc.,Health Care Technology,First Lien Term Loan,3,"1,717","1,689","1,639",(8)(10),,,6,4/21/2027,
oscf-20230331,2023-03-31,Non-Control/Non-Affiliate Investments,Establishment Labs Holdings Inc.,Health Care Technology,First Lien Term Loan,3,—,1,0,(8)(9)(10),,,6,4/21/2027,
oscf-20230331,2023-03-31,Non-Control/Non-Affiliate Investments,Establishment Labs Holdings Inc.,Health Care Technology,First Lien Term Loan,3,—,1,0,(8)(9)(10),,,6,4/21/2027,
oscf-20230331,2023-03-31,Non-Control/Non-Affiliate Investments,"Frontier Communications Holdings, LLC",Integrated Telecommunication Services,First Lien Term Loan,8.63,"13,947","13,569","13,284",(5)(10),L+,3.75,,10/8/2027,
oscf-20230331,2023-03-31,Non-Control/Non-Affiliate Investments,"Frontier Communications Holdings, LLC",Integrated Telecommunication Services,Fixed Rate Bond,6,"5,517","4,743","4,202",-10,,,,1/15/2030,
oscf-20230331,2023-03-31,Non-Control/Non-Affiliate Investments,"Gibson Brands, Inc.",Leisure Products,First Lien Term Loan,9.92,"4,942","4,783","3,960",(5)(8),SOFR+,5,,8/11/2028,
oscf-20230331,2023-03-31,Non-Control/Non-Affiliate Investments,GoldenTree Loan Management EUR CLO 2 DAC,Multi-Sector Holdings,CLO Notes,5.19,"1,000",868,942,(5)(10),E+,2.85,,1/20/2032,
oscf-20230331,2023-03-31,Non-Control/Non-Affiliate Investments,"Grove Hotel Parcel Owner, LLC","Hotels, Resorts & Cruise Lines",First Lien Term Loan,12.91,"17,595","17,298","17,266",(5)(8),SOFR+,8,,6/21/2027,
oscf-20230331,2023-03-31,Non-Control/Non-Affiliate Investments,"Grove Hotel Parcel Owner, LLC","Hotels, Resorts & Cruise Lines",First Lien Term Loan,,—,-60,-66,(5)(8)(9),SOFR+,8,,6/21/2027,
oscf-20230331,2023-03-31,Non-Control/Non-Affiliate Investments,"Grove Hotel Parcel Owner, LLC","Hotels, Resorts & Cruise Lines",First Lien Revolver,,—,-30,-33,(5)(8)(9),SOFR+,8,,6/21/2027,
oscf-20230331,2023-03-31,Non-Control/Non-Affiliate Investments,Harbor Purchaser Inc.,Education Services,First Lien Term Loan,10.16,"10,497","10,072","9,440",-5,SOFR+,5.25,,4/9/2029,
oscf-20230331,2023-03-31,Non-Control/Non-Affiliate Investments,"Harrow Health, Inc.",Pharmaceuticals,First Lien Term Loan,11.3,"9,319","9,087","9,087",(5)(8)(10),SOFR+,6.5,,1/19/2026,
oscf-20230331,2023-03-31,Non-Control/Non-Affiliate Investments,"Harrow Health, Inc.",Pharmaceuticals,First Lien Term Loan,,—,-125,-125,(5)(8)(9)(10),SOFR+,6.5,,1/19/2026,
oscf-20230331,2023-03-31,Non-Control/Non-Affiliate Investments,Hayfin Emerald CLO XI DAC,Multi-Sector Holdings,CLO Notes,11.04,"2,250","2,044","2,368",(5)(10),E+,8.12,,1/25/2036,
oscf-20230331,2023-03-31,Non-Control/Non-Affiliate Investments,Horizon Aircraft Finance I Ltd.,Specialized Finance,CLO Notes,4.46,"3,148","2,527","2,717",-10,,,,12/15/2038,
oscf-20230331,2023-03-31,Non-Control/Non-Affiliate Investments,"iCIMs, Inc.",Application Software,First Lien Term Loan,8.18,"15,164","14,929","14,553",(5)(8),SOFR+,7.25,3.88,8/18/2028,
oscf-20230331,2023-03-31,Non-Control/Non-Affiliate Investments,"iCIMs, Inc.",Application Software,First Lien Term Loan,12.05,"2,325","2,288","2,279",(5)(8),SOFR+,7.25,,8/18/2028,
oscf-20230331,2023-03-31,Non-Control/Non-Affiliate Investments,"iCIMs, Inc.",Application Software,First Lien Term Loan,,—,0,0,(5)(8)(9),SOFR+,7.25,,8/18/2028,
oscf-20230331,2023-03-31,Non-Control/Non-Affiliate Investments,"iCIMs, Inc.",Application Software,First Lien Revolver,,—,-23,-58,(5)(8)(9),SOFR+,7.25,,8/18/2028,
oscf-20230331,2023-03-31,Non-Control/Non-Affiliate Investments,"Impel Neuropharma, Inc.",Health Care Technology,First Lien Term Loan,,"5,408","5,408","5,284",(8)(12),,,,2/15/2031,
oscf-20230331,2023-03-31,Non-Control/Non-Affiliate Investments,"Impel Neuropharma, Inc.",Health Care Technology,First Lien Term Loan,13.8,"4,730","4,656","4,640",(5)(8),SOFR+,8.75,,3/17/2027,
oscf-20230331,2023-03-31,Non-Control/Non-Affiliate Investments,Innocoll Pharmaceuticals Limited,Health Care Technology,First Lien Term Loan,11,"4,316","4,168","4,003",(8)(10),,,,1/26/2027,
oscf-20230331,2023-03-31,Non-Control/Non-Affiliate Investments,Innocoll Pharmaceuticals Limited,Health Care Technology,First Lien Term Loan,11,—,0,0,(8)(9)(10),,,,1/26/2027,
oscf-20230331,2023-03-31,Non-Control/Non-Affiliate Investments,Innocoll Pharmaceuticals Limited,Health Care Technology,First Lien Term Loan,11,—,0,0,(8)(9)(10),,,,1/26/2027,
oscf-20230331,2023-03-31,Non-Control/Non-Affiliate Investments,Innocoll Pharmaceuticals Limited,Health Care Technology,Warrants,,,85,344,(8)(10),,,,,"36,087"
oscf-20230331,2023-03-31,Non-Control/Non-Affiliate Investments,"Iris Holding, Inc.","Metal, Glass & Plastic Containers",First Lien Term Loan,9.53,"10,945","10,247","9,450",(5)(10),SOFR+,4.75,,6/28/2028,
oscf-20230331,2023-03-31,Non-Control/Non-Affiliate Investments,"Kings Buyer, LLC",Environmental & Facilities Services,First Lien Term Loan,11.66,"4,827","4,779","4,658",(5)(8),L+,6.5,,10/29/2027,
oscf-20230331,2023-03-31,Non-Control/Non-Affiliate Investments,"Kings Buyer, LLC",Environmental & Facilities Services,First Lien Revolver,11.66,235,228,211,(5)(8)(9),L+,6.5,,10/29/2027,
oscf-20230331,2023-03-31,Non-Control/Non-Affiliate Investments,LABL Inc,Office Services & Supplies,First Lien Term Loan,9.84,"16,717","16,122","16,231",-5,L+,5,,10/29/2028,
oscf-20230331,2023-03-31,Non-Control/Non-Affiliate Investments,Latam Airlines Group S.A.,Passenger Airlines,First Lien Term Loan,14.28,"13,195","12,156","13,406",(5)(10),SOFR+,9.5,,11/3/2027,
oscf-20230331,2023-03-31,Non-Control/Non-Affiliate Investments,"LSL Holdco, LLC",Health Care Distributors,First Lien Term Loan,10.84,"9,043","8,897","8,556",(5)(8),L+,6,,1/31/2028,
oscf-20230331,2023-03-31,Non-Control/Non-Affiliate Investments,"LSL Holdco, LLC",Health Care Distributors,First Lien Term Loan,10.84,"1,053",984,996,(5)(8),L+,6,,1/31/2028,
oscf-20230331,2023-03-31,Non-Control/Non-Affiliate Investments,"LSL Holdco, LLC",Health Care Distributors,First Lien Revolver,,—,-16,-55,(5)(8)(9),L+,6,,1/31/2028,
oscf-20230331,2023-03-31,Non-Control/Non-Affiliate Investments,"LTI Holdings, Inc.",Electronic Components,First Lien Term Loan,8.34,"6,927","6,668","6,707",-5,L+,3.5,,9/6/2025,
oscf-20230331,2023-03-31,Non-Control/Non-Affiliate Investments,Madison Park Funding LXIII,Multi-Sector Holdings,CLO Notes,10.3,"5,000","5,000","5,000",(5)(10),SOFR+,5.5,,4/21/2035,
oscf-20230331,2023-03-31,Non-Control/Non-Affiliate Investments,Mauser Packaging Solutions Holding Company,"Metal, Glass & Plastic Containers",First Lien Term Loan,8.78,"8,000","7,878","7,950",-5,SOFR+,4,,8/14/2026,
oscf-20230331,2023-03-31,Non-Control/Non-Affiliate Investments,Mauser Packaging Solutions Holding Company,"Metal, Glass & Plastic Containers",Fixed Rate Bond,7.88,"2,000","2,000","2,002",,,,,8/15/2026,
oscf-20230331,2023-03-31,Non-Control/Non-Affiliate Investments,McAfee Corp.,Systems Software,First Lien Term Loan,8.52,"7,935","7,534","7,485",-5,SOFR+,3.75,,3/1/2029,
oscf-20230331,2023-03-31,Non-Control/Non-Affiliate Investments,"Medline Borrower, LP",Health Care Supplies,First Lien Term Loan,8.09,"9,975","9,583","9,739",-5,L+,3.25,,10/23/2028,
oscf-20230331,2023-03-31,Non-Control/Non-Affiliate Investments,"Mesoblast, Inc.",Biotechnology,First Lien Term Loan,8,"2,304","2,147","2,064",(8)(10),,,1.75,11/19/2026,
oscf-20230331,2023-03-31,Non-Control/Non-Affiliate Investments,"Mesoblast, Inc.",Biotechnology,First Lien Term Loan,8,—,0,0,(8)(9)(10),,,1.75,11/19/2026,
oscf-20230331,2023-03-31,Non-Control/Non-Affiliate Investments,"Mesoblast, Inc.",Biotechnology,First Lien Term Loan,8,—,0,0,(8)(9)(10),,,1.75,11/19/2026,
oscf-20230331,2023-03-31,Non-Control/Non-Affiliate Investments,"Mesoblast, Inc.",Biotechnology,Warrants,,,152,81,(8)(10),,,,,"66,347"
oscf-20230331,2023-03-31,Non-Control/Non-Affiliate Investments,"Mesoblast, Inc.",Biotechnology,Warrants,,,0,30,(8)(10),,,,,"17,058"
oscf-20230331,2023-03-31,Non-Control/Non-Affiliate Investments,"MHE Intermediate Holdings, LLC",Diversified Support Services,First Lien Term Loan,11.16,"2,843","2,768","2,789",(5)(8),SOFR+,6.25,,7/21/2027,
oscf-20230331,2023-03-31,Non-Control/Non-Affiliate Investments,"MHE Intermediate Holdings, LLC",Diversified Support Services,First Lien Term Loan,10.91,"5,313","5,207","5,169",(5)(8),SOFR+,6,,7/21/2027,
oscf-20230331,2023-03-31,Non-Control/Non-Affiliate Investments,"Mitchell International, Inc.",Application Software,First Lien Term Loan,8.5,"2,475","2,340","2,346",-5,L+,3.75,,10/15/2028,
oscf-20230331,2023-03-31,Non-Control/Non-Affiliate Investments,"Mitchell International, Inc.",Application Software,Second Lien Term Loan,11.34,"4,000","3,801","3,495",-5,L+,6.5,,10/15/2029,
oscf-20230331,2023-03-31,Non-Control/Non-Affiliate Investments,MRI Software LLC,Application Software,First Lien Term Loan,10.66,"4,621","4,457","4,436",(5)(8),L+,5.5,,2/10/2026,
oscf-20230331,2023-03-31,Non-Control/Non-Affiliate Investments,MRI Software LLC,Application Software,First Lien Term Loan,10.66,"4,979","4,970","4,780",(5)(8),L+,5.5,,2/10/2026,
oscf-20230331,2023-03-31,Non-Control/Non-Affiliate Investments,MRI Software LLC,Application Software,First Lien Term Loan,,—,-8,-90,(5)(8)(9),L+,5.5,,2/10/2026,
oscf-20230331,2023-03-31,Non-Control/Non-Affiliate Investments,NFP Corp.,Diversified Financial Services,Fixed Rate Bond,4.88,"2,000","1,758","1,807",,,,,8/15/2028,
oscf-20230331,2023-03-31,Non-Control/Non-Affiliate Investments,NFP Corp.,Diversified Financial Services,Fixed Rate Bond,6.88,"3,784","3,448","3,251",,,,,8/15/2028,
oscf-20230331,2023-03-31,Non-Control/Non-Affiliate Investments,Nidda BondCo GmbH,Health Care Services,Fixed Rate Bond,7.5,500,422,532,-10,,,,8/21/2026,
oscf-20230331,2023-03-31,Non-Control/Non-Affiliate Investments,OCP EURO CLO 2022-6 DAC,Multi-Sector Holdings,CLO Notes,8.89,"1,500","1,503","1,625",(5)(8)(10),E+,6.06,,1/20/2033,
oscf-20230331,2023-03-31,Non-Control/Non-Affiliate Investments,OCP EURO CLO 2022-6 DAC,Multi-Sector Holdings,CLO Notes,9.7,"2,000","1,789","1,978",(5)(10),E+,6.87,,1/20/2033,
oscf-20230331,2023-03-31,Non-Control/Non-Affiliate Investments,OEConnection LLC,Application Software,Second Lien Term Loan,11.91,"5,355","5,272","5,154",(5)(8),SOFR+,7,,9/25/2027,
oscf-20230331,2023-03-31,Non-Control/Non-Affiliate Investments,"OFSI BSL CLO XI, Ltd.",Multi-Sector Holdings,CLO Notes,12.23,"2,500","2,167","2,249",(5)(10),SOFR+,7.6,,7/18/2031,
oscf-20230331,2023-03-31,Non-Control/Non-Affiliate Investments,"Oranje Holdco, Inc.",Systems Software,First Lien Term Loan,12.43,"15,746","15,363","15,373",(5)(8),SOFR+,7.75,,2/1/2029,
oscf-20230331,2023-03-31,Non-Control/Non-Affiliate Investments,"Oranje Holdco, Inc.",Systems Software,First Lien Revolver,,—,-48,-47,(5)(8)(9),SOFR+,7.75,,2/1/2029,
oscf-20230331,2023-03-31,Non-Control/Non-Affiliate Investments,"Park Place Technologies, LLC",Internet Services & Infrastructure,First Lien Term Loan,9.91,"4,970","4,752","4,781",-5,SOFR+,5,,11/10/2027,
oscf-20230331,2023-03-31,Non-Control/Non-Affiliate Investments,PetSmart LLC,Other Specialty Retail,First Lien Term Loan,8.66,"13,965","13,589","13,874",-5,SOFR+,3.75,,2/11/2028,
oscf-20230331,2023-03-31,Non-Control/Non-Affiliate Investments,"PPW Aero Buyer, Inc.",Aerospace & Defense,First Lien Term Loan,11.9,"26,892","25,838","25,859",(5)(8),SOFR+,7,,2/15/2029,
oscf-20230331,2023-03-31,Non-Control/Non-Affiliate Investments,"PPW Aero Buyer, Inc.",Aerospace & Defense,First Lien Revolver,,—,-141,-138,(5)(8)(9),SOFR+,7,,2/15/2029,
oscf-20230331,2023-03-31,Non-Control/Non-Affiliate Investments,"Profrac Holdings II, LLC",Industrial Machinery & Supplies & Components,First Lien Term Loan,12.1,"5,586","5,478","5,460",(5)(8),SOFR+,7.25,,3/4/2025,
oscf-20230331,2023-03-31,Non-Control/Non-Affiliate Investments,"Profrac Holdings II, LLC",Industrial Machinery & Supplies & Components,First Lien Term Loan,12.1,643,633,628,(5)(8),SOFR+,7.25,,3/4/2025,
oscf-20230331,2023-03-31,Non-Control/Non-Affiliate Investments,"Radiology Partners, Inc.",Health Care Distributors,First Lien Term Loan,9.09,"6,253","5,942","5,071",-5,L+,4.25,,7/9/2025,
oscf-20230331,2023-03-31,Non-Control/Non-Affiliate Investments,"Radiology Partners, Inc.",Health Care Distributors,Fixed Rate Bond,9.25,861,852,477,,,,,2/1/2028,
oscf-20230331,2023-03-31,Non-Control/Non-Affiliate Investments,Renaissance Holding Corp.,Education Services,First Lien Term Loan,8.09,"23,666","22,924","23,058",-5,SOFR+,4.75,,4/7/2030,
oscf-20230331,2023-03-31,Non-Control/Non-Affiliate Investments,RP Escrow Issuer LLC,Health Care Distributors,Fixed Rate Bond,5.25,"1,089",892,826,,,,,12/15/2025,
oscf-20230331,2023-03-31,Non-Control/Non-Affiliate Investments,"Salus Workers' Compensation, LLC",Diversified Financial Services,First Lien Term Loan,14.68,"16,997","16,391","16,358",(5)(8),SOFR+,10,,10/7/2026,
oscf-20230331,2023-03-31,Non-Control/Non-Affiliate Investments,"Salus Workers' Compensation, LLC",Diversified Financial Services,First Lien Revolver,,—,-68,-71,(5)(8)(9),SOFR+,10,,10/7/2026,
oscf-20230331,2023-03-31,Non-Control/Non-Affiliate Investments,"Salus Workers' Compensation, LLC",Diversified Financial Services,Warrants,,,200,825,-8,,,,,"606,357"
oscf-20230331,2023-03-31,Non-Control/Non-Affiliate Investments,"SCP Eye Care Services, LLC",Health Care Services,Second Lien Term Loan,13.58,"5,881","5,715","5,722",(5)(8),SOFR+,8.75,,10/7/2030,
oscf-20230331,2023-03-31,Non-Control/Non-Affiliate Investments,"SCP Eye Care Services, LLC",Health Care Services,Second Lien Term Loan,,—,-26,-47,(5)(8)(9),SOFR+,8.75,,10/7/2030,
oscf-20230331,2023-03-31,Non-Control/Non-Affiliate Investments,"SCP Eye Care Services, LLC",Health Care Services,Common Stock,,,761,793,-8,,,,,761
oscf-20230331,2023-03-31,Non-Control/Non-Affiliate Investments,scPharmaceuticals Inc.,Pharmaceuticals,First Lien Term Loan,11.75,"7,654","7,281","7,386",(5)(8),SOFR+,8.75,,10/13/2027,
oscf-20230331,2023-03-31,Non-Control/Non-Affiliate Investments,scPharmaceuticals Inc.,Pharmaceuticals,First Lien Term Loan,,—,0,0,(5)(8)(9),SOFR+,8.75,,10/13/2027,
oscf-20230331,2023-03-31,Non-Control/Non-Affiliate Investments,scPharmaceuticals Inc.,Pharmaceuticals,First Lien Term Loan,,—,0,0,(5)(8)(9),SOFR+,8.75,,10/13/2027,
oscf-20230331,2023-03-31,Non-Control/Non-Affiliate Investments,scPharmaceuticals Inc.,Pharmaceuticals,Warrants,,,258,524,-8,,,,,"79,075"
oscf-20230331,2023-03-31,Non-Control/Non-Affiliate Investments,SEI Holding I Corporation,Trading Companies & Distributors,First Lien Term Loan,11.55,"17,507","16,983","16,983",(5)(8),SOFR+,6.75,,3/24/2028,
oscf-20230331,2023-03-31,Non-Control/Non-Affiliate Investments,SEI Holding I Corporation,Trading Companies & Distributors,First Lien Term Loan,11.65,391,348,348,(5)(8)(9),SOFR+,6.75,,3/24/2028,
oscf-20230331,2023-03-31,Non-Control/Non-Affiliate Investments,SEI Holding I Corporation,Trading Companies & Distributors,First Lien Revolver,13.75,250,205,205,(5)(8)(9),SOFR+,6.75,,3/24/2028,
oscf-20230331,2023-03-31,Non-Control/Non-Affiliate Investments,"SM Wellness Holdings, Inc.",Health Care Services,First Lien Term Loan,9.42,"12,884","11,947","11,467",(5)(8),L+,4.75,,4/17/2028,
oscf-20230331,2023-03-31,Non-Control/Non-Affiliate Investments,"Southern Veterinary Partners, LLC",Health Care Facilities,First Lien Term Loan,8.84,"3,225","3,089","3,116",-5,L+,4,,10/5/2027,
oscf-20230331,2023-03-31,Non-Control/Non-Affiliate Investments,"SPX Flow, Inc.",Industrial Machinery & Supplies & Components,First Lien Term Loan,9.41,"19,496","18,662","18,655",-5,SOFR+,4.5,,4/5/2029,
oscf-20230331,2023-03-31,Non-Control/Non-Affiliate Investments,Sunshine Luxembourg VII Sarl,Personal Care Products,First Lien Term Loan,8.91,"13,499","13,070","13,391",(5)(10),L+,3.75,,10/1/2026,
oscf-20230331,2023-03-31,Non-Control/Non-Affiliate Investments,"Superior Industries International, Inc.",Auto Parts & Equipment,First Lien Term Loan,12.81,"33,479","32,523","32,475",(5)(8),SOFR+,8,,12/16/2028,
oscf-20230331,2023-03-31,Non-Control/Non-Affiliate Investments,"Supreme Fitness Group NY Holdings, LLC",Leisure Facilities,First Lien Term Loan,12.75,"8,238","8,115","7,908",(5)(8)(13),SOFR+,8,,12/31/2026,
oscf-20230331,2023-03-31,Non-Control/Non-Affiliate Investments,"Supreme Fitness Group NY Holdings, LLC",Leisure Facilities,First Lien Term Loan,12.75,705,693,674,(5)(8)(9)(13),SOFR+,8,,12/31/2026,
oscf-20230331,2023-03-31,Non-Control/Non-Affiliate Investments,"Supreme Fitness Group NY Holdings, LLC",Leisure Facilities,First Lien Term Loan,,—,0,0,(5)(8)(9)(13),SOFR+,8,,12/31/2026,
oscf-20230331,2023-03-31,Non-Control/Non-Affiliate Investments,"Supreme Fitness Group NY Holdings, LLC",Leisure Facilities,First Lien Revolver,12.96,396,390,380,(5)(8)(13),SOFR+,8,,12/31/2026,
oscf-20230331,2023-03-31,Non-Control/Non-Affiliate Investments,"Surgery Center Holdings, Inc.",Health Care Facilities,First Lien Term Loan,8.46,"6,290","6,090","6,261",-5,L+,3.75,,8/31/2026,
oscf-20230331,2023-03-31,Non-Control/Non-Affiliate Investments,"Tacala, LLC",Restaurants,First Lien Term Loan,7.57,"2,992","2,872","2,945",-5,L+,3.5,,2/5/2027,
oscf-20230331,2023-03-31,Non-Control/Non-Affiliate Investments,"Tacala, LLC",Restaurants,Second Lien Term Loan,12.34,"7,310","7,109","6,702",-5,L+,7.5,,2/4/2028,
oscf-20230331,2023-03-31,Non-Control/Non-Affiliate Investments,TIBCO Software Inc.,Application Software,First Lien Term Loan,9.5,"10,834","9,935","9,886",-5,SOFR+,4.5,,3/30/2029,
oscf-20230331,2023-03-31,Non-Control/Non-Affiliate Investments,"Touchstone Acquisition, Inc.",Health Care Supplies,First Lien Term Loan,10.86,"8,528","8,387","8,357",(5)(8),L+,6,,12/29/2028,
oscf-20230331,2023-03-31,Non-Control/Non-Affiliate Investments,Transit Buyer LLC,Diversified Support Services,First Lien Term Loan,11.07,"8,469","8,304","8,308",(5)(8),SOFR+,6.25,,1/31/2029,
oscf-20230331,2023-03-31,Non-Control/Non-Affiliate Investments,Transit Buyer LLC,Diversified Support Services,First Lien Term Loan,,—,-75,-73,(5)(8)(9),SOFR+,6.25,,1/31/2029,
oscf-20230331,2023-03-31,Non-Control/Non-Affiliate Investments,Trinitas CLO XV DAC,Multi-Sector Holdings,CLO Notes,12.27,"1,000",812,875,(5)(10),L+,7.45,,4/22/2034,
oscf-20230331,2023-03-31,Non-Control/Non-Affiliate Investments,Uniti Group LP,Other Specialized REITs,Fixed Rate Bond,6.5,"1,750","1,621","1,070",-10,,,,2/15/2029,
oscf-20230331,2023-03-31,Non-Control/Non-Affiliate Investments,Uniti Group LP,Other Specialized REITs,Fixed Rate Bond,4.75,"2,200","1,921","1,703",-10,,,,4/15/2028,
oscf-20230331,2023-03-31,Non-Control/Non-Affiliate Investments,"Wellfleet CLO 2022-2, Ltd.",Multi-Sector Holdings,CLO Notes,12.17,"1,500","1,443","1,451",(5)(10),SOFR+,8.56,,10/18/2035,
oscf-20230331,2023-03-31,Non-Control/Non-Affiliate Investments,"WP CPP Holdings, LLC",Aerospace & Defense,First Lien Term Loan,8.58,"9,681","8,986","8,857",-5,L+,3.75,,4/30/2025,
oscf-20230331,2023-03-31,Non-Control/Non-Affiliate Investments,"WWEX Uni Topco Holdings, LLC",Air Freight & Logistics,First Lien Term Loan,9.16,"6,930","6,592","6,729",-5,SOFR+,4,,7/26/2028,
oscf-20230630,2023-06-30,Non-Control/Non-Affiliate Investments,107-109 Beech OAK22 LLC,Real Estate Development,First Lien Revolver,11,"9,393","9,301","9,125",(8)(9),,,,2/27/2026,
oscf-20230630,2023-06-30,Non-Control/Non-Affiliate Investments,107 Fair Street LLC,Real Estate Development,First Lien Term Loan,12.5,953,920,903,(8)(9)(11),,,,5/31/2024,
oscf-20230630,2023-06-30,Non-Control/Non-Affiliate Investments,112-126 Van Houten Real22 LLC,Real Estate Development,First Lien Term Loan,12,"2,996","2,959","2,944",(8)(9)(11),,,,5/4/2024,
oscf-20230630,2023-06-30,Non-Control/Non-Affiliate Investments,AB BSL CLO 4,Multi-Sector Holdings,CLO Notes,10.46,"3,800","3,800","3,843",(5)(10),SOFR+,5.5,,4/20/2036,
oscf-20230630,2023-06-30,Non-Control/Non-Affiliate Investments,"Access CIG, LLC",Diversified Support Services,First Lien Term Loan,8.94,"3,312","3,285","3,282",-5,L+,3.75,,2/27/2025,
oscf-20230630,2023-06-30,Non-Control/Non-Affiliate Investments,"Access CIG, LLC",Diversified Support Services,Second Lien Term Loan,12.94,"4,000","3,986","3,777",(5)(8),L+,7.75,,2/27/2026,
oscf-20230630,2023-06-30,Non-Control/Non-Affiliate Investments,ADC Therapeutics SA,Biotechnology,First Lien Term Loan,12.89,"10,406","9,938","9,899",(5)(8)(10),SOFR+,7.5,,8/15/2029,
oscf-20230630,2023-06-30,Non-Control/Non-Affiliate Investments,ADC Therapeutics SA,Biotechnology,First Lien Term Loan,,—,-60,-60,(5)(8)(9)(10),SOFR+,7.5,,8/15/2029,
oscf-20230630,2023-06-30,Non-Control/Non-Affiliate Investments,ADC Therapeutics SA,Biotechnology,Warrants,,,275,29,(8)(10),,,,,"45,727"
oscf-20230630,2023-06-30,Non-Control/Non-Affiliate Investments,AIP RD Buyer Corp.,Distributors,Second Lien Term Loan,12.95,"4,563","4,489","4,476",(5)(8),SOFR+,7.75,,12/21/2029,
oscf-20230630,2023-06-30,Non-Control/Non-Affiliate Investments,AIP RD Buyer Corp.,Distributors,Common Stock,,,428,658,-8,,,,,"4,560"
oscf-20230630,2023-06-30,Non-Control/Non-Affiliate Investments,Altice France S.A.,Integrated Telecommunication Services,First Lien Term Loan,9.32,"8,962","8,732","8,452",(5)(10),L+,4,,8/14/2026,
oscf-20230630,2023-06-30,Non-Control/Non-Affiliate Investments,Altice France S.A.,Integrated Telecommunication Services,Fixed Rate Bond,5.5,"7,200","5,971","5,156",-10,,,,10/15/2029,
oscf-20230630,2023-06-30,Non-Control/Non-Affiliate Investments,"Alto Pharmacy Holdings, Inc.",Health Care Technology,First Lien Term Loan,13.34,"12,913","11,942","11,764",(5)(8),SOFR+,8,3.5,10/14/2027,
oscf-20230630,2023-06-30,Non-Control/Non-Affiliate Investments,"Alto Pharmacy Holdings, Inc.",Health Care Technology,Warrants,,,943,760,-8,,,,,"244,370"
oscf-20230630,2023-06-30,Non-Control/Non-Affiliate Investments,"American Auto Auction Group, LLC",Consumer Finance,Second Lien Term Loan,13.99,"6,901","6,791","5,107",(5)(8),SOFR+,8.75,,1/2/2029,
oscf-20230630,2023-06-30,Non-Control/Non-Affiliate Investments,American Rock Salt Company LLC,Diversified Metals & Mining,First Lien Term Loan,9.22,"17,376","16,624","16,406",-5,SOFR+,4,,6/9/2028,
oscf-20230630,2023-06-30,Non-Control/Non-Affiliate Investments,"American Tire Distributors, Inc.",Distributors,First Lien Term Loan,11.49,"7,660","7,070","6,682",-5,SOFR+,6.25,,10/20/2028,
oscf-20230630,2023-06-30,Non-Control/Non-Affiliate Investments,Amynta Agency Borrower Inc.,Property & Casualty Insurance,First Lien Term Loan,10.2,"12,000","11,662","11,700",-5,SOFR+,5,,2/28/2028,
oscf-20230630,2023-06-30,Non-Control/Non-Affiliate Investments,"Anastasia Parent, LLC",Personal Care Products,First Lien Term Loan,9.25,"6,858","5,757","5,293",-5,SOFR+,3.75,,8/11/2025,
oscf-20230630,2023-06-30,Non-Control/Non-Affiliate Investments,Ardonagh Midco 3 PLC,Insurance Brokers,First Lien Term Loan,9.57,"9,600","9,608","10,568",(5)(8)(10),E+,6.75,,7/14/2026,
oscf-20230630,2023-06-30,Non-Control/Non-Affiliate Investments,Ardonagh Midco 3 PLC,Insurance Brokers,First Lien Term Loan,12.22,"3,520","3,338","3,584",(5)(8)(9)(10),SOFR+,7,,7/14/2026,
oscf-20230630,2023-06-30,Non-Control/Non-Affiliate Investments,ARES LXIV CLO,Multi-Sector Holdings,CLO Notes,8.74,"2,200","2,050","2,043",(5)(10),SOFR+,3.75,,4/15/2035,
oscf-20230630,2023-06-30,Non-Control/Non-Affiliate Investments,ARES LXVIII CLO,Multi-Sector Holdings,CLO Notes,10.83,"5,000","5,000","5,087",(5)(10),SOFR+,5.75,,4/25/2035,
oscf-20230630,2023-06-30,Non-Control/Non-Affiliate Investments,ASP-R-PAC Acquisition Co LLC,Paper & Plastic Packaging Products & Materials,First Lien Term Loan,11.31,"4,874","4,801","4,630",(5)(8)(10),SOFR+,6,,12/29/2027,
oscf-20230630,2023-06-30,Non-Control/Non-Affiliate Investments,ASP-R-PAC Acquisition Co LLC,Paper & Plastic Packaging Products & Materials,First Lien Revolver,,—,-9,-29,(5)(8)(9)(10),SOFR+,6,,12/29/2027,
oscf-20230630,2023-06-30,Non-Control/Non-Affiliate Investments,Astra Acquisition Corp.,Application Software,First Lien Term Loan,10.44,"4,848","4,609","3,417",-5,L+,5.25,,10/25/2028,
oscf-20230630,2023-06-30,Non-Control/Non-Affiliate Investments,"Asurion, LLC",Property & Casualty Insurance,First Lien Term Loan,9.2,"3,970","3,799","3,768",-5,SOFR+,4,,8/19/2028,
oscf-20230630,2023-06-30,Non-Control/Non-Affiliate Investments,"Asurion, LLC",Property & Casualty Insurance,First Lien Term Loan,9.47,"5,985","5,653","5,706",-5,SOFR+,4.25,,8/19/2028,
oscf-20230630,2023-06-30,Non-Control/Non-Affiliate Investments,"Asurion, LLC",Property & Casualty Insurance,Second Lien Term Loan,10.47,"7,500","6,854","6,311",-5,SOFR+,5.25,,1/20/2029,
oscf-20230630,2023-06-30,Non-Control/Non-Affiliate Investments,athenahealth Group Inc.,Health Care Technology,First Lien Term Loan,8.59,"17,179","16,123","16,577",-5,SOFR+,3.5,,2/15/2029,
oscf-20230630,2023-06-30,Non-Control/Non-Affiliate Investments,athenahealth Group Inc.,Health Care Technology,First Lien Term Loan,,—,-134,-74,(5)(9),SOFR+,3.5,,2/15/2029,
oscf-20230630,2023-06-30,Non-Control/Non-Affiliate Investments,athenahealth Group Inc.,Health Care Technology,Preferred Equity,,,"5,693","5,080",-8,,,,,"5,809"
oscf-20230630,2023-06-30,Non-Control/Non-Affiliate Investments,"Avalara, Inc.",Application Software,First Lien Term Loan,12.49,"19,029","18,609","18,648",(5)(8),SOFR+,7.25,,10/19/2028,
oscf-20230630,2023-06-30,Non-Control/Non-Affiliate Investments,"Avalara, Inc.",Application Software,First Lien Revolver,,—,-42,-38,(5)(8)(9),SOFR+,7.25,,10/19/2028,
oscf-20230630,2023-06-30,Non-Control/Non-Affiliate Investments,"BioXcel Therapeutics, Inc.",Pharmaceuticals,First Lien Term Loan,8,"3,202","3,098","2,994",(8)(10),,,2.25,4/19/2027,
oscf-20230630,2023-06-30,Non-Control/Non-Affiliate Investments,"BioXcel Therapeutics, Inc.",Pharmaceuticals,First Lien Term Loan,,"1,530","1,530","1,492",(8)(10)(12),,,,9/30/2032,
oscf-20230630,2023-06-30,Non-Control/Non-Affiliate Investments,"BioXcel Therapeutics, Inc.",Pharmaceuticals,First Lien Term Loan,8,—,0,0,(8)(9)(10),,,2.25,4/19/2027,
oscf-20230630,2023-06-30,Non-Control/Non-Affiliate Investments,"BioXcel Therapeutics, Inc.",Pharmaceuticals,First Lien Term Loan,,—,0,0,(8)(9)(10)(12),,,,9/30/2032,
oscf-20230630,2023-06-30,Non-Control/Non-Affiliate Investments,"BioXcel Therapeutics, Inc.",Pharmaceuticals,First Lien Term Loan,8,—,0,0,(8)(9)(10),,,2.25,4/19/2027,
oscf-20230630,2023-06-30,Non-Control/Non-Affiliate Investments,"BioXcel Therapeutics, Inc.",Pharmaceuticals,First Lien Term Loan,,—,0,0,(8)(9)(10)(12),,,,9/30/2032,
oscf-20230630,2023-06-30,Non-Control/Non-Affiliate Investments,"BioXcel Therapeutics, Inc.",Pharmaceuticals,Warrants,,,74,16,(8)(10),,,,,"12,453"
oscf-20230630,2023-06-30,Non-Control/Non-Affiliate Investments,CCO Holdings LLC,Cable & Satellite,Fixed Rate Bond,4.5,"6,281","5,127","5,021",-10,,,,5/1/2032,
oscf-20230630,2023-06-30,Non-Control/Non-Affiliate Investments,CD&R Firefly Bidco Limited,Other Specialty Retail,First Lien Term Loan,10.18,"16,086","19,150","19,863",(5)(10),SONIA+,6,,6/21/2028,
oscf-20230630,2023-06-30,Non-Control/Non-Affiliate Investments,"Clear Channel Outdoor Holdings, Inc.",Advertising,First Lien Term Loan,8.81,"6,915","6,489","6,618",(5)(10),SOFR+,3.5,,8/21/2026,
oscf-20230630,2023-06-30,Non-Control/Non-Affiliate Investments,"Clear Channel Outdoor Holdings, Inc.",Advertising,Fixed Rate Bond,5.13,726,640,660,-10,,,,8/15/2027,
oscf-20230630,2023-06-30,Non-Control/Non-Affiliate Investments,Colony Holding Corporation,Distributors,First Lien Term Loan,11.65,"12,148","11,826","11,820",(5)(8),SOFR+,6.5,,5/13/2026,
oscf-20230630,2023-06-30,Non-Control/Non-Affiliate Investments,Colony Holding Corporation,Distributors,First Lien Term Loan,11.75,"3,950","3,875","3,843",(5)(8),SOFR+,6.5,,5/13/2026,
oscf-20230630,2023-06-30,Non-Control/Non-Affiliate Investments,Condor Merger Sub Inc.,Systems Software,Fixed Rate Bond,7.38,"4,527","4,504","3,941",,,,,2/15/2030,
oscf-20230630,2023-06-30,Non-Control/Non-Affiliate Investments,"Convergeone Holdings, Inc.",IT Consulting & Other Services,First Lien Term Loan,10.37,"4,936","4,599","3,151",-5,L+,5,,1/4/2026,
oscf-20230630,2023-06-30,Non-Control/Non-Affiliate Investments,"Coupa Holdings, LLC",Application Software,First Lien Term Loan,12.6,"13,464","13,143","13,152",(5)(8),SOFR+,7.5,,2/27/2030,
oscf-20230630,2023-06-30,Non-Control/Non-Affiliate Investments,"Coupa Holdings, LLC",Application Software,First Lien Term Loan,,—,-15,-14,(5)(8)(9),SOFR+,7.5,,2/27/2030,
oscf-20230630,2023-06-30,Non-Control/Non-Affiliate Investments,"Coupa Holdings, LLC",Application Software,First Lien Revolver,,—,-22,-21,(5)(8)(9),SOFR+,7.5,,2/27/2029,
oscf-20230630,2023-06-30,Non-Control/Non-Affiliate Investments,"Covetrus, Inc.",Health Care Distributors,First Lien Term Loan,10.24,"21,036","19,933","19,643",-5,SOFR+,5,,10/13/2029,
oscf-20230630,2023-06-30,Non-Control/Non-Affiliate Investments,Cuppa Bidco BV,Soft Drinks & Non-alcoholic Beverages,First Lien Term Loan,8.68,"10,940","9,499","10,649",(5)(10),E+,4.75,,7/30/2029,
oscf-20230630,2023-06-30,Non-Control/Non-Affiliate Investments,Curium Bidco S.à.r.l.,Biotechnology,First Lien Term Loan,9.54,"1,985","1,945","1,977",(5)(10),L+,4,,7/9/2026,
oscf-20230630,2023-06-30,Non-Control/Non-Affiliate Investments,Curium Bidco S.à.r.l.,Biotechnology,First Lien Term Loan,9.79,"2,982","2,926","2,966",(5)(10),L+,4.25,,12/2/2027,
oscf-20230630,2023-06-30,Non-Control/Non-Affiliate Investments,"CVAUSA Management, LLC",Health Care Services,First Lien Term Loan,11.59,"13,658","13,254","13,264",(5)(8),SOFR+,6.5,,5/22/2029,
oscf-20230630,2023-06-30,Non-Control/Non-Affiliate Investments,"CVAUSA Management, LLC",Health Care Services,First Lien Term Loan,,—,-202,-197,(5)(8)(9),SOFR+,6.5,,5/22/2029,
oscf-20230630,2023-06-30,Non-Control/Non-Affiliate Investments,"CVAUSA Management, LLC",Health Care Services,First Lien Term Loan,,—,-86,-82,(5)(8)(9),SOFR+,6.5,,5/22/2029,
oscf-20230630,2023-06-30,Non-Control/Non-Affiliate Investments,"CVAUSA Management, LLC",Health Care Services,First Lien Revolver,,—,-75,-73,(5)(8)(9),SOFR+,6.5,,5/22/2029,
oscf-20230630,2023-06-30,Non-Control/Non-Affiliate Investments,"Dealer Tire Financial, LLC",Distributors,First Lien Term Loan,9.6,"11,151","11,075","11,123",-5,SOFR+,4.5,,12/14/2027,
oscf-20230630,2023-06-30,Non-Control/Non-Affiliate Investments,Delta Leasing SPV II LLC,Specialized Finance,Subordinated Debt Term Loan,3,"10,300","10,300","10,300",(8)(9)(10),,,7,8/31/2029,
oscf-20230630,2023-06-30,Non-Control/Non-Affiliate Investments,Delta Leasing SPV II LLC,Specialized Finance,Preferred Equity,,,330,330,(8)(10),,,,,330
oscf-20230630,2023-06-30,Non-Control/Non-Affiliate Investments,Delta Leasing SPV II LLC,Specialized Finance,Common Stock,,,2,2,(8)(10),,,,,2
oscf-20230630,2023-06-30,Non-Control/Non-Affiliate Investments,Delta Leasing SPV II LLC,Specialized Finance,Warrants,,,0,0,(8)(10),,,,,25
oscf-20230630,2023-06-30,Non-Control/Non-Affiliate Investments,"DirecTV Financing, LLC",Cable & Satellite,First Lien Term Loan,10.22,"13,801","13,383","13,523",-5,SOFR+,5,,8/2/2027,
oscf-20230630,2023-06-30,Non-Control/Non-Affiliate Investments,"DirecTV Financing, LLC",Cable & Satellite,Fixed Rate Bond,5.88,"1,750","1,585","1,587",,,,,8/15/2027,
oscf-20230630,2023-06-30,Non-Control/Non-Affiliate Investments,"DTI Holdco, Inc.",Research & Consulting Services,First Lien Term Loan,9.8,"13,176","12,587","12,299",-5,SOFR+,4.75,,4/26/2029,
oscf-20230630,2023-06-30,Non-Control/Non-Affiliate Investments,Dukes Root Control Inc.,Environmental & Facilities Services,First Lien Term Loan,11.56,"11,834","11,593","11,596",(5)(8),SOFR+,6.5,,12/8/2028,
oscf-20230630,2023-06-30,Non-Control/Non-Affiliate Investments,Dukes Root Control Inc.,Environmental & Facilities Services,First Lien Term Loan,11.84,667,635,609,(5)(8)(9),SOFR+,6.5,,12/8/2028,
oscf-20230630,2023-06-30,Non-Control/Non-Affiliate Investments,Dukes Root Control Inc.,Environmental & Facilities Services,First Lien Revolver,11.72,580,551,551,(5)(8)(9),SOFR+,6.5,,12/8/2028,
oscf-20230630,2023-06-30,Non-Control/Non-Affiliate Investments,Establishment Labs Holdings Inc.,Health Care Technology,First Lien Term Loan,3,"10,883","10,764","10,448",(8)(10),,,6,4/21/2027,
oscf-20230630,2023-06-30,Non-Control/Non-Affiliate Investments,Establishment Labs Holdings Inc.,Health Care Technology,First Lien Term Loan,3,"1,743","1,717","1,673",(8)(10),,,6,4/21/2027,
oscf-20230630,2023-06-30,Non-Control/Non-Affiliate Investments,Establishment Labs Holdings Inc.,Health Care Technology,First Lien Term Loan,3,—,1,0,(8)(9)(10),,,6,4/21/2027,
oscf-20230630,2023-06-30,Non-Control/Non-Affiliate Investments,Establishment Labs Holdings Inc.,Health Care Technology,First Lien Term Loan,3,—,1,0,(8)(9)(10),,,6,4/21/2027,
oscf-20230630,2023-06-30,Non-Control/Non-Affiliate Investments,"Frontier Communications Holdings, LLC",Integrated Telecommunication Services,First Lien Term Loan,9,"15,906","15,462","15,456",(5)(10),SOFR+,3.75,,10/8/2027,
oscf-20230630,2023-06-30,Non-Control/Non-Affiliate Investments,"Frontier Communications Holdings, LLC",Integrated Telecommunication Services,Fixed Rate Bond,6,"7,517","6,276","5,536",-10,,,,1/15/2030,
oscf-20230630,2023-06-30,Non-Control/Non-Affiliate Investments,"Galileo Parent, Inc.",Aerospace & Defense,First Lien Term Loan,12.34,"20,277","19,685","19,697",(5)(8),SOFR+,7.25,,5/3/2029,
oscf-20230630,2023-06-30,Non-Control/Non-Affiliate Investments,"Galileo Parent, Inc.",Aerospace & Defense,First Lien Revolver,12.34,"1,397","1,305","1,307",(5)(8)(9),SOFR+,7.25,,5/3/2029,
oscf-20230630,2023-06-30,Non-Control/Non-Affiliate Investments,"Gibson Brands, Inc.",Leisure Products,First Lien Term Loan,10.25,"4,930","4,777","3,993",(5)(8),SOFR+,5,,8/11/2028,
oscf-20230630,2023-06-30,Non-Control/Non-Affiliate Investments,Global Aircraft Leasing Co Ltd,Trading Companies & Distributors,Fixed Rate Bond,6.5,"7,645","6,954","7,007",-10,,,,9/15/2024,
oscf-20230630,2023-06-30,Non-Control/Non-Affiliate Investments,GoldenTree Loan Management EUR CLO 2 DAC,Multi-Sector Holdings,CLO Notes,6.05,"1,000",872,970,(5)(10),E+,2.85,,1/20/2032,
oscf-20230630,2023-06-30,Non-Control/Non-Affiliate Investments,"Grove Hotel Parcel Owner, LLC","Hotels, Resorts & Cruise Lines",First Lien Term Loan,13.39,"17,551","17,272","17,376",(5)(8),SOFR+,8,,6/21/2027,
oscf-20230630,2023-06-30,Non-Control/Non-Affiliate Investments,"Grove Hotel Parcel Owner, LLC","Hotels, Resorts & Cruise Lines",First Lien Term Loan,,—,-56,-35,(5)(8)(9),SOFR+,8,,6/21/2027,
oscf-20230630,2023-06-30,Non-Control/Non-Affiliate Investments,"Grove Hotel Parcel Owner, LLC","Hotels, Resorts & Cruise Lines",First Lien Revolver,,—,-28,-18,(5)(8)(9),SOFR+,8,,6/21/2027,
oscf-20230630,2023-06-30,Non-Control/Non-Affiliate Investments,Harbor Purchaser Inc.,Education Services,First Lien Term Loan,10.45,"10,471","10,064","8,992",-5,SOFR+,5.25,,4/9/2029,
oscf-20230630,2023-06-30,Non-Control/Non-Affiliate Investments,"Harrow Health, Inc.",Pharmaceuticals,First Lien Term Loan,11.74,"9,319","9,108","9,127",(5)(8)(10),SOFR+,6.5,,1/19/2026,
oscf-20230630,2023-06-30,Non-Control/Non-Affiliate Investments,"Harrow Health, Inc.",Pharmaceuticals,First Lien Term Loan,,—,-114,-103,(5)(8)(9)(10),SOFR+,6.5,,1/19/2026,
oscf-20230630,2023-06-30,Non-Control/Non-Affiliate Investments,Horizon Aircraft Finance I Ltd.,Specialized Finance,CLO Notes,4.46,"3,081","2,479","2,667",-10,,,,12/15/2038,
oscf-20230630,2023-06-30,Non-Control/Non-Affiliate Investments,"HUB Pen Company, LLC",Other Specialty Retail,First Lien Term Loan,11.76,"27,404","26,680","26,708",(5)(8),SOFR+,6.5,,12/31/2027,
oscf-20230630,2023-06-30,Non-Control/Non-Affiliate Investments,"HUB Pen Company, LLC",Other Specialty Retail,First Lien Revolver,11.76,108,20,24,(5)(8)(9),SOFR+,6.5,,12/31/2027,
oscf-20230630,2023-06-30,Non-Control/Non-Affiliate Investments,IAMGOLD Corporation,Gold,Second Lien Term Loan,13.3,"28,394","27,564","27,585",(5)(8)(10),SOFR+,8.25,,5/16/2028,
oscf-20230630,2023-06-30,Non-Control/Non-Affiliate Investments,"iCIMs, Inc.",Application Software,First Lien Term Loan,8.5,"15,468","15,243","14,858",(5)(8),SOFR+,3.38,3.88,8/18/2028,
oscf-20230630,2023-06-30,Non-Control/Non-Affiliate Investments,"iCIMs, Inc.",Application Software,First Lien Term Loan,12.38,"2,325","2,289","2,279",(5)(8),SOFR+,7.25,,8/18/2028,
oscf-20230630,2023-06-30,Non-Control/Non-Affiliate Investments,"iCIMs, Inc.",Application Software,First Lien Term Loan,,—,0,0,(5)(8)(9),SOFR+,7.25,,8/18/2028,
oscf-20230630,2023-06-30,Non-Control/Non-Affiliate Investments,"iCIMs, Inc.",Application Software,First Lien Revolver,11.99,241,220,184,(5)(8)(9),SOFR+,6.75,,8/18/2028,
oscf-20230630,2023-06-30,Non-Control/Non-Affiliate Investments,"Impel Neuropharma, Inc.",Health Care Technology,First Lien Term Loan,,"5,565","5,565","5,189",(8)(12),,,,2/15/2031,
oscf-20230630,2023-06-30,Non-Control/Non-Affiliate Investments,"Impel Neuropharma, Inc.",Health Care Technology,First Lien Term Loan,14.14,"4,768","4,697","4,589",(5)(8),SOFR+,8.75,,3/17/2027,
oscf-20230630,2023-06-30,Non-Control/Non-Affiliate Investments,Innocoll Pharmaceuticals Limited,Health Care Technology,First Lien Term Loan,11,"4,316","4,178","3,947",(8)(10),,,,1/26/2027,
oscf-20230630,2023-06-30,Non-Control/Non-Affiliate Investments,Innocoll Pharmaceuticals Limited,Health Care Technology,First Lien Term Loan,11,—,0,0,(8)(9)(10),,,,1/26/2027,
oscf-20230630,2023-06-30,Non-Control/Non-Affiliate Investments,Innocoll Pharmaceuticals Limited,Health Care Technology,First Lien Term Loan,11,—,0,0,(8)(9)(10),,,,1/26/2027,
oscf-20230630,2023-06-30,Non-Control/Non-Affiliate Investments,Innocoll Pharmaceuticals Limited,Health Care Technology,Warrants,,,85,88,(8)(10),,,,,"36,087"
oscf-20230630,2023-06-30,Non-Control/Non-Affiliate Investments,"Inventus Power, Inc.",Electrical Components & Equipment,First Lien Term Loan,12.72,"43,875","42,560","42,558",(5)(8),SOFR+,7.5,,6/30/2025,
oscf-20230630,2023-06-30,Non-Control/Non-Affiliate Investments,"Inventus Power, Inc.",Electrical Components & Equipment,First Lien Revolver,,—,-149,-149,(5)(8)(9),SOFR+,7.5,,6/30/2025,
oscf-20230630,2023-06-30,Non-Control/Non-Affiliate Investments,"Iris Holding, Inc.","Metal, Glass & Plastic Containers",First Lien Term Loan,9.9,"10,918","10,255","9,297",(5)(10),SOFR+,4.75,,6/28/2028,
oscf-20230630,2023-06-30,Non-Control/Non-Affiliate Investments,IW Buyer LLC,Electrical Components & Equipment,First Lien Term Loan,11.8,"34,461","33,428","33,428",(5)(8),SOFR+,6.75,,6/28/2029,
oscf-20230630,2023-06-30,Non-Control/Non-Affiliate Investments,IW Buyer LLC,Electrical Components & Equipment,First Lien Revolver,11.8,459,267,267,(5)(8)(9),SOFR+,6.75,,6/28/2029,
oscf-20230630,2023-06-30,Non-Control/Non-Affiliate Investments,Kindercare Learning Centers Kindercare Portfolio,Diversified Real Estate Activities,CLO Notes,7.56,"4,964","4,617","4,633",(5)(10),SOFR+,2.41,,8/15/2038,
oscf-20230630,2023-06-30,Non-Control/Non-Affiliate Investments,"Kings Buyer, LLC",Environmental & Facilities Services,First Lien Term Loan,11.84,"4,815","4,767","4,742",(5)(8),SOFR+,6.5,,10/29/2027,
oscf-20230630,2023-06-30,Non-Control/Non-Affiliate Investments,"Kings Buyer, LLC",Environmental & Facilities Services,First Lien Revolver,11.84,156,150,146,(5)(8)(9),SOFR+,6.5,,10/29/2027,
oscf-20230630,2023-06-30,Non-Control/Non-Affiliate Investments,"LABL, Inc.",Office Services & Supplies,First Lien Term Loan,10.2,"13,682","13,222","13,570",-5,SOFR+,5,,10/29/2028,
oscf-20230630,2023-06-30,Non-Control/Non-Affiliate Investments,Latam Airlines Group S.A.,Passenger Airlines,First Lien Term Loan,14.61,"12,063","11,166","12,289",(5)(10),SOFR+,9.5,,10/12/2027,
oscf-20230630,2023-06-30,Non-Control/Non-Affiliate Investments,"LSL Holdco, LLC",Health Care Distributors,First Lien Term Loan,11.2,"9,020","8,882","8,524",(5)(8),SOFR+,6,,1/31/2028,
oscf-20230630,2023-06-30,Non-Control/Non-Affiliate Investments,"LSL Holdco, LLC",Health Care Distributors,First Lien Term Loan,11.2,"1,050",985,992,(5)(8),SOFR+,6,,1/31/2028,
oscf-20230630,2023-06-30,Non-Control/Non-Affiliate Investments,"LSL Holdco, LLC",Health Care Distributors,First Lien Revolver,,—,-16,-56,(5)(8)(9),SOFR+,6,,1/31/2028,
oscf-20230630,2023-06-30,Non-Control/Non-Affiliate Investments,"LTI Holdings, Inc.",Electronic Components,First Lien Term Loan,8.72,"6,909","6,677","6,653",-5,SOFR+,3.5,,9/6/2025,
oscf-20230630,2023-06-30,Non-Control/Non-Affiliate Investments,Madison Park Funding LXIII,Multi-Sector Holdings,CLO Notes,10.58,"5,000","5,000","5,064",(5)(10),SOFR+,5.5,,4/21/2035,
oscf-20230630,2023-06-30,Non-Control/Non-Affiliate Investments,Mauser Packaging Solutions Holding Company,"Metal, Glass & Plastic Containers",First Lien Term Loan,9.16,"8,000","7,886","7,987",-5,SOFR+,4,,8/14/2026,
oscf-20230630,2023-06-30,Non-Control/Non-Affiliate Investments,Mauser Packaging Solutions Holding Company,"Metal, Glass & Plastic Containers",Fixed Rate Bond,7.88,"2,000","2,000","1,989",,,,,8/15/2026,
oscf-20230630,2023-06-30,Non-Control/Non-Affiliate Investments,McAfee Corp.,Systems Software,First Lien Term Loan,9.01,"12,902","12,241","12,377",-5,SOFR+,3.75,,3/1/2029,
oscf-20230630,2023-06-30,Non-Control/Non-Affiliate Investments,"Medline Borrower, LP",Health Care Supplies,First Lien Term Loan,8.47,"11,945","11,526","11,821",-5,SOFR+,3.25,,10/23/2028,
oscf-20230630,2023-06-30,Non-Control/Non-Affiliate Investments,"Mesoblast, Inc.",Biotechnology,First Lien Term Loan,8,"2,315","2,168","2,072",(8)(10),,,1.75,11/19/2026,
oscf-20230630,2023-06-30,Non-Control/Non-Affiliate Investments,"Mesoblast, Inc.",Biotechnology,First Lien Term Loan,8,—,0,0,(8)(9)(10),,,1.75,11/19/2026,
oscf-20230630,2023-06-30,Non-Control/Non-Affiliate Investments,"Mesoblast, Inc.",Biotechnology,First Lien Term Loan,8,—,0,0,(8)(9)(10),,,1.75,11/19/2026,
oscf-20230630,2023-06-30,Non-Control/Non-Affiliate Investments,"Mesoblast, Inc.",Biotechnology,Warrants,,,152,111,(8)(10),,,,,"66,347"
oscf-20230630,2023-06-30,Non-Control/Non-Affiliate Investments,"Mesoblast, Inc.",Biotechnology,Warrants,,,0,39,(8)(10),,,,,"17,058"
oscf-20230630,2023-06-30,Non-Control/Non-Affiliate Investments,"MHE Intermediate Holdings, LLC",Diversified Support Services,First Lien Term Loan,11.45,"2,836","2,765","2,785",(5)(8),SOFR+,6.25,,7/21/2027,
oscf-20230630,2023-06-30,Non-Control/Non-Affiliate Investments,"MHE Intermediate Holdings, LLC",Diversified Support Services,First Lien Term Loan,11.2,"5,299","5,193","5,161",(5)(8),SOFR+,6,,7/21/2027,
oscf-20230630,2023-06-30,Non-Control/Non-Affiliate Investments,"Mitchell International, Inc.",Application Software,First Lien Term Loan,8.94,"9,451","8,973","9,259",-5,L+,3.75,,10/15/2028,
oscf-20230630,2023-06-30,Non-Control/Non-Affiliate Investments,"Mitchell International, Inc.",Application Software,Second Lien Term Loan,11.69,"4,000","3,809","3,550",-5,SOFR+,6.5,,10/15/2029,
oscf-20230630,2023-06-30,Non-Control/Non-Affiliate Investments,MND Holdings III Corp,Other Specialty Retail,First Lien Term Loan,12.74,"41,587","40,867","40,867",(5)(8),SOFR+,7.5,,5/9/2028,
oscf-20230630,2023-06-30,Non-Control/Non-Affiliate Investments,MND Holdings III Corp,Other Specialty Retail,First Lien Revolver,12.58,"2,166","1,895","1,895",(5)(8)(9),SOFR+,7.5,,5/9/2028,
oscf-20230630,2023-06-30,Non-Control/Non-Affiliate Investments,MRI Software LLC,Application Software,First Lien Term Loan,10.84,"4,609","4,460","4,482",(5)(8),SOFR+,5.5,,2/10/2026,
oscf-20230630,2023-06-30,Non-Control/Non-Affiliate Investments,MRI Software LLC,Application Software,First Lien Term Loan,10.84,"4,966","4,958","4,830",(5)(8),SOFR+,5.5,,2/10/2026,
oscf-20230630,2023-06-30,Non-Control/Non-Affiliate Investments,MRI Software LLC,Application Software,First Lien Term Loan,10.83,798,790,736,(5)(8)(9),SOFR+,5.5,,2/10/2026,
oscf-20230630,2023-06-30,Non-Control/Non-Affiliate Investments,New Enterprise Stone & Lime Co Inc,Construction Materials,Fixed Rate Bond,5.25,500,453,456,,,,,7/15/2028,
oscf-20230630,2023-06-30,Non-Control/Non-Affiliate Investments,NFP Corp.,Diversified Financial Services,Fixed Rate Bond,4.88,"2,000","1,768","1,789",,,,,8/15/2028,
oscf-20230630,2023-06-30,Non-Control/Non-Affiliate Investments,NFP Corp.,Diversified Financial Services,Fixed Rate Bond,6.88,"3,784","3,461","3,290",,,,,8/15/2028,
oscf-20230630,2023-06-30,Non-Control/Non-Affiliate Investments,"North Star Acquisitionco, LLC",Education Services,First Lien Term Loan,10.81,"36,717","36,002","36,023",(5)(8),SOFR+,6,,5/3/2029,
oscf-20230630,2023-06-30,Non-Control/Non-Affiliate Investments,"North Star Acquisitionco, LLC",Education Services,First Lien Term Loan,,—,-33,-32,(5)(8)(9),SOFR+,6,,5/3/2029,
oscf-20230630,2023-06-30,Non-Control/Non-Affiliate Investments,"North Star Acquisitionco, LLC",Education Services,First Lien Revolver,,—,-86,-83,(5)(8)(9),SOFR+,6,,5/3/2029,
oscf-20230630,2023-06-30,Non-Control/Non-Affiliate Investments,OEConnection LLC,Application Software,Second Lien Term Loan,12.34,"5,355","5,276","5,221",(5)(8),SOFR+,7,,9/25/2027,
oscf-20230630,2023-06-30,Non-Control/Non-Affiliate Investments,"OFSI BSL CLO XI, Ltd.",Multi-Sector Holdings,CLO Notes,12.58,"2,500","2,173","2,250",(5)(10),SOFR+,7.6,,7/18/2031,
oscf-20230630,2023-06-30,Non-Control/Non-Affiliate Investments,"OneOncology, LLC",Health Care Services,First Lien Term Loan,11.49,"22,885","22,318","22,322",(5)(8),SOFR+,6.25,,6/9/2030,
oscf-20230630,2023-06-30,Non-Control/Non-Affiliate Investments,"OneOncology, LLC",Health Care Services,First Lien Term Loan,,—,-107,-106,(5)(8)(9),SOFR+,6.25,,6/9/2030,
oscf-20230630,2023-06-30,Non-Control/Non-Affiliate Investments,"OneOncology, LLC",Health Care Services,First Lien Revolver,,—,-113,-113,(5)(8)(9),SOFR+,6.25,,6/9/2030,
oscf-20230630,2023-06-30,Non-Control/Non-Affiliate Investments,"Oranje Holdco, Inc.",Systems Software,First Lien Term Loan,12.79,"15,746","15,379","15,385",(5)(8),SOFR+,7.75,,2/1/2029,
oscf-20230630,2023-06-30,Non-Control/Non-Affiliate Investments,"Oranje Holdco, Inc.",Systems Software,First Lien Revolver,,—,-46,-45,(5)(8)(9),SOFR+,7.75,,2/1/2029,
oscf-20230630,2023-06-30,Non-Control/Non-Affiliate Investments,"Park Place Technologies, LLC",Internet Services & Infrastructure,First Lien Term Loan,10.2,"4,957","4,752","4,833",-5,SOFR+,5,,11/10/2027,
oscf-20230630,2023-06-30,Non-Control/Non-Affiliate Investments,PetSmart LLC,Other Specialty Retail,First Lien Term Loan,8.95,"10,929","10,706","10,927",-5,SOFR+,3.75,,2/11/2028,
oscf-20230630,2023-06-30,Non-Control/Non-Affiliate Investments,"Pluralsight, LLC",Application Software,First Lien Term Loan,13.04,"26,144","22,222","25,177",(5)(8),SOFR+,8,,4/6/2027,
oscf-20230630,2023-06-30,Non-Control/Non-Affiliate Investments,"Pluralsight, LLC",Application Software,First Lien Revolver,13.04,820,574,759,(5)(8)(9),SOFR+,8,,4/6/2027,
oscf-20230630,2023-06-30,Non-Control/Non-Affiliate Investments,"PPW Aero Buyer, Inc.",Aerospace & Defense,First Lien Term Loan,12.1,"26,825","25,818","25,779",(5)(8),SOFR+,7,,2/15/2029,
oscf-20230630,2023-06-30,Non-Control/Non-Affiliate Investments,"PPW Aero Buyer, Inc.",Aerospace & Defense,First Lien Revolver,,—,-135,-141,(5)(8)(9),SOFR+,7,,2/15/2029,
oscf-20230630,2023-06-30,Non-Control/Non-Affiliate Investments,"Profrac Holdings II, LLC",Industrial Machinery & Supplies & Components,First Lien Term Loan,12.42,"5,457","5,365","5,348",(5)(8),SOFR+,7.25,,3/4/2025,
oscf-20230630,2023-06-30,Non-Control/Non-Affiliate Investments,"Profrac Holdings II, LLC",Industrial Machinery & Supplies & Components,First Lien Term Loan,12.42,628,619,615,(5)(8),SOFR+,7.25,,3/4/2025,
oscf-20230630,2023-06-30,Non-Control/Non-Affiliate Investments,Renaissance Holding Corp.,Education Services,First Lien Term Loan,9.99,"16,000","15,535","15,834",-5,SOFR+,4.75,,4/7/2030,
oscf-20230630,2023-06-30,Non-Control/Non-Affiliate Investments,"Salus Workers' Compensation, LLC",Diversified Financial Services,First Lien Term Loan,15.24,"15,638","15,120","15,169",(5)(8),SOFR+,10,,10/7/2026,
oscf-20230630,2023-06-30,Non-Control/Non-Affiliate Investments,"Salus Workers' Compensation, LLC",Diversified Financial Services,First Lien Revolver,,—,-63,-57,(5)(8)(9),SOFR+,10,,10/7/2026,
oscf-20230630,2023-06-30,Non-Control/Non-Affiliate Investments,"Salus Workers' Compensation, LLC",Diversified Financial Services,Warrants,,,200,"1,152",-8,,,,,"606,357"
oscf-20230630,2023-06-30,Non-Control/Non-Affiliate Investments,SCIH Salt Holdings Inc.,Diversified Metals & Mining,First Lien Term Loan,9.19,"7,975","7,806","7,870",-5,SOFR+,4,,3/16/2027,
oscf-20230630,2023-06-30,Non-Control/Non-Affiliate Investments,SCIH Salt Holdings Inc.,Diversified Metals & Mining,Fixed Rate Bond,4.88,"2,000","1,804","1,789",,,,,5/1/2028,
oscf-20230630,2023-06-30,Non-Control/Non-Affiliate Investments,"SCP Eye Care Services, LLC",Health Care Services,Second Lien Term Loan,14,"5,881","5,721","5,705",(5)(8),SOFR+,8.75,,10/7/2030,
oscf-20230630,2023-06-30,Non-Control/Non-Affiliate Investments,"SCP Eye Care Services, LLC",Health Care Services,Second Lien Term Loan,,—,-26,-52,(5)(8)(9),SOFR+,8.75,,10/7/2030,
oscf-20230630,2023-06-30,Non-Control/Non-Affiliate Investments,"SCP Eye Care Services, LLC",Health Care Services,Common Stock,,,761,752,-8,,,,,761
oscf-20230630,2023-06-30,Non-Control/Non-Affiliate Investments,scPharmaceuticals Inc.,Pharmaceuticals,First Lien Term Loan,11.75,"7,654","7,302","7,392",(5)(8),SOFR+,8.75,,10/13/2027,
oscf-20230630,2023-06-30,Non-Control/Non-Affiliate Investments,scPharmaceuticals Inc.,Pharmaceuticals,First Lien Term Loan,,—,0,0,(5)(8)(9),SOFR+,8.75,,10/13/2027,
oscf-20230630,2023-06-30,Non-Control/Non-Affiliate Investments,scPharmaceuticals Inc.,Pharmaceuticals,First Lien Term Loan,,—,0,0,(5)(8)(9),SOFR+,8.75,,10/13/2027,
oscf-20230630,2023-06-30,Non-Control/Non-Affiliate Investments,scPharmaceuticals Inc.,Pharmaceuticals,Warrants,,,258,600,-8,,,,,"79,075"
oscf-20230630,2023-06-30,Non-Control/Non-Affiliate Investments,SEI Holding I Corporation,Trading Companies & Distributors,First Lien Term Loan,11.99,"17,463","16,967","16,992",(5)(8),SOFR+,6.75,,3/27/2028,
oscf-20230630,2023-06-30,Non-Control/Non-Affiliate Investments,SEI Holding I Corporation,Trading Companies & Distributors,First Lien Term Loan,11.99,391,350,357,(5)(8)(9),SOFR+,6.75,,3/27/2028,
oscf-20230630,2023-06-30,Non-Control/Non-Affiliate Investments,SEI Holding I Corporation,Trading Companies & Distributors,First Lien Revolver,,—,-43,-41,(5)(8)(9),SOFR+,6.75,,3/27/2028,
oscf-20230630,2023-06-30,Non-Control/Non-Affiliate Investments,"Seres Therapeutics, Inc.",Biotechnology,First Lien Term Loan,12.95,"11,547","11,116","11,129",(5)(8)(10),SOFR+,7.88,,4/27/2029,
oscf-20230630,2023-06-30,Non-Control/Non-Affiliate Investments,"Seres Therapeutics, Inc.",Biotechnology,First Lien Term Loan,12.88,"4,330","4,169","4,173",(5)(8)(10),SOFR+,7.88,,4/27/2029,
oscf-20230630,2023-06-30,Non-Control/Non-Affiliate Investments,"Seres Therapeutics, Inc.",Biotechnology,First Lien Term Loan,,—,0,0,(5)(8)(9)(10),SOFR+,7.88,,4/27/2029,
oscf-20230630,2023-06-30,Non-Control/Non-Affiliate Investments,"Seres Therapeutics, Inc.",Biotechnology,First Lien Term Loan,,—,0,0,(5)(8)(9)(10),SOFR+,7.88,,4/27/2029,
oscf-20230630,2023-06-30,Non-Control/Non-Affiliate Investments,"Seres Therapeutics, Inc.",Biotechnology,Warrants,,,293,324,(8)(10),,,,,"93,470"
oscf-20230630,2023-06-30,Non-Control/Non-Affiliate Investments,"SM Wellness Holdings, Inc.",Health Care Services,First Lien Term Loan,9.97,"12,851","11,963","11,919",(5)(8),SOFR+,4.75,,4/17/2028,
oscf-20230630,2023-06-30,Non-Control/Non-Affiliate Investments,"Southern Veterinary Partners, LLC",Health Care Facilities,First Lien Term Loan,9.22,"3,217","3,089","3,170",-5,SOFR+,4,,10/5/2027,
oscf-20230630,2023-06-30,Non-Control/Non-Affiliate Investments,"SPX Flow, Inc.",Industrial Machinery & Supplies & Components,First Lien Term Loan,9.7,"18,496","17,705","18,303",-5,SOFR+,4.5,,4/5/2029,
oscf-20230630,2023-06-30,Non-Control/Non-Affiliate Investments,Sunshine Luxembourg VII Sarl,Personal Care Products,First Lien Term Loan,9.09,"10,386","10,113","10,347",(5)(10),SOFR+,3.75,,10/1/2026,
oscf-20230630,2023-06-30,Non-Control/Non-Affiliate Investments,"Superior Industries International, Inc.",Auto Parts & Equipment,First Lien Term Loan,12.85,"33,395","32,483","33,048",(5)(8),SOFR+,7.75,,12/16/2028,
oscf-20230630,2023-06-30,Non-Control/Non-Affiliate Investments,"Supreme Fitness Group NY Holdings, LLC",Leisure Facilities,First Lien Term Loan,12.18,"8,217","8,102","7,785",(5)(8)(13),SOFR+,7,,12/31/2026,
oscf-20230630,2023-06-30,Non-Control/Non-Affiliate Investments,"Supreme Fitness Group NY Holdings, LLC",Leisure Facilities,First Lien Term Loan,12.18,704,693,662,(5)(8)(9)(13),SOFR+,7,,12/31/2026,
oscf-20230630,2023-06-30,Non-Control/Non-Affiliate Investments,"Supreme Fitness Group NY Holdings, LLC",Leisure Facilities,First Lien Term Loan,12.18,281,270,236,(5)(8)(9)(13),SOFR+,7,,12/31/2026,
oscf-20230630,2023-06-30,Non-Control/Non-Affiliate Investments,"Supreme Fitness Group NY Holdings, LLC",Leisure Facilities,First Lien Revolver,12.18,396,391,375,(5)(8)(13),SOFR+,7,,12/31/2026,
oscf-20230630,2023-06-30,Non-Control/Non-Affiliate Investments,"Tacala, LLC",Restaurants,First Lien Term Loan,8.69,"2,984","2,865","2,942",-5,L+,3.5,,2/5/2027,
oscf-20230630,2023-06-30,Non-Control/Non-Affiliate Investments,"Tacala, LLC",Restaurants,Second Lien Term Loan,12.69,"7,310","7,119","6,926",-5,L+,7.5,,2/4/2028,
oscf-20230630,2023-06-30,Non-Control/Non-Affiliate Investments,Ten-X LLC,Interactive Media & Services,First Lien Term Loan,11.09,"24,934","23,703","23,750",(5)(8),SOFR+,6,,5/26/2028,
oscf-20230630,2023-06-30,Non-Control/Non-Affiliate Investments,THL Zinc Ventures Ltd,Diversified Metals & Mining,First Lien Term Loan,13,"39,751","39,253","39,270",(8)(10),,,,5/23/2026,
oscf-20230630,2023-06-30,Non-Control/Non-Affiliate Investments,TIBCO Software Inc.,Application Software,First Lien Term Loan,9.84,"15,794","14,573","14,811",-5,SOFR+,4.5,,3/30/2029,
oscf-20230630,2023-06-30,Non-Control/Non-Affiliate Investments,"Touchstone Acquisition, Inc.",Health Care Supplies,First Lien Term Loan,11.2,"8,506","8,372","8,294",(5)(8),SOFR+,6,,12/29/2028,
oscf-20230630,2023-06-30,Non-Control/Non-Affiliate Investments,Transit Buyer LLC,Diversified Support Services,First Lien Term Loan,11.07,"8,448","8,290","8,304",(5)(8),SOFR+,6.25,,1/31/2029,
oscf-20230630,2023-06-30,Non-Control/Non-Affiliate Investments,Transit Buyer LLC,Diversified Support Services,First Lien Term Loan,,—,-72,-65,(5)(8)(9),SOFR+,6.25,,1/31/2029,
oscf-20230630,2023-06-30,Non-Control/Non-Affiliate Investments,Trinitas CLO XV DAC,Multi-Sector Holdings,CLO Notes,12.72,"1,000",814,929,(5)(10),L+,7.45,,4/22/2034,
oscf-20230630,2023-06-30,Non-Control/Non-Affiliate Investments,Uniti Group LP,Other Specialized REITs,Fixed Rate Bond,6.5,"1,750","1,626","1,240",-10,,,,2/15/2029,
oscf-20230630,2023-06-30,Non-Control/Non-Affiliate Investments,Uniti Group LP,Other Specialized REITs,Fixed Rate Bond,4.75,"2,200","1,933","1,828",-10,,,,4/15/2028,
oscf-20230630,2023-06-30,Non-Control/Non-Affiliate Investments,"Wellfleet CLO 2022-2, Ltd.",Multi-Sector Holdings,CLO Notes,13.54,"1,500","1,444","1,454",(5)(10),SOFR+,8.56,,10/18/2035,
oscf-20230630,2023-06-30,Non-Control/Non-Affiliate Investments,"WP CPP Holdings, LLC",Aerospace & Defense,First Lien Term Loan,9.03,"9,657","9,047","8,776",-5,L+,3.75,,4/30/2025,
oscf-20230630,2023-06-30,Non-Control/Non-Affiliate Investments,"WWEX Uni Topco Holdings, LLC",Air Freight & Logistics,First Lien Term Loan,9.5,"6,912","6,581","6,580",-5,SOFR+,4,,7/26/2028,
oscf-20230930,2023-09-30,Non-Control/Non-Affiliate Investments,107-109 Beech OAK22 LLC,Real Estate Development,First Lien Revolver,11,"11,883","11,768","11,614",(8)(9),,,,2/27/2026,
oscf-20230930,2023-09-30,Non-Control/Non-Affiliate Investments,107 Fair Street LLC,Real Estate Development,First Lien Term Loan,12.5,"1,031","1,007",987,(8)(9)(11),,,,5/31/2024,
oscf-20230930,2023-09-30,Non-Control/Non-Affiliate Investments,112-126 Van Houten Real22 LLC,Real Estate Development,First Lien Term Loan,12,"3,287","3,261","3,248",(8)(9)(11),,,,5/4/2024,
oscf-20230930,2023-09-30,Non-Control/Non-Affiliate Investments,AB BSL CLO 4,Multi-Sector Holdings,CLO Notes,10.46,"3,800","3,800","3,815",(5)(10),SOFR+,5.5,,4/20/2036,
oscf-20230930,2023-09-30,Non-Control/Non-Affiliate Investments,"Access CIG, LLC",Diversified Support Services,First Lien Term Loan,10.32,"24,500","23,956","24,224",-5,SOFR+,5,,8/18/2028,
oscf-20230930,2023-09-30,Non-Control/Non-Affiliate Investments,ACP Falcon Buyer Inc,Systems Software,First Lien Term Loan,11.8,"34,667","33,656","33,696",(5)(8),SOFR+,6.5,,8/1/2029,
oscf-20230930,2023-09-30,Non-Control/Non-Affiliate Investments,ACP Falcon Buyer Inc,Systems Software,First Lien Revolver,,—,-156,-149,(5)(8)(9),SOFR+,6.5,,8/1/2029,
oscf-20230930,2023-09-30,Non-Control/Non-Affiliate Investments,ADC Therapeutics SA,Biotechnology,First Lien Term Loan,13.04,"10,406","9,957","9,912",(5)(8)(10),SOFR+,7.5,,8/15/2029,
oscf-20230930,2023-09-30,Non-Control/Non-Affiliate Investments,ADC Therapeutics SA,Biotechnology,First Lien Term Loan,,—,-60,-60,(5)(8)(9)(10),SOFR+,7.5,,8/15/2029,
oscf-20230930,2023-09-30,Non-Control/Non-Affiliate Investments,ADC Therapeutics SA,Biotechnology,Warrants,,,275,9,(8)(10),,,,,"45,727"
oscf-20230930,2023-09-30,Non-Control/Non-Affiliate Investments,AI Sirona (Luxembourg) Acquisition S.a.r.l.,Pharmaceuticals,First Lien Term Loan,8.86,"21,000","23,002","22,242",(5)(10),E+,5,,9/30/2028,
oscf-20230930,2023-09-30,Non-Control/Non-Affiliate Investments,AIP RD Buyer Corp.,Distributors,Second Lien Term Loan,13.17,"4,563","4,492","4,516",(5)(8),SOFR+,7.75,,12/21/2029,
oscf-20230930,2023-09-30,Non-Control/Non-Affiliate Investments,AIP RD Buyer Corp.,Distributors,Common Stock,,,428,721,-8,,,,,"4,560"
oscf-20230930,2023-09-30,Non-Control/Non-Affiliate Investments,Altice France S.A.,Integrated Telecommunication Services,First Lien Term Loan,9.63,"8,940","8,728","8,459",(5)(10),L+,4,,8/14/2026,
oscf-20230930,2023-09-30,Non-Control/Non-Affiliate Investments,Altice France S.A.,Integrated Telecommunication Services,Fixed Rate Bond,5.5,"7,200","6,007","5,188",-10,,,,10/15/2029,
oscf-20230930,2023-09-30,Non-Control/Non-Affiliate Investments,"Alto Pharmacy Holdings, Inc.",Health Care Technology,First Lien Term Loan,5,"13,299","12,386","12,236",(5)(8),SOFR+,11.5,11.99,10/14/2027,
oscf-20230930,2023-09-30,Non-Control/Non-Affiliate Investments,"Alto Pharmacy Holdings, Inc.",Health Care Technology,Warrants,,,943,"2,811",-8,,,,,"878,545"
oscf-20230930,2023-09-30,Non-Control/Non-Affiliate Investments,"American Auto Auction Group, LLC",Consumer Finance,Second Lien Term Loan,14.14,"6,901","6,796","6,107",(5)(8),SOFR+,8.75,,1/2/2029,
oscf-20230930,2023-09-30,Non-Control/Non-Affiliate Investments,American Rock Salt Company LLC,Diversified Metals & Mining,First Lien Term Loan,9.43,"20,324","19,504","18,918",-5,SOFR+,4,,6/9/2028,
oscf-20230930,2023-09-30,Non-Control/Non-Affiliate Investments,"American Tire Distributors, Inc.",Distributors,First Lien Term Loan,11.81,"22,602","20,490","19,863",-5,SOFR+,6.25,,10/20/2028,
oscf-20230930,2023-09-30,Non-Control/Non-Affiliate Investments,Amynta Agency Borrower Inc.,Property & Casualty Insurance,First Lien Term Loan,10.42,"11,970","11,651","11,989",-5,SOFR+,5,,2/28/2028,
oscf-20230930,2023-09-30,Non-Control/Non-Affiliate Investments,"Anastasia Parent, LLC",Personal Care Products,First Lien Term Loan,9.4,"6,840","5,742","4,934",-5,SOFR+,3.75,,8/11/2025,
oscf-20230930,2023-09-30,Non-Control/Non-Affiliate Investments,Ardonagh Midco 3 PLC,Insurance Brokers,First Lien Term Loan,10.45,"9,600","9,626","10,266",(5)(8)(10),E+,6.5,,7/14/2026,
oscf-20230930,2023-09-30,Non-Control/Non-Affiliate Investments,Ardonagh Midco 3 PLC,Insurance Brokers,First Lien Term Loan,12.57,"3,520","3,353","3,591",(5)(8)(9)(10),SOFR+,6.75,,7/14/2026,
oscf-20230930,2023-09-30,Non-Control/Non-Affiliate Investments,ARES LXIV CLO,Multi-Sector Holdings,CLO Notes,9.06,"2,200","2,051","2,128",(5)(10),SOFR+,3.75,,4/15/2035,
oscf-20230930,2023-09-30,Non-Control/Non-Affiliate Investments,ARES LXVIII CLO,Multi-Sector Holdings,CLO Notes,10.83,"5,000","5,000","5,112",(5)(10),SOFR+,5.75,,4/25/2035,
oscf-20230930,2023-09-30,Non-Control/Non-Affiliate Investments,Arsenal AIC Parent LLC,Diversified Metals & Mining,First Lien Term Loan,9.88,"10,000","9,900","9,994",-5,SOFR+,4.5,,8/18/2030,
oscf-20230930,2023-09-30,Non-Control/Non-Affiliate Investments,ASP-R-PAC Acquisition Co LLC,Paper & Plastic Packaging Products & Materials,First Lien Term Loan,11.63,"4,862","4,793","4,577",(5)(8)(10),SOFR+,6,,12/29/2027,
oscf-20230930,2023-09-30,Non-Control/Non-Affiliate Investments,ASP-R-PAC Acquisition Co LLC,Paper & Plastic Packaging Products & Materials,First Lien Revolver,,—,-8,-34,(5)(8)(9)(10),SOFR+,6,,12/29/2027,
oscf-20230930,2023-09-30,Non-Control/Non-Affiliate Investments,Astra Acquisition Corp.,Application Software,First Lien Term Loan,10.9,"4,848","4,620","3,663",-5,SOFR+,5.25,,10/25/2028,
oscf-20230930,2023-09-30,Non-Control/Non-Affiliate Investments,"Asurion, LLC",Property & Casualty Insurance,First Lien Term Loan,9.42,"7,950","7,673","7,724",-5,SOFR+,4,,8/19/2028,
oscf-20230930,2023-09-30,Non-Control/Non-Affiliate Investments,"Asurion, LLC",Property & Casualty Insurance,First Lien Term Loan,9.67,"15,945","15,192","15,518",-5,SOFR+,4.25,,8/19/2028,
oscf-20230930,2023-09-30,Non-Control/Non-Affiliate Investments,"Asurion, LLC",Property & Casualty Insurance,Second Lien Term Loan,10.68,"7,500","6,883","6,680",-5,SOFR+,5.25,,1/20/2029,
oscf-20230930,2023-09-30,Non-Control/Non-Affiliate Investments,athenahealth Group Inc.,Health Care Technology,First Lien Term Loan,8.57,"24,240","23,056","23,854",-5,SOFR+,3.25,,2/15/2029,
oscf-20230930,2023-09-30,Non-Control/Non-Affiliate Investments,athenahealth Group Inc.,Health Care Technology,Fixed Rate Bond,6.5,"3,000","2,597","2,513",,,,,2/15/2030,
oscf-20230930,2023-09-30,Non-Control/Non-Affiliate Investments,athenahealth Group Inc.,Health Care Technology,Preferred Equity,,,"5,693","5,418",-8,,,,,"5,809"
oscf-20230930,2023-09-30,Non-Control/Non-Affiliate Investments,"Avalara, Inc.",Application Software,First Lien Term Loan,12.64,"19,029","18,629","18,734",(5)(8),SOFR+,7.25,,10/19/2028,
oscf-20230930,2023-09-30,Non-Control/Non-Affiliate Investments,"Avalara, Inc.",Application Software,First Lien Revolver,,—,-40,-29,(5)(8)(9),SOFR+,7.25,,10/19/2028,
oscf-20230930,2023-09-30,Non-Control/Non-Affiliate Investments,Bamboo US Bidco LLC,Health Care Equipment,First Lien Term Loan,11.32,"24,960","24,212","24,211",(5)(8),SOFR+,6,,9/30/2030,
oscf-20230930,2023-09-30,Non-Control/Non-Affiliate Investments,Bamboo US Bidco LLC,Health Care Equipment,First Lien Term Loan,9.97,"15,530","15,949","15,949",(5)(8),E+,6,,9/30/2030,
oscf-20230930,2023-09-30,Non-Control/Non-Affiliate Investments,Bamboo US Bidco LLC,Health Care Equipment,First Lien Term Loan,,—,-59,-59,(5)(8)(9),SOFR+,6,,9/30/2030,
oscf-20230930,2023-09-30,Non-Control/Non-Affiliate Investments,Bamboo US Bidco LLC,Health Care Equipment,First Lien Revolver,,—,-156,-156,(5)(8)(9),SOFR+,6,,10/1/2029,
oscf-20230930,2023-09-30,Non-Control/Non-Affiliate Investments,Bausch + Lomb Corp,Health Care Supplies,Fixed Rate Bond,8.38,"6,000","6,000","6,025",-10,,,,10/1/2028,
oscf-20230930,2023-09-30,Non-Control/Non-Affiliate Investments,"BioXcel Therapeutics, Inc.",Pharmaceuticals,First Lien Term Loan,8,"3,220","3,123","2,967",(8)(10),,,2.25,4/19/2027,
oscf-20230930,2023-09-30,Non-Control/Non-Affiliate Investments,"BioXcel Therapeutics, Inc.",Pharmaceuticals,First Lien Term Loan,,"1,580","1,580","1,510",(8)(9)(10)(12),,,,9/30/2032,
oscf-20230930,2023-09-30,Non-Control/Non-Affiliate Investments,"BioXcel Therapeutics, Inc.",Pharmaceuticals,First Lien Term Loan,8,—,0,0,(8)(9)(10),,,2.25,4/19/2027,
oscf-20230930,2023-09-30,Non-Control/Non-Affiliate Investments,"BioXcel Therapeutics, Inc.",Pharmaceuticals,First Lien Term Loan,,—,0,0,(8)(9)(10)(12),,,,9/30/2032,
oscf-20230930,2023-09-30,Non-Control/Non-Affiliate Investments,"BioXcel Therapeutics, Inc.",Pharmaceuticals,First Lien Term Loan,8,—,0,0,(8)(9)(10),,,2.25,4/19/2027,
oscf-20230930,2023-09-30,Non-Control/Non-Affiliate Investments,"BioXcel Therapeutics, Inc.",Pharmaceuticals,First Lien Term Loan,,—,0,0,(8)(9)(10)(12),,,,9/30/2032,
oscf-20230930,2023-09-30,Non-Control/Non-Affiliate Investments,"BioXcel Therapeutics, Inc.",Pharmaceuticals,Warrants,,,74,1,(8)(10),,,,,"12,453"
oscf-20230930,2023-09-30,Non-Control/Non-Affiliate Investments,CCO Holdings LLC,Cable & Satellite,Fixed Rate Bond,4.5,"12,281","10,034","9,651",-10,,,,5/1/2032,
oscf-20230930,2023-09-30,Non-Control/Non-Affiliate Investments,CD&R Firefly Bidco Limited,Other Specialty Retail,First Lien Term Loan,11.29,"21,086","25,375","25,215",(5)(10),SONIA+,6,,6/21/2028,
oscf-20230930,2023-09-30,Non-Control/Non-Affiliate Investments,"Clear Channel Outdoor Holdings, Inc.",Advertising,First Lien Term Loan,9.13,"6,915","6,523","6,732",(5)(10),SOFR+,3.5,,8/21/2026,
oscf-20230930,2023-09-30,Non-Control/Non-Affiliate Investments,"Clear Channel Outdoor Holdings, Inc.",Advertising,Fixed Rate Bond,5.13,726,644,645,-10,,,,8/15/2027,
oscf-20230930,2023-09-30,Non-Control/Non-Affiliate Investments,"Clear Channel Outdoor Holdings, Inc.",Advertising,Fixed Rate Bond,9,"4,000","4,000","3,966",-10,,,,9/15/2028,
oscf-20230930,2023-09-30,Non-Control/Non-Affiliate Investments,Colony Holding Corporation,Distributors,First Lien Term Loan,11.97,"12,117","11,825","11,834",(5)(8),SOFR+,6.5,,5/13/2026,
oscf-20230930,2023-09-30,Non-Control/Non-Affiliate Investments,Colony Holding Corporation,Distributors,First Lien Term Loan,11.97,"3,940","3,872","3,848",(5)(8),SOFR+,6.5,,5/13/2026,
oscf-20230930,2023-09-30,Non-Control/Non-Affiliate Investments,Condor Merger Sub Inc.,Systems Software,Fixed Rate Bond,7.38,"4,527","4,505","3,795",,,,,2/15/2030,
oscf-20230930,2023-09-30,Non-Control/Non-Affiliate Investments,"Coupa Holdings, LLC",Application Software,First Lien Term Loan,12.82,"13,464","13,155","13,158",(5)(8),SOFR+,7.5,,2/27/2030,
oscf-20230930,2023-09-30,Non-Control/Non-Affiliate Investments,"Coupa Holdings, LLC",Application Software,First Lien Term Loan,,—,-15,-13,(5)(8)(9),SOFR+,7.5,,2/27/2030,
oscf-20230930,2023-09-30,Non-Control/Non-Affiliate Investments,"Coupa Holdings, LLC",Application Software,First Lien Revolver,,—,-21,-21,(5)(8)(9),SOFR+,7.5,,2/27/2029,
oscf-20230930,2023-09-30,Non-Control/Non-Affiliate Investments,"Covetrus, Inc.",Health Care Distributors,First Lien Term Loan,10.39,"23,976","22,737","23,758",-5,SOFR+,5,,10/13/2029,
oscf-20230930,2023-09-30,Non-Control/Non-Affiliate Investments,Cuppa Bidco BV,Soft Drinks & Non-alcoholic Beverages,First Lien Term Loan,8.68,"5,666","4,958","5,542",(5)(10),E+,4.75,,7/30/2029,
oscf-20230930,2023-09-30,Non-Control/Non-Affiliate Investments,Curium Bidco S.à.r.l.,Biotechnology,First Lien Term Loan,9.89,"8,446","8,316","8,446",(5)(10),SOFR+,4.5,,7/31/2029,
oscf-20230930,2023-09-30,Non-Control/Non-Affiliate Investments,"CVAUSA Management, LLC",Health Care Services,First Lien Term Loan,11.93,"18,059","17,673","17,562",(5)(8),SOFR+,6.5,,5/22/2029,
oscf-20230930,2023-09-30,Non-Control/Non-Affiliate Investments,"CVAUSA Management, LLC",Health Care Services,First Lien Term Loan,,—,-149,-152,(5)(8)(9),SOFR+,6.5,,5/22/2029,
oscf-20230930,2023-09-30,Non-Control/Non-Affiliate Investments,"CVAUSA Management, LLC",Health Care Services,First Lien Term Loan,,—,-117,-63,(5)(8)(9),SOFR+,6.5,,5/22/2029,
oscf-20230930,2023-09-30,Non-Control/Non-Affiliate Investments,"CVAUSA Management, LLC",Health Care Services,First Lien Revolver,,—,-72,-70,(5)(8)(9),SOFR+,6.5,,5/22/2029,
oscf-20230930,2023-09-30,Non-Control/Non-Affiliate Investments,"Dealer Tire Financial, LLC",Distributors,First Lien Term Loan,9.82,"11,123","11,048","11,157",-5,SOFR+,4.5,,12/14/2027,
oscf-20230930,2023-09-30,Non-Control/Non-Affiliate Investments,Delta Leasing SPV II LLC,Specialized Finance,Subordinated Debt Term Loan,3,"13,792","13,792","13,792",(8)(9)(10),,,7,8/31/2029,
oscf-20230930,2023-09-30,Non-Control/Non-Affiliate Investments,Delta Leasing SPV II LLC,Specialized Finance,Preferred Equity,,,330,330,(8)(10),,,,,330
oscf-20230930,2023-09-30,Non-Control/Non-Affiliate Investments,Delta Leasing SPV II LLC,Specialized Finance,Common Stock,,,2,2,(8)(10),,,,,2
oscf-20230930,2023-09-30,Non-Control/Non-Affiliate Investments,Delta Leasing SPV II LLC,Specialized Finance,Warrants,,,0,0,(8)(10),,,,,25
oscf-20230930,2023-09-30,Non-Control/Non-Affiliate Investments,"DirecTV Financing, LLC",Cable & Satellite,First Lien Term Loan,10.43,"13,433","13,051","13,159",-5,SOFR+,5,,8/2/2027,
oscf-20230930,2023-09-30,Non-Control/Non-Affiliate Investments,"DirecTV Financing, LLC",Cable & Satellite,Fixed Rate Bond,5.88,"1,750","1,593","1,550",,,,,8/15/2027,
oscf-20230930,2023-09-30,Non-Control/Non-Affiliate Investments,"DTI Holdco, Inc.",Research & Consulting Services,First Lien Term Loan,10.12,"21,702","20,717","21,180",-5,SOFR+,4.75,,4/26/2029,
oscf-20230930,2023-09-30,Non-Control/Non-Affiliate Investments,Dukes Root Control Inc.,Environmental & Facilities Services,First Lien Term Loan,12.04,"11,804","11,575","11,705",(5)(8),SOFR+,6.5,,12/8/2028,
oscf-20230930,2023-09-30,Non-Control/Non-Affiliate Investments,Dukes Root Control Inc.,Environmental & Facilities Services,First Lien Term Loan,12.04,666,633,641,(5)(8)(9),SOFR+,6.5,,12/8/2028,
oscf-20230930,2023-09-30,Non-Control/Non-Affiliate Investments,Dukes Root Control Inc.,Environmental & Facilities Services,First Lien Revolver,12,580,552,568,(5)(8)(9),SOFR+,6.5,,12/8/2028,
oscf-20230930,2023-09-30,Non-Control/Non-Affiliate Investments,"Entrata, Inc.",Application Software,First Lien Term Loan,11.33,"45,603","44,500","44,463",(5)(8),SOFR+,6,,7/10/2030,
oscf-20230930,2023-09-30,Non-Control/Non-Affiliate Investments,"Entrata, Inc.",Application Software,First Lien Revolver,,—,-124,-130,(5)(8)(9),SOFR+,6,,7/10/2028,
oscf-20230930,2023-09-30,Non-Control/Non-Affiliate Investments,Establishment Labs Holdings Inc.,Health Care Technology,First Lien Term Loan,3,"11,048","10,937","10,662",(8)(10),,,6,4/21/2027,
oscf-20230930,2023-09-30,Non-Control/Non-Affiliate Investments,Establishment Labs Holdings Inc.,Health Care Technology,First Lien Term Loan,3,"1,769","1,745","1,707",(8)(10),,,6,4/21/2027,
oscf-20230930,2023-09-30,Non-Control/Non-Affiliate Investments,Establishment Labs Holdings Inc.,Health Care Technology,First Lien Term Loan,3,—,1,0,(8)(9)(10),,,6,4/21/2027,
oscf-20230930,2023-09-30,Non-Control/Non-Affiliate Investments,Establishment Labs Holdings Inc.,Health Care Technology,First Lien Term Loan,3,—,1,0,(8)(9)(10),,,6,4/21/2027,
oscf-20230930,2023-09-30,Non-Control/Non-Affiliate Investments,"Evergreen IX Borrower 2023, LLC",Application Software,First Lien Term Loan,11.32,"36,306","35,399","35,398",(5)(8),SOFR+,6,,9/29/2030,
oscf-20230930,2023-09-30,Non-Control/Non-Affiliate Investments,"Evergreen IX Borrower 2023, LLC",Application Software,First Lien Revolver,,—,-100,-100,(5)(8)(9),SOFR+,6,,9/29/2029,
oscf-20230930,2023-09-30,Non-Control/Non-Affiliate Investments,"Finastra USA, Inc.",Application Software,First Lien Term Loan,12.55,"43,732","42,864","42,870",(5)(8)(10),SOFR+,7.25,,9/13/2029,
oscf-20230930,2023-09-30,Non-Control/Non-Affiliate Investments,"Finastra USA, Inc.",Application Software,First Lien Revolver,12.55,961,871,871,(5)(8)(9)(10),SOFR+,7.25,,9/13/2029,
oscf-20230930,2023-09-30,Non-Control/Non-Affiliate Investments,"Frontier Communications Holdings, LLC",Integrated Telecommunication Services,First Lien Term Loan,9.18,"20,853","20,306","20,326",(5)(10),SOFR+,3.75,,10/8/2027,
oscf-20230930,2023-09-30,Non-Control/Non-Affiliate Investments,"Frontier Communications Holdings, LLC",Integrated Telecommunication Services,Fixed Rate Bond,6,"7,517","6,311","5,508",-10,,,,1/15/2030,
oscf-20230930,2023-09-30,Non-Control/Non-Affiliate Investments,"Galileo Parent, Inc.",Aerospace & Defense,First Lien Term Loan,12.64,"20,277","19,711","19,711",(5)(8),SOFR+,7.25,,5/3/2029,
oscf-20230930,2023-09-30,Non-Control/Non-Affiliate Investments,"Galileo Parent, Inc.",Aerospace & Defense,First Lien Revolver,12.64,"1,397","1,309","1,309",(5)(8)(9),SOFR+,7.25,,5/3/2029,
oscf-20230930,2023-09-30,Non-Control/Non-Affiliate Investments,Gallatin CLO X 2023-1,Multi-Sector Holdings,CLO Notes,10.74,"5,000","4,913","4,932",(5)(10),SOFR+,5.41,,10/14/2035,
oscf-20230930,2023-09-30,Non-Control/Non-Affiliate Investments,"Gibson Brands, Inc.",Leisure Products,First Lien Term Loan,10.57,"4,917","4,772","4,131",(5)(8),SOFR+,5,,8/11/2028,
oscf-20230930,2023-09-30,Non-Control/Non-Affiliate Investments,Global Aircraft Leasing Co Ltd,Trading Companies & Distributors,Fixed Rate Bond,6.5,"7,645","7,088","7,294",-10,,,,9/15/2024,
oscf-20230930,2023-09-30,Non-Control/Non-Affiliate Investments,GoldenTree Loan Management EUR CLO 2 DAC,Multi-Sector Holdings,CLO Notes,6.56,"1,000",875,963,(5)(10),E+,2.85,,1/20/2032,
oscf-20230930,2023-09-30,Non-Control/Non-Affiliate Investments,"Grove Hotel Parcel Owner, LLC","Hotels, Resorts & Cruise Lines",First Lien Term Loan,13.42,"17,507","17,246","17,157",(5)(8),SOFR+,8,,6/21/2027,
oscf-20230930,2023-09-30,Non-Control/Non-Affiliate Investments,"Grove Hotel Parcel Owner, LLC","Hotels, Resorts & Cruise Lines",First Lien Term Loan,,—,-53,-71,(5)(8)(9),SOFR+,8,,6/21/2027,
oscf-20230930,2023-09-30,Non-Control/Non-Affiliate Investments,"Grove Hotel Parcel Owner, LLC","Hotels, Resorts & Cruise Lines",First Lien Revolver,,—,-26,-35,(5)(8)(9),SOFR+,8,,6/21/2027,
oscf-20230930,2023-09-30,Non-Control/Non-Affiliate Investments,Harbor Purchaser Inc.,Education Services,First Lien Term Loan,10.67,"10,445","10,057","9,914",-5,SOFR+,5.25,,4/9/2029,
oscf-20230930,2023-09-30,Non-Control/Non-Affiliate Investments,"Harrow, Inc.",Pharmaceuticals,First Lien Term Loan,11.89,"9,319","9,129","9,135",(5)(8)(10),SOFR+,6.5,,1/19/2026,
oscf-20230930,2023-09-30,Non-Control/Non-Affiliate Investments,"Harrow, Inc.",Pharmaceuticals,First Lien Term Loan,12.04,"1,792","1,750","1,757",(5)(8)(10),SOFR+,6.5,,1/19/2026,
oscf-20230930,2023-09-30,Non-Control/Non-Affiliate Investments,"Harrow, Inc.",Pharmaceuticals,First Lien Term Loan,,—,-103,-99,(5)(8)(9)(10),SOFR+,6.5,,1/19/2026,
oscf-20230930,2023-09-30,Non-Control/Non-Affiliate Investments,Hertz Vehicle Financing III,Specialized Finance,CLO Notes,5.16,"7,500","6,496","6,583",-10,,,,6/26/2028,
oscf-20230930,2023-09-30,Non-Control/Non-Affiliate Investments,Hertz Vehicle Financing III,Specialized Finance,CLO Notes,6.78,"17,377","15,825","16,035",-10,,,,9/25/2028,
oscf-20230930,2023-09-30,Non-Control/Non-Affiliate Investments,Horizon Aircraft Finance I Ltd.,Specialized Finance,CLO Notes,4.46,"6,770","5,658","5,841",-10,,,,12/15/2038,
oscf-20230930,2023-09-30,Non-Control/Non-Affiliate Investments,Horizon Aircraft Finance II Ltd.,Specialized Finance,CLO Notes,3.72,"2,300","1,969","1,981",-10,,,,7/15/2039,
oscf-20230930,2023-09-30,Non-Control/Non-Affiliate Investments,"HUB Pen Company, LLC",Other Specialty Retail,First Lien Term Loan,11.93,"27,335","26,653","26,663",(5)(8),SOFR+,6.5,,12/31/2027,
oscf-20230930,2023-09-30,Non-Control/Non-Affiliate Investments,"HUB Pen Company, LLC",Other Specialty Retail,First Lien Revolver,6.5,108,25,26,(5)(8)(9),SOFR+,6.5,,12/31/2027,
oscf-20230930,2023-09-30,Non-Control/Non-Affiliate Investments,IAMGOLD Corporation,Gold,Second Lien Term Loan,13.62,"28,394","27,607","27,627",(5)(8)(10),SOFR+,8.25,,5/16/2028,
oscf-20230930,2023-09-30,Non-Control/Non-Affiliate Investments,"iCIMs, Inc.",Application Software,First Lien Term Loan,12.63,"15,621","15,411","15,059",(5)(8),SOFR+,7.25,,8/18/2028,
oscf-20230930,2023-09-30,Non-Control/Non-Affiliate Investments,"iCIMs, Inc.",Application Software,First Lien Term Loan,12.63,"2,325","2,291","2,286",(5)(8),SOFR+,7.25,,8/18/2028,
oscf-20230930,2023-09-30,Non-Control/Non-Affiliate Investments,"iCIMs, Inc.",Application Software,First Lien Term Loan,,—,0,0,(5)(8)(9),SOFR+,7.25,,8/18/2028,
oscf-20230930,2023-09-30,Non-Control/Non-Affiliate Investments,"iCIMs, Inc.",Application Software,First Lien Revolver,12.14,241,221,189,(5)(8)(9),SOFR+,6.75,,8/18/2028,
oscf-20230930,2023-09-30,Non-Control/Non-Affiliate Investments,Impel Pharmaceuticals Inc.,Health Care Technology,First Lien Term Loan,,"9,679","9,613","8,904",(5)(8),SOFR+,10.75,16.06,3/17/2027,
oscf-20230930,2023-09-30,Non-Control/Non-Affiliate Investments,Impel Pharmaceuticals Inc.,Health Care Technology,First Lien Term Loan,,286,281,286,(5)(8),SOFR+,10.75,16.05,3/17/2027,
oscf-20230930,2023-09-30,Non-Control/Non-Affiliate Investments,Impel Pharmaceuticals Inc.,Health Care Technology,First Lien Term Loan,,250,250,250,(5)(8)(9),SOFR+,10.75,16.06,3/17/2027,
oscf-20230930,2023-09-30,Non-Control/Non-Affiliate Investments,Impel Pharmaceuticals Inc.,Health Care Technology,Warrants,,,0,53,,,,,,"127,376"
oscf-20230930,2023-09-30,Non-Control/Non-Affiliate Investments,Innocoll Pharmaceuticals Limited,Health Care Technology,First Lien Term Loan,11.14,"3,665","3,557","3,354",(5)(8)(10),SOFR+,5.75,2.75,1/26/2027,
oscf-20230930,2023-09-30,Non-Control/Non-Affiliate Investments,Innocoll Pharmaceuticals Limited,Health Care Technology,First Lien Term Loan,,—,0,0,(5)(8)(9)(10),SOFR+,5.75,,1/26/2027,
oscf-20230930,2023-09-30,Non-Control/Non-Affiliate Investments,Innocoll Pharmaceuticals Limited,Health Care Technology,First Lien Term Loan,,—,0,0,(5)(8)(9)(10),SOFR+,5.75,,1/26/2027,
oscf-20230930,2023-09-30,Non-Control/Non-Affiliate Investments,Innocoll Pharmaceuticals Limited,Health Care Technology,Warrants,,,85,54,(8)(10),,,,,"36,087"
oscf-20230930,2023-09-30,Non-Control/Non-Affiliate Investments,"Inventus Power, Inc.",Electrical Components & Equipment,First Lien Term Loan,12.93,"43,765","42,619","42,776",(5)(8),SOFR+,7.5,,6/30/2025,
oscf-20230930,2023-09-30,Non-Control/Non-Affiliate Investments,"Inventus Power, Inc.",Electrical Components & Equipment,First Lien Revolver,,—,-130,-112,(5)(8)(9),SOFR+,7.5,,6/30/2025,
oscf-20230930,2023-09-30,Non-Control/Non-Affiliate Investments,IW Buyer LLC,Electrical Components & Equipment,First Lien Term Loan,12.17,"34,375","33,388","33,429",(5)(8),SOFR+,6.75,,6/28/2029,
oscf-20230930,2023-09-30,Non-Control/Non-Affiliate Investments,IW Buyer LLC,Electrical Components & Equipment,First Lien Revolver,,—,-185,-177,(5)(8)(9),SOFR+,6.75,,6/28/2029,
oscf-20230930,2023-09-30,Non-Control/Non-Affiliate Investments,KDC/ONE Development Corp Inc,Personal Care Products,First Lien Term Loan,10.32,"30,000","29,118","28,995",(5)(10),SOFR+,5,,8/15/2028,
oscf-20230930,2023-09-30,Non-Control/Non-Affiliate Investments,Kindercare Learning Centers Kindercare Portfolio,Diversified Real Estate Activities,CLO Notes,7.75,"4,964","4,619","4,696",(5)(10),SOFR+,2.41,,8/15/2038,
oscf-20230930,2023-09-30,Non-Control/Non-Affiliate Investments,"Kings Buyer, LLC",Environmental & Facilities Services,First Lien Term Loan,11.84,"4,811","4,763","4,739",(5)(8),SOFR+,6.5,,10/29/2027,
oscf-20230930,2023-09-30,Non-Control/Non-Affiliate Investments,"Kings Buyer, LLC",Environmental & Facilities Services,First Lien Term Loan,11.8,"58,992","58,110","58,107",(5)(8),SOFR+,6.5,,10/29/2027,
oscf-20230930,2023-09-30,Non-Control/Non-Affiliate Investments,"Kings Buyer, LLC",Environmental & Facilities Services,First Lien Revolver,11.84,78,72,68,(5)(8)(9),SOFR+,6.5,,10/29/2027,
oscf-20230930,2023-09-30,Non-Control/Non-Affiliate Investments,"Kings Buyer, LLC",Environmental & Facilities Services,First Lien Revolver,,—,-73,-73,(5)(8)(9),SOFR+,6.5,,10/29/2027,
oscf-20230930,2023-09-30,Non-Control/Non-Affiliate Investments,"LABL, Inc.",Office Services & Supplies,First Lien Term Loan,10.42,"21,627","21,160","21,588",-5,SOFR+,5,,10/29/2028,
oscf-20230930,2023-09-30,Non-Control/Non-Affiliate Investments,Latam Airlines Group S.A.,Passenger Airlines,First Lien Term Loan,14.95,"12,032","11,191","12,529",(5)(10),SOFR+,9.5,,10/12/2027,
oscf-20230930,2023-09-30,Non-Control/Non-Affiliate Investments,"LSL Holdco, LLC",Health Care Distributors,First Lien Term Loan,11.42,"8,997","8,867","8,412",(5)(8),SOFR+,6,,1/31/2028,
oscf-20230930,2023-09-30,Non-Control/Non-Affiliate Investments,"LSL Holdco, LLC",Health Care Distributors,First Lien Term Loan,11.42,"1,048",986,979,(5)(8),SOFR+,6,,1/31/2028,
oscf-20230930,2023-09-30,Non-Control/Non-Affiliate Investments,"LSL Holdco, LLC",Health Care Distributors,First Lien Revolver,,—,-15,-66,(5)(8)(9),SOFR+,6,,1/31/2028,
oscf-20230930,2023-09-30,Non-Control/Non-Affiliate Investments,Madison Park Funding LXIII,Multi-Sector Holdings,CLO Notes,10.58,"5,000","5,000","5,099",(5)(10),SOFR+,5.5,,4/21/2035,
oscf-20230930,2023-09-30,Non-Control/Non-Affiliate Investments,Mauser Packaging Solutions Holding Company,"Metal, Glass & Plastic Containers",First Lien Term Loan,9.33,"15,980","15,876","15,992",-5,SOFR+,4,,8/14/2026,
oscf-20230930,2023-09-30,Non-Control/Non-Affiliate Investments,Mauser Packaging Solutions Holding Company,"Metal, Glass & Plastic Containers",Fixed Rate Bond,7.88,"5,000","4,971","4,829",,,,,8/15/2026,
oscf-20230930,2023-09-30,Non-Control/Non-Affiliate Investments,McAfee Corp.,Systems Software,First Lien Term Loan,9.18,"17,857","17,074","17,472",-5,SOFR+,3.75,,3/1/2029,
oscf-20230930,2023-09-30,Non-Control/Non-Affiliate Investments,"Medline Borrower, LP",Health Care Supplies,First Lien Term Loan,8.68,"22,886","22,388","22,851",-5,SOFR+,3.25,,10/23/2028,
oscf-20230930,2023-09-30,Non-Control/Non-Affiliate Investments,"Mesoblast, Inc.",Biotechnology,First Lien Term Loan,8,"2,325","2,189","2,046",(8)(10),,,1.75,11/19/2026,
oscf-20230930,2023-09-30,Non-Control/Non-Affiliate Investments,"Mesoblast, Inc.",Biotechnology,Warrants,,,152,20,(8)(10),,,,,"66,347"
oscf-20230930,2023-09-30,Non-Control/Non-Affiliate Investments,"Mesoblast, Inc.",Biotechnology,Warrants,,,0,9,(8)(10),,,,,"17,058"
oscf-20230930,2023-09-30,Non-Control/Non-Affiliate Investments,"MHE Intermediate Holdings, LLC",Diversified Support Services,First Lien Term Loan,11.77,"2,829","2,763","2,807",(5)(8),SOFR+,6.25,,7/21/2027,
oscf-20230930,2023-09-30,Non-Control/Non-Affiliate Investments,"MHE Intermediate Holdings, LLC",Diversified Support Services,First Lien Term Loan,11.52,"5,286","5,180","5,207",(5)(8),SOFR+,6,,7/21/2027,
oscf-20230930,2023-09-30,Non-Control/Non-Affiliate Investments,"Mitchell International, Inc.",Application Software,First Lien Term Loan,9.18,"23,392","22,759","23,048",-5,SOFR+,3.75,,10/15/2028,
oscf-20230930,2023-09-30,Non-Control/Non-Affiliate Investments,"Mitchell International, Inc.",Application Software,Second Lien Term Loan,11.93,"4,000","3,816","3,696",-5,SOFR+,6.5,,10/15/2029,
oscf-20230930,2023-09-30,Non-Control/Non-Affiliate Investments,MND Holdings III Corp,Other Specialty Retail,First Lien Term Loan,12.89,"41,483","40,802","40,761",(5)(8),SOFR+,7.5,,5/9/2028,
oscf-20230930,2023-09-30,Non-Control/Non-Affiliate Investments,MND Holdings III Corp,Other Specialty Retail,First Lien Revolver,12.83,"1,500","1,243","1,311",(5)(8)(9),SOFR+,7.5,,5/9/2028,
oscf-20230930,2023-09-30,Non-Control/Non-Affiliate Investments,MRI Software LLC,Application Software,First Lien Term Loan,10.99,"4,597","4,462","4,502",(5)(8),SOFR+,5.5,,2/10/2026,
oscf-20230930,2023-09-30,Non-Control/Non-Affiliate Investments,MRI Software LLC,Application Software,First Lien Term Loan,10.99,"7,204","7,197","7,055",(5)(8),SOFR+,5.5,,2/10/2026,
oscf-20230930,2023-09-30,Non-Control/Non-Affiliate Investments,New Enterprise Stone & Lime Co Inc,Construction Materials,Fixed Rate Bond,5.25,"2,250","2,080","2,022",,,,,7/15/2028,
oscf-20230930,2023-09-30,Non-Control/Non-Affiliate Investments,NFP Corp.,Diversified Financial Services,Fixed Rate Bond,4.88,"8,550","7,672","7,537",,,,,8/15/2028,
oscf-20230930,2023-09-30,Non-Control/Non-Affiliate Investments,NFP Corp.,Diversified Financial Services,Fixed Rate Bond,6.88,"3,784","3,473","3,246",,,,,8/15/2028,
oscf-20230930,2023-09-30,Non-Control/Non-Affiliate Investments,NFP Corp.,Diversified Financial Services,Fixed Rate Bond,8.5,"5,000","5,000","5,013",,,,,10/1/2031,
oscf-20230930,2023-09-30,Non-Control/Non-Affiliate Investments,"North Star Acquisitionco, LLC",Education Services,First Lien Term Loan,11.39,"36,625","35,943","35,951",(5)(8),SOFR+,6,,5/3/2029,
oscf-20230930,2023-09-30,Non-Control/Non-Affiliate Investments,"North Star Acquisitionco, LLC",Education Services,First Lien Term Loan,,—,-33,-31,(5)(8)(9),SOFR+,6,,5/3/2029,
oscf-20230930,2023-09-30,Non-Control/Non-Affiliate Investments,"North Star Acquisitionco, LLC",Education Services,First Lien Revolver,,—,-82,-81,(5)(8)(9),SOFR+,6,,5/3/2029,
oscf-20230930,2023-09-30,Non-Control/Non-Affiliate Investments,OEConnection LLC,Application Software,Second Lien Term Loan,12.49,"5,355","5,281","5,275",(5)(8),SOFR+,7,,9/25/2027,
oscf-20230930,2023-09-30,Non-Control/Non-Affiliate Investments,"OneOncology, LLC",Health Care Services,First Lien Term Loan,11.64,"22,885","22,338","22,354",(5)(8),SOFR+,6.25,,6/9/2030,
oscf-20230930,2023-09-30,Non-Control/Non-Affiliate Investments,"OneOncology, LLC",Health Care Services,First Lien Term Loan,,—,-107,-100,(5)(8)(9),SOFR+,6.25,,6/9/2030,
oscf-20230930,2023-09-30,Non-Control/Non-Affiliate Investments,"OneOncology, LLC",Health Care Services,First Lien Revolver,,—,-108,-106,(5)(8)(9),SOFR+,6.25,,6/9/2030,
oscf-20230930,2023-09-30,Non-Control/Non-Affiliate Investments,"Oranje Holdco, Inc.",Systems Software,First Lien Term Loan,13.12,"15,746","15,396","15,450",(5)(8),SOFR+,7.75,,2/1/2029,
oscf-20230930,2023-09-30,Non-Control/Non-Affiliate Investments,"Oranje Holdco, Inc.",Systems Software,First Lien Revolver,,—,-44,-37,(5)(8)(9),SOFR+,7.75,,2/1/2029,
oscf-20230930,2023-09-30,Non-Control/Non-Affiliate Investments,"Park Place Technologies, LLC",Internet Services & Infrastructure,First Lien Term Loan,10.42,"14,919","14,556","14,726",-5,SOFR+,5,,11/10/2027,
oscf-20230930,2023-09-30,Non-Control/Non-Affiliate Investments,Peraton Corp.,Aerospace & Defense,First Lien Term Loan,9.17,"19,890","19,794","19,874",-5,SOFR+,3.75,,2/1/2028,
oscf-20230930,2023-09-30,Non-Control/Non-Affiliate Investments,PetSmart LLC,Other Specialty Retail,First Lien Term Loan,9.17,"10,901","10,689","10,885",-5,SOFR+,3.75,,2/11/2028,
oscf-20230930,2023-09-30,Non-Control/Non-Affiliate Investments,"Pluralsight, LLC",Application Software,First Lien Term Loan,13.45,"26,144","22,474","25,041",(5)(8),SOFR+,8,,4/6/2027,
oscf-20230930,2023-09-30,Non-Control/Non-Affiliate Investments,"Pluralsight, LLC",Application Software,First Lien Revolver,13.45,"1,028",798,959,(5)(8)(9),SOFR+,8,,4/6/2027,
oscf-20230930,2023-09-30,Non-Control/Non-Affiliate Investments,"PPW Aero Buyer, Inc.",Aerospace & Defense,First Lien Term Loan,12.32,"26,758","25,799","25,776",(5)(8),SOFR+,7,,2/15/2029,
oscf-20230930,2023-09-30,Non-Control/Non-Affiliate Investments,"PPW Aero Buyer, Inc.",Aerospace & Defense,First Lien Revolver,,—,-129,-132,(5)(8)(9),SOFR+,7,,2/15/2029,
oscf-20230930,2023-09-30,Non-Control/Non-Affiliate Investments,"Profrac Holdings II, LLC",Industrial Machinery & Supplies & Components,First Lien Term Loan,12.78,"5,449","5,372","5,355",(5)(8),SOFR+,7.25,,3/4/2025,
oscf-20230930,2023-09-30,Non-Control/Non-Affiliate Investments,"Profrac Holdings II, LLC",Industrial Machinery & Supplies & Components,First Lien Term Loan,12.78,627,620,616,(5)(8),SOFR+,7.25,,3/4/2025,
oscf-20230930,2023-09-30,Non-Control/Non-Affiliate Investments,Quantum Bidco Limited,Food Distributors,First Lien Term Loan,11.21,"5,470","6,111","6,109",(5)(8)(10),SONIA+,5.75,,1/31/2028,
oscf-20230930,2023-09-30,Non-Control/Non-Affiliate Investments,Renaissance Holding Corp.,Education Services,First Lien Term Loan,10.07,"16,000","15,552","15,900",-5,SOFR+,4.75,,4/7/2030,
oscf-20230930,2023-09-30,Non-Control/Non-Affiliate Investments,"Resistance Acquisition, Inc.",Pharmaceuticals,First Lien Term Loan,13.06,"18,387","17,930","17,927",(5)(8),SOFR+,7.75,,9/21/2028,
oscf-20230930,2023-09-30,Non-Control/Non-Affiliate Investments,"Resistance Acquisition, Inc.",Pharmaceuticals,First Lien Term Loan,,—,0,0,(5)(8)(9),SOFR+,7.75,,9/21/2028,
oscf-20230930,2023-09-30,Non-Control/Non-Affiliate Investments,"Salus Workers' Compensation, LLC",Diversified Financial Services,First Lien Term Loan,15.24,"15,595","15,118","15,127",(5)(8),SOFR+,10,,10/7/2026,
oscf-20230930,2023-09-30,Non-Control/Non-Affiliate Investments,"Salus Workers' Compensation, LLC",Diversified Financial Services,First Lien Revolver,,—,-58,-57,(5)(8)(9),SOFR+,10,,10/7/2026,
oscf-20230930,2023-09-30,Non-Control/Non-Affiliate Investments,"Salus Workers' Compensation, LLC",Diversified Financial Services,Warrants,,,200,994,-8,,,,,"606,357"
oscf-20230930,2023-09-30,Non-Control/Non-Affiliate Investments,SCIH Salt Holdings Inc.,Diversified Metals & Mining,First Lien Term Loan,9.63,"22,904","22,626","22,801",-5,SOFR+,4,,3/16/2027,
oscf-20230930,2023-09-30,Non-Control/Non-Affiliate Investments,SCIH Salt Holdings Inc.,Diversified Metals & Mining,Fixed Rate Bond,4.88,"5,000","4,516","4,418",,,,,5/1/2028,
oscf-20230930,2023-09-30,Non-Control/Non-Affiliate Investments,"SCP Eye Care Services, LLC",Health Care Services,Second Lien Term Loan,14.18,"5,881","5,726","5,710",(5)(8),SOFR+,8.75,,10/7/2030,
oscf-20230930,2023-09-30,Non-Control/Non-Affiliate Investments,"SCP Eye Care Services, LLC",Health Care Services,Second Lien Term Loan,,—,-26,-50,(5)(8)(9),SOFR+,8.75,,10/7/2030,
oscf-20230930,2023-09-30,Non-Control/Non-Affiliate Investments,"SCP Eye Care Services, LLC",Health Care Services,Common Stock,,,761,698,-8,,,,,761
oscf-20230930,2023-09-30,Non-Control/Non-Affiliate Investments,scPharmaceuticals Inc.,Pharmaceuticals,First Lien Term Loan,11.75,"7,654","7,323","7,329",(5)(8),SOFR+,8.75,,10/13/2027,
oscf-20230930,2023-09-30,Non-Control/Non-Affiliate Investments,scPharmaceuticals Inc.,Pharmaceuticals,First Lien Term Loan,,—,0,0,(5)(8)(9),SOFR+,8.75,,10/13/2027,
oscf-20230930,2023-09-30,Non-Control/Non-Affiliate Investments,scPharmaceuticals Inc.,Pharmaceuticals,First Lien Term Loan,,—,0,0,(5)(8)(9),SOFR+,8.75,,10/13/2027,
oscf-20230930,2023-09-30,Non-Control/Non-Affiliate Investments,scPharmaceuticals Inc.,Pharmaceuticals,Warrants,,,258,380,-8,,,,,"79,075"
oscf-20230930,2023-09-30,Non-Control/Non-Affiliate Investments,SEI Holding I Corporation,Trading Companies & Distributors,First Lien Term Loan,12.14,"17,420","16,951","16,949",(5)(8),SOFR+,6.75,,3/27/2028,
oscf-20230930,2023-09-30,Non-Control/Non-Affiliate Investments,SEI Holding I Corporation,Trading Companies & Distributors,First Lien Term Loan,12.15,"1,368","1,329","1,334",(5)(8)(9),SOFR+,6.75,,3/27/2028,
oscf-20230930,2023-09-30,Non-Control/Non-Affiliate Investments,SEI Holding I Corporation,Trading Companies & Distributors,First Lien Revolver,,—,-40,-41,(5)(8)(9),SOFR+,6.75,,3/27/2028,
oscf-20230930,2023-09-30,Non-Control/Non-Affiliate Investments,"Seres Therapeutics, Inc.",Biotechnology,First Lien Term Loan,12.88,"11,547","11,135","11,139",(5)(8)(10),SOFR+,7.88,,4/27/2029,
oscf-20230930,2023-09-30,Non-Control/Non-Affiliate Investments,"Seres Therapeutics, Inc.",Biotechnology,First Lien Term Loan,12.88,"4,330","4,176","4,177",(5)(8)(10),SOFR+,7.88,,4/27/2029,
oscf-20230930,2023-09-30,Non-Control/Non-Affiliate Investments,"Seres Therapeutics, Inc.",Biotechnology,First Lien Term Loan,,—,0,0,(5)(8)(9)(10),SOFR+,7.88,,4/27/2029,
oscf-20230930,2023-09-30,Non-Control/Non-Affiliate Investments,"Seres Therapeutics, Inc.",Biotechnology,First Lien Term Loan,,—,0,0,(5)(8)(9)(10),SOFR+,7.88,,4/27/2029,
oscf-20230930,2023-09-30,Non-Control/Non-Affiliate Investments,"Seres Therapeutics, Inc.",Biotechnology,Warrants,,,293,140,(8)(10),,,,,"93,470"
oscf-20230930,2023-09-30,Non-Control/Non-Affiliate Investments,"SM Wellness Holdings, Inc.",Health Care Services,First Lien Term Loan,10.38,"12,818","11,979","12,049",(5)(8),SOFR+,4.75,,4/17/2028,
oscf-20230930,2023-09-30,Non-Control/Non-Affiliate Investments,"Southern Veterinary Partners, LLC",Health Care Facilities,First Lien Term Loan,9.43,"20,664","20,456","20,564",-5,SOFR+,4,,10/5/2027,
oscf-20230930,2023-09-30,Non-Control/Non-Affiliate Investments,"SPX Flow, Inc.",Industrial Machinery & Supplies & Components,First Lien Term Loan,9.92,"24,496","23,683","24,477",-5,SOFR+,4.5,,4/5/2029,
oscf-20230930,2023-09-30,Non-Control/Non-Affiliate Investments,"Star Parent, Inc.",Life Sciences Tools & Services,First Lien Term Loan,9.33,"28,000","27,580","27,419",-5,SOFR+,4,,9/28/2030,
oscf-20230930,2023-09-30,Non-Control/Non-Affiliate Investments,Sunshine Luxembourg VII Sarl,Personal Care Products,First Lien Term Loan,9.24,"10,360","10,108","10,355",(5)(10),SOFR+,3.75,,10/1/2026,
oscf-20230930,2023-09-30,Non-Control/Non-Affiliate Investments,"Superior Industries International, Inc.",Auto Parts & Equipment,First Lien Term Loan,13.32,"33,311","32,444","33,061",(5)(8),SOFR+,8,,12/16/2028,
oscf-20230930,2023-09-30,Non-Control/Non-Affiliate Investments,"Supreme Fitness Group NY Holdings, LLC",Leisure Facilities,First Lien Term Loan,12.51,"8,196","8,090","7,807",(5)(8)(13),SOFR+,7,,12/31/2026,
oscf-20230930,2023-09-30,Non-Control/Non-Affiliate Investments,"Supreme Fitness Group NY Holdings, LLC",Leisure Facilities,First Lien Term Loan,12.51,702,693,668,(5)(8)(13),SOFR+,7,,12/31/2026,
oscf-20230930,2023-09-30,Non-Control/Non-Affiliate Investments,"Supreme Fitness Group NY Holdings, LLC",Leisure Facilities,First Lien Term Loan,12.51,281,271,241,(5)(8)(9)(13),SOFR+,7,,12/31/2026,
oscf-20230930,2023-09-30,Non-Control/Non-Affiliate Investments,"Supreme Fitness Group NY Holdings, LLC",Leisure Facilities,First Lien Revolver,12.44,396,391,377,(5)(8)(13),SOFR+,7,,12/31/2026,
oscf-20230930,2023-09-30,Non-Control/Non-Affiliate Investments,"Tacala, LLC",Restaurants,First Lien Term Loan,9.43,"11,945","11,703","11,919",-5,SOFR+,3.5,,2/5/2027,
oscf-20230930,2023-09-30,Non-Control/Non-Affiliate Investments,"Tacala, LLC",Restaurants,Second Lien Term Loan,13.43,"7,310","7,129","7,094",-5,SOFR+,8,,2/4/2028,
oscf-20230930,2023-09-30,Non-Control/Non-Affiliate Investments,Ten-X LLC,Interactive Media & Services,First Lien Term Loan,11.32,"24,934","23,766","23,999",(5)(8),SOFR+,6,,5/26/2028,
oscf-20230930,2023-09-30,Non-Control/Non-Affiliate Investments,THL Zinc Ventures Ltd,Diversified Metals & Mining,First Lien Term Loan,13,"39,751","39,296","39,318",(8)(10),,,,5/23/2026,
oscf-20230930,2023-09-30,Non-Control/Non-Affiliate Investments,TIBCO Software Inc.,Application Software,First Lien Term Loan,9.99,"17,755","16,613","17,103",-5,SOFR+,4.5,,3/30/2029,
oscf-20230930,2023-09-30,Non-Control/Non-Affiliate Investments,"Touchstone Acquisition, Inc.",Health Care Supplies,First Lien Term Loan,11.42,"8,485","8,357","8,261",(5)(8),SOFR+,6,,12/29/2028,
oscf-20230930,2023-09-30,Non-Control/Non-Affiliate Investments,Transit Buyer LLC,Diversified Support Services,First Lien Term Loan,11.7,"8,427","8,277","8,309",(5)(8),SOFR+,6.25,,1/31/2029,
oscf-20230930,2023-09-30,Non-Control/Non-Affiliate Investments,Transit Buyer LLC,Diversified Support Services,First Lien Term Loan,,—,-69,-54,(5)(8)(9),SOFR+,6.25,,1/31/2029,
oscf-20230930,2023-09-30,Non-Control/Non-Affiliate Investments,"Trident TPI Holdings, Inc.","Metal, Glass & Plastic Containers",First Lien Term Loan,9.65,"4,987","4,987","4,978",-5,SOFR+,4,,9/15/2028,
oscf-20230930,2023-09-30,Non-Control/Non-Affiliate Investments,Trinitas CLO XII,Multi-Sector Holdings,CLO Notes,9.61,"4,500","4,394","4,403",(5)(10),SOFR+,4.26,,4/25/2033,
oscf-20230930,2023-09-30,Non-Control/Non-Affiliate Investments,Trinitas CLO XV DAC,Multi-Sector Holdings,CLO Notes,13.06,"1,000",816,917,(5)(10),SOFR+,7.71,,4/22/2034,
oscf-20230930,2023-09-30,Non-Control/Non-Affiliate Investments,Uniti Group LP,Other Specialized REITs,Fixed Rate Bond,6.5,"1,750","1,630","1,148",-10,,,,2/15/2029,
oscf-20230930,2023-09-30,Non-Control/Non-Affiliate Investments,Uniti Group LP,Other Specialized REITs,Fixed Rate Bond,4.75,"2,200","1,944","1,799",-10,,,,4/15/2028,
oscf-20230930,2023-09-30,Non-Control/Non-Affiliate Investments,WAVE 2019-1,Specialized Finance,CLO Notes,3.6,"5,183","4,282","4,251",,,,,9/15/2044,
oscf-20230930,2023-09-30,Non-Control/Non-Affiliate Investments,"Wellfleet CLO 2022-2, Ltd.",Multi-Sector Holdings,CLO Notes,13.87,"1,500","1,444","1,494",(5)(10),SOFR+,8.56,,10/18/2035,
oscf-20230930,2023-09-30,Non-Control/Non-Affiliate Investments,"WP CPP Holdings, LLC",Aerospace & Defense,First Lien Term Loan,9.27,"9,633","9,108","9,090",-5,SOFR+,3.75,,4/30/2025,
oscf-20230930,2023-09-30,Non-Control/Non-Affiliate Investments,"WWEX Uni Topco Holdings, LLC",Air Freight & Logistics,First Lien Term Loan,9.65,"6,895","6,590","6,800",-5,SOFR+,4,,7/26/2028,
oscf-20231231,2023-12-31,Non-Control/Non-Affiliate Investments,37 Capital CLO 4,Multi-Sector Holdings,CLO Notes,10.87,"5,000","5,000","5,018",(5)(10),SOFR+,5.5,,1/15/2034,
oscf-20231231,2023-12-31,Non-Control/Non-Affiliate Investments,107-109 Beech OAK22 LLC,Real Estate Development,First Lien Revolver,11,"11,883","11,770","11,614",(8)(9),,,,2/27/2026,
oscf-20231231,2023-12-31,Non-Control/Non-Affiliate Investments,107 Fair Street LLC,Real Estate Development,First Lien Term Loan,12.5,"1,031","1,016",998,(8)(9)(11),,,,5/31/2024,
oscf-20231231,2023-12-31,Non-Control/Non-Affiliate Investments,112-126 Van Houten Real22 LLC,Real Estate Development,First Lien Term Loan,12,"3,451","3,437","3,400",(8)(9)(11),,,,5/4/2024,
oscf-20231231,2023-12-31,Non-Control/Non-Affiliate Investments,AB BSL CLO 4,Multi-Sector Holdings,CLO Notes,10.92,"3,800","3,800","3,835",(5)(10),SOFR+,5.5,,4/20/2036,
oscf-20231231,2023-12-31,Non-Control/Non-Affiliate Investments,"Access CIG, LLC",Diversified Support Services,First Lien Term Loan,10.39,"30,424","29,909","30,512",-5,SOFR+,5,,8/18/2028,
oscf-20231231,2023-12-31,Non-Control/Non-Affiliate Investments,ACP Falcon Buyer Inc,Systems Software,First Lien Term Loan,11.85,"34,667","33,700","33,866",(5)(8),SOFR+,6.5,,8/1/2029,
oscf-20231231,2023-12-31,Non-Control/Non-Affiliate Investments,ACP Falcon Buyer Inc,Systems Software,First Lien Revolver,,—,-149,-123,(5)(8)(9),SOFR+,6.5,,8/1/2029,
oscf-20231231,2023-12-31,Non-Control/Non-Affiliate Investments,ADC Therapeutics SA,Biotechnology,First Lien Term Loan,13,"10,406","9,977","9,912",(5)(8)(10),SOFR+,7.5,,8/15/2029,
oscf-20231231,2023-12-31,Non-Control/Non-Affiliate Investments,ADC Therapeutics SA,Biotechnology,First Lien Term Loan,,—,-60,-60,(5)(8)(9)(10),SOFR+,7.5,,8/15/2029,
oscf-20231231,2023-12-31,Non-Control/Non-Affiliate Investments,ADC Therapeutics SA,Biotechnology,Warrants,,,275,21,(8)(10),,,,,"45,727"
oscf-20231231,2023-12-31,Non-Control/Non-Affiliate Investments,AI Sirona (Luxembourg) Acquisition S.a.r.l.,Pharmaceuticals,First Lien Term Loan,8.84,"21,000","23,002","23,279",(5)(10),E+,5,,9/30/2028,
oscf-20231231,2023-12-31,Non-Control/Non-Affiliate Investments,AIP RD Buyer Corp.,Distributors,Second Lien Term Loan,13.21,"4,093","4,032","4,019",(5)(8),SOFR+,7.75,,12/21/2029,
oscf-20231231,2023-12-31,Non-Control/Non-Affiliate Investments,AIP RD Buyer Corp.,Distributors,Common Stock,,,428,636,-8,,,,,"4,560"
oscf-20231231,2023-12-31,Non-Control/Non-Affiliate Investments,Altice France S.A.,Integrated Telecommunication Services,First Lien Term Loan,9.64,"3,093","3,028","2,892",(5)(10),L+,4,,8/14/2026,
oscf-20231231,2023-12-31,Non-Control/Non-Affiliate Investments,Altice France S.A.,Integrated Telecommunication Services,Fixed Rate Bond,5.5,"7,200","6,046","5,655",-10,,,,10/15/2029,
oscf-20231231,2023-12-31,Non-Control/Non-Affiliate Investments,"Alto Pharmacy Holdings, Inc.",Health Care Technology,First Lien Term Loan,5,"13,703","12,846","12,606",(5)(8),SOFR+,11.5,11.95,10/14/2027,
oscf-20231231,2023-12-31,Non-Control/Non-Affiliate Investments,"Alto Pharmacy Holdings, Inc.",Health Care Technology,Warrants,,,943,"2,293",-8,,,,,"878,545"
oscf-20231231,2023-12-31,Non-Control/Non-Affiliate Investments,American Airlines Group Inc.,Passenger Airlines,Fixed Rate Bond,8.5,"6,534","6,534","6,904",-10,,,,5/15/2029,
oscf-20231231,2023-12-31,Non-Control/Non-Affiliate Investments,"American Auto Auction Group, LLC",Diversified Support Services,Second Lien Term Loan,14.25,"6,901","6,801","6,452",(5)(8),SOFR+,8.75,,1/2/2029,
oscf-20231231,2023-12-31,Non-Control/Non-Affiliate Investments,American Rock Salt Company LLC,Diversified Metals & Mining,First Lien Term Loan,9.47,"27,357","26,010","25,938",-5,SOFR+,4,,6/9/2028,
oscf-20231231,2023-12-31,Non-Control/Non-Affiliate Investments,"American Tire Distributors, Inc.",Distributors,First Lien Term Loan,11.91,"17,627","15,784","14,838",-5,SOFR+,6.25,,10/20/2028,
oscf-20231231,2023-12-31,Non-Control/Non-Affiliate Investments,AmSpec Parent LLC,Diversified Support Services,First Lien Term Loan,11.1,"70,424","68,683","68,664",(5)(8),SOFR+,5.75,,12/5/2030,
oscf-20231231,2023-12-31,Non-Control/Non-Affiliate Investments,AmSpec Parent LLC,Diversified Support Services,First Lien Term Loan,,—,-127,-127,(5)(8)(9),SOFR+,5.75,,12/5/2030,
oscf-20231231,2023-12-31,Non-Control/Non-Affiliate Investments,AmSpec Parent LLC,Diversified Support Services,First Lien Revolver,,—,-235,-238,(5)(8)(9),SOFR+,5.75,,12/5/2029,
oscf-20231231,2023-12-31,Non-Control/Non-Affiliate Investments,Amynta Agency Borrower Inc.,Property & Casualty Insurance,First Lien Term Loan,10.45,"11,970","11,669","12,000",-5,SOFR+,5,,2/28/2028,
oscf-20231231,2023-12-31,Non-Control/Non-Affiliate Investments,Amynta Agency Borrower Inc.,Property & Casualty Insurance,First Lien Term Loan,9.61,"27,930","27,930","28,000",-5,SOFR+,4.25,,2/28/2028,
oscf-20231231,2023-12-31,Non-Control/Non-Affiliate Investments,"Anastasia Parent, LLC",Personal Care Products,First Lien Term Loan,9.36,"6,822","5,727","4,173",-5,SOFR+,3.75,,8/11/2025,
oscf-20231231,2023-12-31,Non-Control/Non-Affiliate Investments,Arches Buyer Inc.,Interactive Media & Services,First Lien Term Loan,10.86,"94,203","92,794","92,790",(5)(8),SOFR+,5.5,,12/6/2027,
oscf-20231231,2023-12-31,Non-Control/Non-Affiliate Investments,Ardonagh Midco 3 PLC,Insurance Brokers,First Lien Term Loan,10.7,"9,600","9,650","10,711",(5)(8)(10),E+,6.75,,7/14/2026,
oscf-20231231,2023-12-31,Non-Control/Non-Affiliate Investments,Ardonagh Midco 3 PLC,Insurance Brokers,First Lien Term Loan,12.57,"3,520","3,368","3,591",(5)(8)(9)(10),SOFR+,6.75,,7/14/2026,
oscf-20231231,2023-12-31,Non-Control/Non-Affiliate Investments,ARES LXIV CLO,Multi-Sector Holdings,CLO Notes,9.14,"2,200","2,053","2,212",(5)(10),SOFR+,3.75,,4/15/2035,
oscf-20231231,2023-12-31,Non-Control/Non-Affiliate Investments,ARES LXVIII CLO,Multi-Sector Holdings,CLO Notes,11.13,"5,000","5,000","5,121",(5)(10),SOFR+,5.75,,4/25/2035,
oscf-20231231,2023-12-31,Non-Control/Non-Affiliate Investments,Arsenal AIC Parent LLC,Diversified Metals & Mining,First Lien Term Loan,9.86,"9,975","9,875","10,031",-5,SOFR+,4.5,,8/18/2030,
oscf-20231231,2023-12-31,Non-Control/Non-Affiliate Investments,ASP-R-PAC Acquisition Co LLC,Paper & Plastic Packaging Products & Materials,First Lien Term Loan,11.64,"4,849","4,785","4,558",(5)(8)(10),SOFR+,6,,12/29/2027,
oscf-20231231,2023-12-31,Non-Control/Non-Affiliate Investments,ASP-R-PAC Acquisition Co LLC,Paper & Plastic Packaging Products & Materials,First Lien Revolver,,—,-8,-35,(5)(8)(9)(10),SOFR+,6,,12/29/2027,
oscf-20231231,2023-12-31,Non-Control/Non-Affiliate Investments,Astra Acquisition Corp.,Application Software,First Lien Term Loan,10.86,"10,405","8,425","6,785",-5,SOFR+,5.25,,10/25/2028,
oscf-20231231,2023-12-31,Non-Control/Non-Affiliate Investments,"Asurion, LLC",Property & Casualty Insurance,First Lien Term Loan,9.46,"11,920","11,507","11,886",-5,SOFR+,4,,8/19/2028,
oscf-20231231,2023-12-31,Non-Control/Non-Affiliate Investments,"Asurion, LLC",Property & Casualty Insurance,First Lien Term Loan,9.71,"24,882","24,025","24,829",-5,SOFR+,4.25,,8/19/2028,
oscf-20231231,2023-12-31,Non-Control/Non-Affiliate Investments,athenahealth Group Inc.,Health Care Technology,First Lien Term Loan,8.61,"33,156","31,885","33,056",-5,SOFR+,3.25,,2/15/2029,
oscf-20231231,2023-12-31,Non-Control/Non-Affiliate Investments,athenahealth Group Inc.,Health Care Technology,Fixed Rate Bond,6.5,"15,040","13,097","13,664",,,,,2/15/2030,
oscf-20231231,2023-12-31,Non-Control/Non-Affiliate Investments,athenahealth Group Inc.,Health Care Technology,Preferred Equity,,,"5,693","5,544",-8,,,,,"5,809"
oscf-20231231,2023-12-31,Non-Control/Non-Affiliate Investments,"Avalara, Inc.",Application Software,First Lien Term Loan,12.6,"19,029","18,649","18,791",(5)(8),SOFR+,7.25,,10/19/2028,
oscf-20231231,2023-12-31,Non-Control/Non-Affiliate Investments,"Avalara, Inc.",Application Software,First Lien Revolver,,—,-38,-24,(5)(8)(9),SOFR+,7.25,,10/19/2028,
oscf-20231231,2023-12-31,Non-Control/Non-Affiliate Investments,Bain Capital Credit CLO 2022-3,Multi-Sector Holdings,CLO Notes,9.1,"3,500","3,370","3,515",-5,SOFR+,3.7,,7/17/2035,
oscf-20231231,2023-12-31,Non-Control/Non-Affiliate Investments,Bamboo US Bidco LLC,Health Care Equipment,First Lien Term Loan,11.38,"24,960","24,239","24,211",(5)(8),SOFR+,6,,9/30/2030,
oscf-20231231,2023-12-31,Non-Control/Non-Affiliate Investments,Bamboo US Bidco LLC,Health Care Equipment,First Lien Term Loan,9.95,"15,530","15,968","16,640",(5)(8),E+,6,,9/30/2030,
oscf-20231231,2023-12-31,Non-Control/Non-Affiliate Investments,Bamboo US Bidco LLC,Health Care Equipment,First Lien Term Loan,11.36,268,205,209,(5)(8)(9),SOFR+,6,,9/30/2030,
oscf-20231231,2023-12-31,Non-Control/Non-Affiliate Investments,Bamboo US Bidco LLC,Health Care Equipment,First Lien Revolver,,—,-149,-156,(5)(8)(9),SOFR+,6,,10/1/2029,
oscf-20231231,2023-12-31,Non-Control/Non-Affiliate Investments,Bausch + Lomb Corporation,Health Care Supplies,First Lien Term Loan,8.71,"23,116","22,609","22,929",(5)(10),SOFR+,3.25,,5/10/2027,
oscf-20231231,2023-12-31,Non-Control/Non-Affiliate Investments,Bausch + Lomb Corporation,Health Care Supplies,Fixed Rate Bond,8.38,"9,000","8,982","9,506",-10,,,,10/1/2028,
oscf-20231231,2023-12-31,Non-Control/Non-Affiliate Investments,"BioXcel Therapeutics, Inc.",Pharmaceuticals,First Lien Term Loan,,—,0,0,(5)(8)(9)(10),SOFR+,7.5,,4/19/2027,
oscf-20231231,2023-12-31,Non-Control/Non-Affiliate Investments,"BioXcel Therapeutics, Inc.",Pharmaceuticals,First Lien Term Loan,12.89,"1,346","1,346","1,255",(5)(8)(10),SOFR+,7.5,,4/19/2027,
oscf-20231231,2023-12-31,Non-Control/Non-Affiliate Investments,"BioXcel Therapeutics, Inc.",Pharmaceuticals,First Lien Term Loan,8,—,0,0,(8)(9)(10),,,2.25,4/19/2027,
oscf-20231231,2023-12-31,Non-Control/Non-Affiliate Investments,"BioXcel Therapeutics, Inc.",Pharmaceuticals,First Lien Term Loan,8,—,0,0,(8)(9)(10),,,2.25,4/19/2027,
oscf-20231231,2023-12-31,Non-Control/Non-Affiliate Investments,"BioXcel Therapeutics, Inc.",Pharmaceuticals,First Lien Term Loan,8,"3,234","3,143","3,015",(8)(10),,,2.25,4/19/2027,
oscf-20231231,2023-12-31,Non-Control/Non-Affiliate Investments,"BioXcel Therapeutics, Inc.",Pharmaceuticals,Warrants,,,74,22,(8)(10),,,,,"15,566"
oscf-20231231,2023-12-31,Non-Control/Non-Affiliate Investments,Carlyle Euro CLO 2021-2,Multi-Sector Holdings,CLO Notes,7.27,"1,400","1,376","1,428",(5)(10),E+,3.3,,10/15/2035,
oscf-20231231,2023-12-31,Non-Control/Non-Affiliate Investments,CCO Holdings LLC,Cable & Satellite,Fixed Rate Bond,4.5,"18,281","14,765","15,681",-10,,,,5/1/2032,
oscf-20231231,2023-12-31,Non-Control/Non-Affiliate Investments,CD&R Firefly Bidco Limited,Other Specialty Retail,First Lien Term Loan,11.29,"30,197","36,491","37,839",(5)(10),SONIA+,6,,6/21/2028,
oscf-20231231,2023-12-31,Non-Control/Non-Affiliate Investments,"Clear Channel Outdoor Holdings, Inc.",Advertising,First Lien Term Loan,9.14,"6,915","6,558","6,856",(5)(10),SOFR+,3.5,,8/21/2026,
oscf-20231231,2023-12-31,Non-Control/Non-Affiliate Investments,"Clear Channel Outdoor Holdings, Inc.",Advertising,Fixed Rate Bond,5.13,726,649,694,-10,,,,8/15/2027,
oscf-20231231,2023-12-31,Non-Control/Non-Affiliate Investments,"Clear Channel Outdoor Holdings, Inc.",Advertising,Fixed Rate Bond,9,"4,000","4,000","4,177",-10,,,,9/15/2028,
oscf-20231231,2023-12-31,Non-Control/Non-Affiliate Investments,"Cloud Software Group, Inc.",Application Software,First Lien Term Loan,9.95,"38,657","36,637","37,858",-5,SOFR+,4.5,,3/30/2029,
oscf-20231231,2023-12-31,Non-Control/Non-Affiliate Investments,"Cloud Software Group, Inc.",Application Software,Fixed Rate Bond,6.5,"10,740","9,699","10,238",,,,,3/31/2029,
oscf-20231231,2023-12-31,Non-Control/Non-Affiliate Investments,Colony Holding Corporation,Distributors,First Lien Term Loan,11.98,"12,087","11,824","11,869",(5)(8),SOFR+,6.5,,5/13/2026,
oscf-20231231,2023-12-31,Non-Control/Non-Affiliate Investments,Colony Holding Corporation,Distributors,First Lien Term Loan,11.99,"3,930","3,869","3,859",(5)(8),SOFR+,6.5,,5/13/2026,
oscf-20231231,2023-12-31,Non-Control/Non-Affiliate Investments,Condor Merger Sub Inc.,Systems Software,Fixed Rate Bond,7.38,"9,277","8,670","8,485",,,,,2/15/2030,
oscf-20231231,2023-12-31,Non-Control/Non-Affiliate Investments,Connect U.S. Finco LLC,Alternative Carriers,Fixed Rate Bond,6.75,"22,510","21,327","22,395",-10,,,,10/1/2026,
oscf-20231231,2023-12-31,Non-Control/Non-Affiliate Investments,"Coupa Holdings, LLC",Application Software,First Lien Term Loan,12.86,"13,464","13,167","13,184",(5)(8),SOFR+,7.5,,2/27/2030,
oscf-20231231,2023-12-31,Non-Control/Non-Affiliate Investments,"Coupa Holdings, LLC",Application Software,First Lien Term Loan,,—,-15,-11,(5)(8)(9),SOFR+,7.5,,2/27/2030,
oscf-20231231,2023-12-31,Non-Control/Non-Affiliate Investments,"Coupa Holdings, LLC",Application Software,First Lien Revolver,,—,-20,-19,(5)(8)(9),SOFR+,7.5,,2/27/2029,
oscf-20231231,2023-12-31,Non-Control/Non-Affiliate Investments,"Covetrus, Inc.",Health Care Distributors,First Lien Term Loan,10.35,"30,879","29,591","30,903",-5,SOFR+,5,,10/13/2029,
oscf-20231231,2023-12-31,Non-Control/Non-Affiliate Investments,"Crewline Buyer, Inc.",Systems Software,First Lien Term Loan,12.1,"43,911","42,837","42,857",(5)(8),SOFR+,6.75,,11/8/2030,
oscf-20231231,2023-12-31,Non-Control/Non-Affiliate Investments,"Crewline Buyer, Inc.",Systems Software,First Lien Revolver,,—,-112,-110,(5)(8)(9),SOFR+,6.75,,11/8/2030,
oscf-20231231,2023-12-31,Non-Control/Non-Affiliate Investments,Curium Bidco S.à.r.l.,Pharmaceuticals,First Lien Term Loan,9.85,"8,425","8,299","8,430",(5)(10),SOFR+,4.5,,7/31/2029,
oscf-20231231,2023-12-31,Non-Control/Non-Affiliate Investments,"CVAUSA Management, LLC",Health Care Services,First Lien Term Loan,11.87,"19,915","19,547","19,373",(5)(8),SOFR+,6.5,,5/22/2029,
oscf-20231231,2023-12-31,Non-Control/Non-Affiliate Investments,"CVAUSA Management, LLC",Health Care Services,First Lien Term Loan,11.74,"1,343","1,205","1,094",(5)(8)(9),SOFR+,6.5,,5/22/2029,
oscf-20231231,2023-12-31,Non-Control/Non-Affiliate Investments,"CVAUSA Management, LLC",Health Care Services,First Lien Term Loan,11.74,562,446,458,(5)(8)(9),SOFR+,6.5,,5/22/2029,
oscf-20231231,2023-12-31,Non-Control/Non-Affiliate Investments,"CVAUSA Management, LLC",Health Care Services,First Lien Revolver,,—,-69,-69,(5)(8)(9),SOFR+,6.5,,5/22/2029,
oscf-20231231,2023-12-31,Non-Control/Non-Affiliate Investments,"Dealer Tire Financial, LLC",Distributors,First Lien Term Loan,9.86,"11,095","11,020","11,147",-5,SOFR+,4.5,,12/14/2027,
oscf-20231231,2023-12-31,Non-Control/Non-Affiliate Investments,"Dealer Tire Financial, LLC",Distributors,Fixed Rate Bond,8,920,884,912,,,,,2/1/2028,
oscf-20231231,2023-12-31,Non-Control/Non-Affiliate Investments,Delta Leasing SPV II LLC,Specialized Finance,Subordinated Debt Term Loan,3,"25,352","25,352","25,352",(8)(10),,,7,8/31/2029,
oscf-20231231,2023-12-31,Non-Control/Non-Affiliate Investments,Delta Leasing SPV II LLC,Specialized Finance,Preferred Equity,,,330,330,(8)(10),,,,,330
oscf-20231231,2023-12-31,Non-Control/Non-Affiliate Investments,Delta Leasing SPV II LLC,Specialized Finance,Common Stock,,,2,2,(8)(10),,,,,2
oscf-20231231,2023-12-31,Non-Control/Non-Affiliate Investments,Delta Leasing SPV II LLC,Specialized Finance,Warrants,,,0,0,(8)(10),,,,,25
oscf-20231231,2023-12-31,Non-Control/Non-Affiliate Investments,"DirecTV Financing, LLC",Cable & Satellite,First Lien Term Loan,10.65,"22,978","22,509","23,019",-5,SOFR+,5,,8/2/2027,
oscf-20231231,2023-12-31,Non-Control/Non-Affiliate Investments,"DirecTV Financing, LLC",Cable & Satellite,Fixed Rate Bond,5.88,"6,070","5,383","5,708",,,,,8/15/2027,
oscf-20231231,2023-12-31,Non-Control/Non-Affiliate Investments,"DTI Holdco, Inc.",Research & Consulting Services,First Lien Term Loan,10.13,"28,651","27,453","28,390",-5,SOFR+,4.75,,4/26/2029,
oscf-20231231,2023-12-31,Non-Control/Non-Affiliate Investments,Dukes Root Control Inc.,Environmental & Facilities Services,First Lien Term Loan,12.14,"11,775","11,557","11,627",(5)(8),SOFR+,6.5,,12/8/2028,
oscf-20231231,2023-12-31,Non-Control/Non-Affiliate Investments,Dukes Root Control Inc.,Environmental & Facilities Services,First Lien Term Loan,12.04,"1,057","1,020","1,021",(5)(8)(9),SOFR+,6.5,,12/8/2028,
oscf-20231231,2023-12-31,Non-Control/Non-Affiliate Investments,Dukes Root Control Inc.,Environmental & Facilities Services,First Lien Revolver,12.22,754,727,736,(5)(8)(9),SOFR+,6.5,,12/8/2028,
oscf-20231231,2023-12-31,Non-Control/Non-Affiliate Investments,Eagle Parent Corp.,Diversified Support Services,First Lien Term Loan,9.6,"14,908","14,795","14,803",-5,SOFR+,4.25,,4/2/2029,
oscf-20231231,2023-12-31,Non-Control/Non-Affiliate Investments,"Entrata, Inc.",Application Software,First Lien Term Loan,11.36,"45,603","44,541","44,417",(5)(8),SOFR+,6,,7/10/2030,
oscf-20231231,2023-12-31,Non-Control/Non-Affiliate Investments,"Entrata, Inc.",Application Software,First Lien Revolver,,—,-118,-135,(5)(8)(9),SOFR+,6,,7/10/2028,
oscf-20231231,2023-12-31,Non-Control/Non-Affiliate Investments,"Enverus Holdings, Inc.",Application Software,First Lien Term Loan,10.84,"54,170","53,357","53,357",(5)(8),SOFR+,5.5,,12/24/2029,
oscf-20231231,2023-12-31,Non-Control/Non-Affiliate Investments,"Enverus Holdings, Inc.",Application Software,First Lien Term Loan,,—,-41,-41,(5)(8)(9),SOFR+,5.5,,12/24/2029,
oscf-20231231,2023-12-31,Non-Control/Non-Affiliate Investments,"Enverus Holdings, Inc.",Application Software,First Lien Revolver,,—,-62,-62,(5)(8)(9),SOFR+,5.5,,12/24/2029,
oscf-20231231,2023-12-31,Non-Control/Non-Affiliate Investments,Establishment Labs Holdings Inc.,Health Care Technology,First Lien Term Loan,3,"11,216","11,112","10,711",(8)(10),,,6,4/21/2027,
oscf-20231231,2023-12-31,Non-Control/Non-Affiliate Investments,Establishment Labs Holdings Inc.,Health Care Technology,First Lien Term Loan,3,"1,796","1,774","1,715",(8)(10),,,6,4/21/2027,
oscf-20231231,2023-12-31,Non-Control/Non-Affiliate Investments,Establishment Labs Holdings Inc.,Health Care Technology,First Lien Term Loan,3,—,1,0,(8)(9)(10),,,6,4/21/2027,
oscf-20231231,2023-12-31,Non-Control/Non-Affiliate Investments,Establishment Labs Holdings Inc.,Health Care Technology,First Lien Term Loan,3,—,1,0,(8)(9)(10),,,6,4/21/2027,
oscf-20231231,2023-12-31,Non-Control/Non-Affiliate Investments,"Evergreen IX Borrower 2023, LLC",Application Software,First Lien Term Loan,11.35,"36,306","35,432","35,464",(5)(8),SOFR+,6,,9/29/2030,
oscf-20231231,2023-12-31,Non-Control/Non-Affiliate Investments,"Evergreen IX Borrower 2023, LLC",Application Software,First Lien Revolver,,—,-95,-92,(5)(8)(9),SOFR+,6,,9/29/2029,
oscf-20231231,2023-12-31,Non-Control/Non-Affiliate Investments,"Finastra USA, Inc.",Application Software,First Lien Term Loan,12.71,"43,732","42,901","42,971",(5)(8)(10),SOFR+,7.25,,9/13/2029,
oscf-20231231,2023-12-31,Non-Control/Non-Affiliate Investments,"Finastra USA, Inc.",Application Software,First Lien Revolver,12.61,"1,201","1,115","1,122",(5)(8)(9)(10),SOFR+,7.25,,9/13/2029,
oscf-20231231,2023-12-31,Non-Control/Non-Affiliate Investments,Fortress Credit BSL XIV,Multi-Sector Holdings,CLO Notes,13.06,"2,300","2,074","2,093",(5)(10),SOFR+,7.65,,10/23/2034,
oscf-20231231,2023-12-31,Non-Control/Non-Affiliate Investments,"Frontier Communications Holdings, LLC",Integrated Telecommunication Services,First Lien Term Loan,9.22,"25,786","25,209","25,690",(5)(10),SOFR+,3.75,,10/8/2027,
oscf-20231231,2023-12-31,Non-Control/Non-Affiliate Investments,"Frontier Communications Holdings, LLC",Integrated Telecommunication Services,Fixed Rate Bond,6,"7,517","6,346","6,421",-10,,,,1/15/2030,
oscf-20231231,2023-12-31,Non-Control/Non-Affiliate Investments,"Galileo Parent, Inc.",Aerospace & Defense,First Lien Term Loan,12.6,"20,226","19,687","19,878",(5)(8),SOFR+,7.25,,5/3/2029,
oscf-20231231,2023-12-31,Non-Control/Non-Affiliate Investments,"Galileo Parent, Inc.",Aerospace & Defense,First Lien Revolver,12.6,"1,036",952,982,(5)(8)(9),SOFR+,7.25,,5/3/2029,
oscf-20231231,2023-12-31,Non-Control/Non-Affiliate Investments,Gallatin CLO X 2023-1,Multi-Sector Holdings,CLO Notes,10.74,"5,000","4,913","4,912",(5)(10),SOFR+,5.41,,10/14/2035,
oscf-20231231,2023-12-31,Non-Control/Non-Affiliate Investments,"Gibson Brands, Inc.",Leisure Products,First Lien Term Loan,10.66,"4,905","4,767","4,398",(5)(8),SOFR+,5,,8/11/2028,
oscf-20231231,2023-12-31,Non-Control/Non-Affiliate Investments,GoldenTree Loan Management EUR CLO 2 DAC,Multi-Sector Holdings,CLO Notes,6.84,"1,000",880,"1,033",(5)(10),E+,2.85,,1/20/2032,
oscf-20231231,2023-12-31,Non-Control/Non-Affiliate Investments,"Greenway Health, LLC",Health Care Technology,First Lien Term Loan,11.93,"25,000","24,255","24,255",(5)(8),SOFR+,6.75,,4/1/2029,
oscf-20231231,2023-12-31,Non-Control/Non-Affiliate Investments,"Grove Hotel Parcel Owner, LLC","Hotels, Resorts & Cruise Lines",First Lien Term Loan,13.46,"17,463","17,221","17,173",(5)(8),SOFR+,8,,6/21/2027,
oscf-20231231,2023-12-31,Non-Control/Non-Affiliate Investments,"Grove Hotel Parcel Owner, LLC","Hotels, Resorts & Cruise Lines",First Lien Term Loan,,—,-49,-59,(5)(8)(9),SOFR+,8,,6/21/2027,
oscf-20231231,2023-12-31,Non-Control/Non-Affiliate Investments,"Grove Hotel Parcel Owner, LLC","Hotels, Resorts & Cruise Lines",First Lien Revolver,,—,-25,-29,(5)(8)(9),SOFR+,8,,6/21/2027,
oscf-20231231,2023-12-31,Non-Control/Non-Affiliate Investments,Harbor Purchaser Inc.,Education Services,First Lien Term Loan,10.71,"6,217","5,984","6,114",-5,SOFR+,5.25,,4/9/2029,
oscf-20231231,2023-12-31,Non-Control/Non-Affiliate Investments,"Harrow, Inc.",Pharmaceuticals,First Lien Term Loan,12,"9,319","9,150","9,203",(5)(8)(10),SOFR+,6.5,,1/19/2026,
oscf-20231231,2023-12-31,Non-Control/Non-Affiliate Investments,"Harrow, Inc.",Pharmaceuticals,First Lien Term Loan,12,"1,792","1,755","1,770",(5)(8)(10),SOFR+,6.5,,1/19/2026,
oscf-20231231,2023-12-31,Non-Control/Non-Affiliate Investments,"Harrow, Inc.",Pharmaceuticals,First Lien Term Loan,,—,-91,-63,(5)(8)(9)(10),SOFR+,6.5,,1/19/2026,
oscf-20231231,2023-12-31,Non-Control/Non-Affiliate Investments,Hertz Vehicle Financing III,Specialized Finance,CLO Notes,5.16,"7,500","6,540","6,675",-10,,,,6/26/2028,
oscf-20231231,2023-12-31,Non-Control/Non-Affiliate Investments,Hertz Vehicle Financing III,Specialized Finance,CLO Notes,6.78,"17,377","15,888","16,195",-10,,,,9/25/2028,
oscf-20231231,2023-12-31,Non-Control/Non-Affiliate Investments,Horizon Aircraft Finance I Ltd.,Specialized Finance,CLO Notes,4.46,"12,168","10,287","10,549",-10,,,,12/15/2038,
oscf-20231231,2023-12-31,Non-Control/Non-Affiliate Investments,Horizon Aircraft Finance II Ltd.,Specialized Finance,CLO Notes,3.72,"2,133","1,829","1,885",-10,,,,7/15/2039,
oscf-20231231,2023-12-31,Non-Control/Non-Affiliate Investments,"HUB Pen Company, LLC",Other Specialty Retail,First Lien Term Loan,11.94,"27,267","26,627","26,596",(5)(8),SOFR+,6.5,,12/31/2027,
oscf-20231231,2023-12-31,Non-Control/Non-Affiliate Investments,"HUB Pen Company, LLC",Other Specialty Retail,First Lien Revolver,11.94,108,30,26,(5)(8)(9),SOFR+,6.5,,12/31/2027,
oscf-20231231,2023-12-31,Non-Control/Non-Affiliate Investments,IAMGOLD Corporation,Gold,Second Lien Term Loan,13.63,"28,394","27,650","27,855",(5)(8)(10),SOFR+,8.25,,5/16/2028,
oscf-20231231,2023-12-31,Non-Control/Non-Affiliate Investments,"iCIMs, Inc.",Application Software,First Lien Term Loan,12.62,"15,621","15,424","15,048",(5)(8),SOFR+,7.25,,8/18/2028,
oscf-20231231,2023-12-31,Non-Control/Non-Affiliate Investments,"iCIMs, Inc.",Application Software,First Lien Term Loan,12.62,"2,325","2,293","2,262",(5)(8),SOFR+,7.25,,8/18/2028,
oscf-20231231,2023-12-31,Non-Control/Non-Affiliate Investments,"iCIMs, Inc.",Application Software,First Lien Term Loan,,—,0,0,(5)(8)(9),SOFR+,7.25,,8/18/2028,
oscf-20231231,2023-12-31,Non-Control/Non-Affiliate Investments,"iCIMs, Inc.",Application Software,First Lien Revolver,12.1,241,222,176,(5)(8)(9),SOFR+,6.75,,8/18/2028,
oscf-20231231,2023-12-31,Non-Control/Non-Affiliate Investments,Impel Pharmaceuticals Inc.,Health Care Technology,First Lien Term Loan,,"10,187","9,687","5,389",(5)(8)(12),SOFR+,10.75,,3/17/2027,
oscf-20231231,2023-12-31,Non-Control/Non-Affiliate Investments,Impel Pharmaceuticals Inc.,Health Care Technology,First Lien Term Loan,,305,285,242,(5)(8)(12),SOFR+,10.75,,3/17/2027,
oscf-20231231,2023-12-31,Non-Control/Non-Affiliate Investments,Impel Pharmaceuticals Inc.,Health Care Technology,First Lien Term Loan,,812,787,643,(5)(8)(12),SOFR+,10.75,,3/17/2027,
oscf-20231231,2023-12-31,Non-Control/Non-Affiliate Investments,Impel Pharmaceuticals Inc.,Health Care Technology,First Lien Term Loan,,364,358,288,(5)(8)(12),SOFR+,10.75,,3/17/2027,
oscf-20231231,2023-12-31,Non-Control/Non-Affiliate Investments,Impel Pharmaceuticals Inc.,Health Care Technology,Warrants,,,0,0,,,,,,"127,376"
oscf-20231231,2023-12-31,Non-Control/Non-Affiliate Investments,Innocoll Pharmaceuticals Limited,Health Care Technology,Warrants,,,85,0,(8)(10),,,,,"36,087"
oscf-20231231,2023-12-31,Non-Control/Non-Affiliate Investments,"Inventus Power, Inc.",Electrical Components & Equipment,First Lien Term Loan,12.97,"43,655","42,679","42,669",(5)(8),SOFR+,7.5,,6/30/2025,
oscf-20231231,2023-12-31,Non-Control/Non-Affiliate Investments,"Inventus Power, Inc.",Electrical Components & Equipment,First Lien Revolver,,—,-111,-112,(5)(8)(9),SOFR+,7.5,,6/30/2025,
oscf-20231231,2023-12-31,Non-Control/Non-Affiliate Investments,IW Buyer LLC,Electrical Components & Equipment,First Lien Term Loan,12.21,"34,288","33,348","33,345",(5)(8),SOFR+,6.75,,6/28/2029,
oscf-20231231,2023-12-31,Non-Control/Non-Affiliate Investments,IW Buyer LLC,Electrical Components & Equipment,First Lien Revolver,,—,-176,-177,(5)(8)(9),SOFR+,6.75,,6/28/2029,
oscf-20231231,2023-12-31,Non-Control/Non-Affiliate Investments,KDC/ONE Development Corp Inc,Personal Care Products,First Lien Term Loan,10.36,"23,750","23,088","23,590",(5)(10),SOFR+,5,,8/15/2028,
oscf-20231231,2023-12-31,Non-Control/Non-Affiliate Investments,Kindercare Learning Centers Kindercare Portfolio,Diversified Real Estate Activities,CLO Notes,7.78,"4,964","4,622","4,717",(5)(10),SOFR+,2.41,,8/15/2038,
oscf-20231231,2023-12-31,Non-Control/Non-Affiliate Investments,"Kings Buyer, LLC",Environmental & Facilities Services,First Lien Term Loan,11.84,"4,803","4,755","4,731",(5)(8),SOFR+,6.5,,10/29/2027,
oscf-20231231,2023-12-31,Non-Control/Non-Affiliate Investments,"Kings Buyer, LLC",Environmental & Facilities Services,First Lien Term Loan,11.99,"58,992","58,165","58,107",(5)(8),SOFR+,6.5,,10/29/2027,
oscf-20231231,2023-12-31,Non-Control/Non-Affiliate Investments,"Kings Buyer, LLC",Environmental & Facilities Services,First Lien Revolver,,—,-7,-10,(5)(8)(9),SOFR+,6.5,,10/29/2027,
oscf-20231231,2023-12-31,Non-Control/Non-Affiliate Investments,"Kings Buyer, LLC",Environmental & Facilities Services,First Lien Revolver,,—,-68,-73,(5)(8)(9),SOFR+,6.5,,10/29/2027,
oscf-20231231,2023-12-31,Non-Control/Non-Affiliate Investments,"LABL, Inc.",Office Services & Supplies,First Lien Term Loan,10.46,"21,572","21,128","20,748",-5,SOFR+,5,,10/29/2028,
oscf-20231231,2023-12-31,Non-Control/Non-Affiliate Investments,Latam Airlines Group S.A.,Passenger Airlines,First Lien Term Loan,15.08,"12,002","11,216","12,370",(5)(10),SOFR+,9.5,,10/12/2027,
oscf-20231231,2023-12-31,Non-Control/Non-Affiliate Investments,"LSL Holdco, LLC",Health Care Distributors,First Lien Term Loan,11.46,"8,974","8,852","8,301",(5)(8),SOFR+,6,,1/31/2028,
oscf-20231231,2023-12-31,Non-Control/Non-Affiliate Investments,"LSL Holdco, LLC",Health Care Distributors,First Lien Term Loan,11.46,"1,045",987,967,(5)(8),SOFR+,6,,1/31/2028,
oscf-20231231,2023-12-31,Non-Control/Non-Affiliate Investments,"LSL Holdco, LLC",Health Care Distributors,First Lien Revolver,,—,-14,-76,(5)(8)(9),SOFR+,6,,1/31/2028,
oscf-20231231,2023-12-31,Non-Control/Non-Affiliate Investments,Madison Park Funding LXIII,Multi-Sector Holdings,CLO Notes,10.91,"5,000","5,000","5,099",(5)(10),SOFR+,5.5,,4/21/2035,
oscf-20231231,2023-12-31,Non-Control/Non-Affiliate Investments,Madison Park Euro Funding XIV,Multi-Sector Holdings,CLO Notes,7.57,"6,450","6,762","6,915",(5)(10),E+,3.6,,7/15/2032,
oscf-20231231,2023-12-31,Non-Control/Non-Affiliate Investments,Mauser Packaging Solutions Holding Company,"Metal, Glass & Plastic Containers",First Lien Term Loan,9.34,"15,940","15,845","16,021",-5,SOFR+,4,,8/14/2026,
oscf-20231231,2023-12-31,Non-Control/Non-Affiliate Investments,Mauser Packaging Solutions Holding Company,"Metal, Glass & Plastic Containers",Fixed Rate Bond,7.88,"12,500","12,348","12,732",,,,,8/15/2026,
oscf-20231231,2023-12-31,Non-Control/Non-Affiliate Investments,McAfee Corp.,Systems Software,First Lien Term Loan,9.19,"23,797","23,007","23,762",-5,SOFR+,3.75,,3/1/2029,
oscf-20231231,2023-12-31,Non-Control/Non-Affiliate Investments,"Medline Borrower, LP",Health Care Supplies,First Lien Term Loan,8.47,"26,818","26,332","26,984",-5,SOFR+,3,,10/23/2028,
oscf-20231231,2023-12-31,Non-Control/Non-Affiliate Investments,"Mesoblast, Inc.",Biotechnology,First Lien Term Loan,8,"2,331","2,206","2,080",(8)(10),,,1.75,11/19/2026,
oscf-20231231,2023-12-31,Non-Control/Non-Affiliate Investments,"Mesoblast, Inc.",Biotechnology,Warrants,,,152,17,(8)(10),,,,,"66,347"
oscf-20231231,2023-12-31,Non-Control/Non-Affiliate Investments,"Mesoblast, Inc.",Biotechnology,Warrants,,,0,7,(8)(10),,,,,"17,058"
oscf-20231231,2023-12-31,Non-Control/Non-Affiliate Investments,"MHE Intermediate Holdings, LLC",Diversified Support Services,First Lien Term Loan,11.78,"1,659","1,623","1,646",(5)(8),SOFR+,6.25,,7/21/2027,
oscf-20231231,2023-12-31,Non-Control/Non-Affiliate Investments,"MHE Intermediate Holdings, LLC",Diversified Support Services,First Lien Term Loan,11.53,"5,286","5,180","5,207",(5)(8),SOFR+,6,,7/21/2027,
oscf-20231231,2023-12-31,Non-Control/Non-Affiliate Investments,"Mitchell International, Inc.",Application Software,First Lien Term Loan,9.4,"32,309","31,544","32,342",-5,SOFR+,3.75,,10/15/2028,
oscf-20231231,2023-12-31,Non-Control/Non-Affiliate Investments,"Mitchell International, Inc.",Application Software,Second Lien Term Loan,12.15,170,163,167,-5,SOFR+,6.5,,10/15/2029,
oscf-20231231,2023-12-31,Non-Control/Non-Affiliate Investments,MND Holdings III Corp,Other Specialty Retail,First Lien Term Loan,12.89,"41,483","40,840","41,897",(5)(8),SOFR+,7.5,,5/9/2028,
oscf-20231231,2023-12-31,Non-Control/Non-Affiliate Investments,MND Holdings III Corp,Other Specialty Retail,First Lien Revolver,12.86,"8,498","8,256","8,498",(5)(8)(9),SOFR+,7.5,,5/9/2028,
oscf-20231231,2023-12-31,Non-Control/Non-Affiliate Investments,MRI Software LLC,Application Software,First Lien Term Loan,10.95,"4,585","4,450","4,539",(5)(8),SOFR+,5.5,,2/10/2027,
oscf-20231231,2023-12-31,Non-Control/Non-Affiliate Investments,MRI Software LLC,Application Software,First Lien Term Loan,10.95,"7,185","7,178","7,113",(5)(8),SOFR+,5.5,,2/10/2027,
oscf-20231231,2023-12-31,Non-Control/Non-Affiliate Investments,MRI Software LLC,Application Software,First Lien Term Loan,,—,-136,0,(5)(8)(9),SOFR+,5.5,,2/10/2027,
oscf-20231231,2023-12-31,Non-Control/Non-Affiliate Investments,MRI Software LLC,Application Software,First Lien Revolver,,—,0,-23,(5)(8)(9),SOFR+,5.5,,2/10/2027,
oscf-20231231,2023-12-31,Non-Control/Non-Affiliate Investments,New Enterprise Stone & Lime Co Inc,Construction Materials,Fixed Rate Bond,5.25,"2,250","2,088","2,149",,,,,7/15/2028,
oscf-20231231,2023-12-31,Non-Control/Non-Affiliate Investments,"Next Holdco, LLC",Health Care Technology,First Lien Term Loan,11.37,"46,624","45,925","46,055",(5)(8),SOFR+,6,,11/12/2030,
oscf-20231231,2023-12-31,Non-Control/Non-Affiliate Investments,"Next Holdco, LLC",Health Care Technology,First Lien Term Loan,,—,-90,-90,(5)(8)(9),SOFR+,6,,11/12/2030,
oscf-20231231,2023-12-31,Non-Control/Non-Affiliate Investments,"Next Holdco, LLC",Health Care Technology,First Lien Revolver,,—,-67,-55,(5)(8)(9),SOFR+,6,,11/9/2029,
oscf-20231231,2023-12-31,Non-Control/Non-Affiliate Investments,"NFM & J, L.P.",Diversified Support Services,First Lien Term Loan,11.22,"22,321","21,874","22,109",(5)(8),SOFR+,5.75,,11/10/2029,
oscf-20231231,2023-12-31,Non-Control/Non-Affiliate Investments,"NFM & J, L.P.",Diversified Support Services,First Lien Term Loan,,—,-124,0,(5)(8)(9),SOFR+,5.75,,11/10/2029,
oscf-20231231,2023-12-31,Non-Control/Non-Affiliate Investments,"NFM & J, L.P.",Diversified Support Services,First Lien Revolver,,—,-99,-47,(5)(8)(9),SOFR+,5.75,,11/10/2029,
oscf-20231231,2023-12-31,Non-Control/Non-Affiliate Investments,NFP Corp.,Diversified Financial Services,Fixed Rate Bond,4.88,"19,550","17,576","19,365",,,,,8/15/2028,
oscf-20231231,2023-12-31,Non-Control/Non-Affiliate Investments,NFP Corp.,Diversified Financial Services,Fixed Rate Bond,6.88,"3,784","3,486","3,850",,,,,8/15/2028,
oscf-20231231,2023-12-31,Non-Control/Non-Affiliate Investments,NFP Corp.,Diversified Financial Services,Fixed Rate Bond,8.5,"5,000","5,000","5,423",,,,,10/1/2031,
oscf-20231231,2023-12-31,Non-Control/Non-Affiliate Investments,NFP Corp.,Diversified Financial Services,Fixed Rate Bond,7.5,841,822,896,,,,,10/1/2030,
oscf-20231231,2023-12-31,Non-Control/Non-Affiliate Investments,"North Star Acquisitionco, LLC",Education Services,First Lien Term Loan,11.1,"36,533","35,884","35,861",(5)(8),SOFR+,5.75,,5/3/2029,
oscf-20231231,2023-12-31,Non-Control/Non-Affiliate Investments,"North Star Acquisitionco, LLC",Education Services,First Lien Term Loan,,—,-33,-31,(5)(8)(9),SOFR+,5.75,,5/3/2029,
oscf-20231231,2023-12-31,Non-Control/Non-Affiliate Investments,"North Star Acquisitionco, LLC",Education Services,First Lien Revolver,,—,-78,-81,(5)(8)(9),SOFR+,5.75,,5/3/2029,
oscf-20231231,2023-12-31,Non-Control/Non-Affiliate Investments,Ocean Trails CLO VIII,Multi-Sector Holdings,CLO Notes,9.41,"5,000","4,658","4,854",(5)(10),SOFR+,4.01,,7/15/2034,
oscf-20231231,2023-12-31,Non-Control/Non-Affiliate Investments,Ocean Trails CLO XIV,Multi-Sector Holdings,CLO Notes,11.24,"1,000","1,000","1,007",-5,SOFR+,5.82,,1/20/2035,
oscf-20231231,2023-12-31,Non-Control/Non-Affiliate Investments,Octagon 66,Multi-Sector Holdings,CLO Notes,10.48,"3,000","2,970","3,035",(5)(10),SOFR+,5.09,,11/16/2036,
oscf-20231231,2023-12-31,Non-Control/Non-Affiliate Investments,OEConnection LLC,Application Software,Second Lien Term Loan,12.46,"5,355","5,286","5,275",(5)(8),SOFR+,7,,9/25/2027,
oscf-20231231,2023-12-31,Non-Control/Non-Affiliate Investments,"OneOncology, LLC",Health Care Services,First Lien Term Loan,11.6,"22,828","22,303","22,298",(5)(8),SOFR+,6.25,,6/9/2030,
oscf-20231231,2023-12-31,Non-Control/Non-Affiliate Investments,"OneOncology, LLC",Health Care Services,First Lien Term Loan,,—,-107,-100,(5)(8)(9),SOFR+,6.25,,6/9/2030,
oscf-20231231,2023-12-31,Non-Control/Non-Affiliate Investments,"OneOncology, LLC",Health Care Services,First Lien Revolver,,—,-104,-106,(5)(8)(9),SOFR+,6.25,,6/9/2030,
oscf-20231231,2023-12-31,Non-Control/Non-Affiliate Investments,"Oranje Holdco, Inc.",Systems Software,First Lien Term Loan,13.13,"15,746","15,413","15,510",(5)(8),SOFR+,7.75,,2/1/2029,
oscf-20231231,2023-12-31,Non-Control/Non-Affiliate Investments,"Oranje Holdco, Inc.",Systems Software,First Lien Revolver,,—,-42,-30,(5)(8)(9),SOFR+,7.75,,2/1/2029,
oscf-20231231,2023-12-31,Non-Control/Non-Affiliate Investments,"Park Place Technologies, LLC",Internet Services & Infrastructure,First Lien Term Loan,10.46,"14,880","14,541","14,848",-5,SOFR+,5,,11/10/2027,
oscf-20231231,2023-12-31,Non-Control/Non-Affiliate Investments,Peraton Corp.,Aerospace & Defense,First Lien Term Loan,9.21,"23,828","23,717","23,917",-5,SOFR+,3.75,,2/1/2028,
oscf-20231231,2023-12-31,Non-Control/Non-Affiliate Investments,PetSmart LLC,Other Specialty Retail,First Lien Term Loan,9.21,"15,874","15,619","15,723",-5,SOFR+,3.75,,2/11/2028,
oscf-20231231,2023-12-31,Non-Control/Non-Affiliate Investments,"PetVet Care Centers, LLC",Health Care Services,First Lien Term Loan,11.36,"73,647","72,202","72,218",(5)(8),SOFR+,6,,11/15/2030,
oscf-20231231,2023-12-31,Non-Control/Non-Affiliate Investments,"PetVet Care Centers, LLC",Health Care Services,First Lien Term Loan,,—,-96,-96,(5)(8)(9),SOFR+,6,,11/15/2030,
oscf-20231231,2023-12-31,Non-Control/Non-Affiliate Investments,"PetVet Care Centers, LLC",Health Care Services,First Lien Revolver,,—,-188,-186,(5)(8)(9),SOFR+,6,,11/15/2029,
oscf-20231231,2023-12-31,Non-Control/Non-Affiliate Investments,"PetVet Care Centers, LLC",Health Care Services,Preferred Equity,,,"6,211","6,217",-8,,,,,"6,338,000"
oscf-20231231,2023-12-31,Non-Control/Non-Affiliate Investments,"Pluralsight, LLC",Application Software,First Lien Term Loan,13.56,"26,144","22,740","25,150",(5)(8),SOFR+,8,,4/6/2027,
oscf-20231231,2023-12-31,Non-Control/Non-Affiliate Investments,"Pluralsight, LLC",Application Software,First Lien Revolver,13.56,"1,274","1,060","1,211",(5)(8)(9),SOFR+,8,,4/6/2027,
oscf-20231231,2023-12-31,Non-Control/Non-Affiliate Investments,"PPW Aero Buyer, Inc.",Aerospace & Defense,First Lien Term Loan,12.36,"26,690","25,779","25,711",(5)(8),SOFR+,7,,2/15/2029,
oscf-20231231,2023-12-31,Non-Control/Non-Affiliate Investments,"PPW Aero Buyer, Inc.",Aerospace & Defense,First Lien Revolver,12.35,240,117,108,(5)(8)(9),SOFR+,7,,2/15/2029,
oscf-20231231,2023-12-31,Non-Control/Non-Affiliate Investments,"Profrac Holdings II, LLC",Industrial Machinery & Supplies & Components,First Lien Floating Rate Bond,12.6,"71,316","70,603","70,603",(5)(8)(10),SOFR+,7.25,,1/23/2029,
oscf-20231231,2023-12-31,Non-Control/Non-Affiliate Investments,Quantum Bidco Limited,Food Distributors,First Lien Term Loan,10.96,"5,470","6,123","6,555",(5)(8)(10),SONIA+,5.5,,1/31/2028,
oscf-20231231,2023-12-31,Non-Control/Non-Affiliate Investments,Renaissance Holding Corp.,Education Services,First Lien Term Loan,10.11,"33,915","33,393","34,080",-5,SOFR+,4.75,,4/7/2030,
oscf-20231231,2023-12-31,Non-Control/Non-Affiliate Investments,"Resistance Acquisition, Inc.",Pharmaceuticals,First Lien Term Loan,13.1,"18,387","17,953","17,973",(5)(8),SOFR+,7.75,,9/21/2028,
oscf-20231231,2023-12-31,Non-Control/Non-Affiliate Investments,RR 24,Multi-Sector Holdings,CLO Notes,13.65,"2,750","2,750","2,766",(5)(10),SOFR+,8.3,,1/15/2036,
oscf-20231231,2023-12-31,Non-Control/Non-Affiliate Investments,"Salus Workers' Compensation, LLC",Diversified Financial Services,First Lien Term Loan,15.36,"15,553","15,117","15,125",(5)(8),SOFR+,10,,10/7/2026,
oscf-20231231,2023-12-31,Non-Control/Non-Affiliate Investments,"Salus Workers' Compensation, LLC",Diversified Financial Services,First Lien Revolver,,—,-53,-52,(5)(8)(9),SOFR+,10,,10/7/2026,
oscf-20231231,2023-12-31,Non-Control/Non-Affiliate Investments,"Salus Workers' Compensation, LLC",Diversified Financial Services,Warrants,,,200,940,-8,,,,,"606,357"
oscf-20231231,2023-12-31,Non-Control/Non-Affiliate Investments,SCIH Salt Holdings Inc.,Diversified Chemicals,First Lien Term Loan,9.47,"26,820","26,537","26,897",-5,SOFR+,4,,3/16/2027,
oscf-20231231,2023-12-31,Non-Control/Non-Affiliate Investments,SCIH Salt Holdings Inc.,Diversified Chemicals,Fixed Rate Bond,4.88,"14,450","13,010","13,533",,,,,5/1/2028,
oscf-20231231,2023-12-31,Non-Control/Non-Affiliate Investments,"SCP Eye Care Services, LLC",Health Care Services,Second Lien Term Loan,14.21,"5,881","5,732","5,710",(5)(8),SOFR+,8.75,,10/7/2030,
oscf-20231231,2023-12-31,Non-Control/Non-Affiliate Investments,"SCP Eye Care Services, LLC",Health Care Services,Second Lien Term Loan,14.2,727,691,676,(5)(8)(9),SOFR+,8.75,,10/7/2030,
oscf-20231231,2023-12-31,Non-Control/Non-Affiliate Investments,"SCP Eye Care Services, LLC",Health Care Services,Common Stock,,,761,752,-8,,,,,761
oscf-20231231,2023-12-31,Non-Control/Non-Affiliate Investments,scPharmaceuticals Inc.,Pharmaceuticals,First Lien Term Loan,11.75,"7,654","7,343","7,405",(5)(8),SOFR+,8.75,,10/13/2027,
oscf-20231231,2023-12-31,Non-Control/Non-Affiliate Investments,scPharmaceuticals Inc.,Pharmaceuticals,First Lien Term Loan,,—,0,0,(5)(8)(9),SOFR+,8.75,,10/13/2027,
oscf-20231231,2023-12-31,Non-Control/Non-Affiliate Investments,scPharmaceuticals Inc.,Pharmaceuticals,First Lien Term Loan,,—,0,0,(5)(8)(9),SOFR+,8.75,,10/13/2027,
oscf-20231231,2023-12-31,Non-Control/Non-Affiliate Investments,scPharmaceuticals Inc.,Pharmaceuticals,Warrants,,,258,312,-8,,,,,"79,075"
oscf-20231231,2023-12-31,Non-Control/Non-Affiliate Investments,Secure Acquisition Inc.,Paper & Plastic Packaging Products & Materials,First Lien Term Loan,10.5,"1,754","1,751","1,756",-5,SOFR+,5,,12/16/2028,
oscf-20231231,2023-12-31,Non-Control/Non-Affiliate Investments,SEI Holding I Corporation,Trading Companies & Distributors,First Lien Term Loan,12.1,"17,376","16,935","17,289",(5)(8),SOFR+,6.75,,3/27/2028,
oscf-20231231,2023-12-31,Non-Control/Non-Affiliate Investments,SEI Holding I Corporation,Trading Companies & Distributors,First Lien Term Loan,12.13,"2,282","2,232","2,270",(5)(8)(9),SOFR+,6.75,,3/27/2028,
oscf-20231231,2023-12-31,Non-Control/Non-Affiliate Investments,SEI Holding I Corporation,Trading Companies & Distributors,First Lien Term Loan,,—,-53,-54,(5)(8)(9),SOFR+,6.25,,3/27/2028,
oscf-20231231,2023-12-31,Non-Control/Non-Affiliate Investments,SEI Holding I Corporation,Trading Companies & Distributors,First Lien Revolver,,—,-38,-8,(5)(8)(9),SOFR+,6.75,,3/27/2028,
oscf-20231231,2023-12-31,Non-Control/Non-Affiliate Investments,"Seres Therapeutics, Inc.",Biotechnology,First Lien Term Loan,12.88,"11,547","11,154","11,048",(5)(8)(10),SOFR+,7.88,,4/27/2029,
oscf-20231231,2023-12-31,Non-Control/Non-Affiliate Investments,"Seres Therapeutics, Inc.",Biotechnology,First Lien Term Loan,12.88,"4,330","4,183","4,143",(5)(8)(10),SOFR+,7.88,,4/27/2029,
oscf-20231231,2023-12-31,Non-Control/Non-Affiliate Investments,"Seres Therapeutics, Inc.",Biotechnology,First Lien Term Loan,,—,0,0,(5)(8)(9)(10),SOFR+,7.88,,4/27/2029,
oscf-20231231,2023-12-31,Non-Control/Non-Affiliate Investments,"Seres Therapeutics, Inc.",Biotechnology,First Lien Term Loan,,—,0,0,(5)(8)(9)(10),SOFR+,7.88,,4/27/2029,
oscf-20231231,2023-12-31,Non-Control/Non-Affiliate Investments,"Seres Therapeutics, Inc.",Biotechnology,Warrants,,,293,70,(8)(10),,,,,"93,470"
oscf-20231231,2023-12-31,Non-Control/Non-Affiliate Investments,"SM Wellness Holdings, Inc.",Health Care Services,First Lien Term Loan,10.39,"12,786","11,995","12,402",(5)(8),SOFR+,4.75,,4/17/2028,
oscf-20231231,2023-12-31,Non-Control/Non-Affiliate Investments,"Southern Veterinary Partners, LLC",Health Care Facilities,First Lien Term Loan,9.47,"30,587","30,342","30,529",-5,SOFR+,4,,10/5/2027,
oscf-20231231,2023-12-31,Non-Control/Non-Affiliate Investments,"SPX Flow, Inc.",Industrial Machinery & Supplies & Components,First Lien Term Loan,9.96,"29,496","28,712","29,631",-5,SOFR+,4.5,,4/5/2029,
oscf-20231231,2023-12-31,Non-Control/Non-Affiliate Investments,"SPX Flow, Inc.",Industrial Machinery & Supplies & Components,Fixed Rate Bond,8.75,"2,580","2,482","2,583",,,,,4/1/2030,
oscf-20231231,2023-12-31,Non-Control/Non-Affiliate Investments,"Staples, Inc.",Office Services & Supplies,Fixed Rate Bond,7.5,"7,870","6,973","7,329",,,,,4/15/2026,
oscf-20231231,2023-12-31,Non-Control/Non-Affiliate Investments,"Star Parent, Inc.",Life Sciences Tools & Services,First Lien Term Loan,9.35,"43,025","42,123","42,625",-5,SOFR+,4,,9/28/2030,
oscf-20231231,2023-12-31,Non-Control/Non-Affiliate Investments,Sunshine Luxembourg VII Sarl,Personal Care Products,First Lien Term Loan,8.95,"10,333","10,103","10,401",(5)(10),SOFR+,3.5,,10/1/2026,
oscf-20231231,2023-12-31,Non-Control/Non-Affiliate Investments,"Superior Industries International, Inc.",Auto Parts & Equipment,First Lien Term Loan,13.36,"33,227","32,404","32,895",(5)(8),SOFR+,8,,12/16/2028,
oscf-20231231,2023-12-31,Non-Control/Non-Affiliate Investments,"Supreme Fitness Group NY Holdings, LLC",Leisure Facilities,First Lien Term Loan,12.66,"8,175","8,078","7,776",(5)(8),SOFR+,7,,12/31/2026,
oscf-20231231,2023-12-31,Non-Control/Non-Affiliate Investments,"Supreme Fitness Group NY Holdings, LLC",Leisure Facilities,First Lien Term Loan,12.66,700,692,666,(5)(8),SOFR+,7,,12/31/2026,
oscf-20231231,2023-12-31,Non-Control/Non-Affiliate Investments,"Supreme Fitness Group NY Holdings, LLC",Leisure Facilities,First Lien Term Loan,14.5,842,811,801,(5)(8),PRIME+,6,,12/31/2026,
oscf-20231231,2023-12-31,Non-Control/Non-Affiliate Investments,"Supreme Fitness Group NY Holdings, LLC",Leisure Facilities,First Lien Revolver,12.66,396,392,377,(5)(8),SOFR+,7,,12/31/2026,
oscf-20231231,2023-12-31,Non-Control/Non-Affiliate Investments,"Tacala, LLC",Restaurants,First Lien Term Loan,9.47,"11,913","11,689","11,977",-5,SOFR+,4,,2/5/2027,
oscf-20231231,2023-12-31,Non-Control/Non-Affiliate Investments,"Tacala, LLC",Restaurants,Second Lien Term Loan,13.47,"7,310","7,140","7,312",(5)(8),SOFR+,8,,2/4/2028,
oscf-20231231,2023-12-31,Non-Control/Non-Affiliate Investments,Ten-X LLC,Interactive Media & Services,First Lien Term Loan,11.36,"24,868","23,767","24,013",(5)(8),SOFR+,6,,5/26/2028,
oscf-20231231,2023-12-31,Non-Control/Non-Affiliate Investments,THL Zinc Ventures Ltd,Diversified Metals & Mining,First Lien Term Loan,13,"39,751","39,340","39,318",(8)(10),,,,5/23/2026,
oscf-20231231,2023-12-31,Non-Control/Non-Affiliate Investments,"Touchstone Acquisition, Inc.",Health Care Supplies,First Lien Term Loan,11.48,"8,463","8,342","8,231",(5)(8),SOFR+,6,,12/29/2028,
oscf-20231231,2023-12-31,Non-Control/Non-Affiliate Investments,Transit Buyer LLC,Diversified Support Services,First Lien Term Loan,11.7,"8,405","8,263","8,296",(5)(8),SOFR+,6.25,,1/31/2029,
oscf-20231231,2023-12-31,Non-Control/Non-Affiliate Investments,Transit Buyer LLC,Diversified Support Services,First Lien Term Loan,11.63,"1,636","1,571","1,586",(5)(8)(9),SOFR+,6.25,,1/31/2029,
oscf-20231231,2023-12-31,Non-Control/Non-Affiliate Investments,"Trident TPI Holdings, Inc.","Metal, Glass & Plastic Containers",First Lien Term Loan,9.61,"8,965","8,955","8,952",-5,SOFR+,4,,9/15/2028,
oscf-20231231,2023-12-31,Non-Control/Non-Affiliate Investments,"Trident TPI Holdings, Inc.","Metal, Glass & Plastic Containers",First Lien Term Loan,10.6,"7,847","7,691","7,884",-5,SOFR+,5.25,,9/15/2028,
oscf-20231231,2023-12-31,Non-Control/Non-Affiliate Investments,Trinitas CLO XII,Multi-Sector Holdings,CLO Notes,9.64,"4,500","4,396","4,522",(5)(10),SOFR+,4.26,,4/25/2033,
oscf-20231231,2023-12-31,Non-Control/Non-Affiliate Investments,Trinitas CLO XV DAC,Multi-Sector Holdings,CLO Notes,13.12,"6,500","5,807","6,047",(5)(10),SOFR+,7.71,,4/22/2034,
oscf-20231231,2023-12-31,Non-Control/Non-Affiliate Investments,Uniti Group LP,Other Specialized REITs,Fixed Rate Bond,6.5,"1,750","1,635","1,265",-10,,,,2/15/2029,
oscf-20231231,2023-12-31,Non-Control/Non-Affiliate Investments,Uniti Group LP,Other Specialized REITs,Fixed Rate Bond,4.75,"2,200","1,957","1,898",-10,,,,4/15/2028,
oscf-20231231,2023-12-31,Non-Control/Non-Affiliate Investments,"Venture Global LNG, Inc.",Oil & Gas Refining & Marketing,Fixed Rate Bond,9.5,"5,620","5,620","5,950",,,,,2/1/2029,
oscf-20231231,2023-12-31,Non-Control/Non-Affiliate Investments,WAVE 2019-1,Specialized Finance,CLO Notes,3.6,"5,102","4,221","4,300",,,,,9/15/2044,
oscf-20231231,2023-12-31,Non-Control/Non-Affiliate Investments,"Wellfleet CLO 2022-2, Ltd.",Multi-Sector Holdings,CLO Notes,13.96,"1,500","1,445","1,518",(5)(10),SOFR+,8.56,,10/18/2035,
oscf-20231231,2023-12-31,Non-Control/Non-Affiliate Investments,"WP CPP Holdings, LLC",Aerospace & Defense,First Lien Term Loan,12.06,"53,163","51,858","51,837",(5)(8),SOFR+,6.75,,11/28/2029,
oscf-20231231,2023-12-31,Non-Control/Non-Affiliate Investments,"WP CPP Holdings, LLC",Aerospace & Defense,First Lien Revolver,,—,-144,-146,(5)(8)(9),SOFR+,6.75,,11/28/2029,
oscf-20240331,2024-03-31,Non-Control/Non-Affiliate Investments,37 Capital CLO 4,Multi-Sector Holdings,CLO Notes,10.87,"5,000","5,000","5,094",(5)(10),SOFR+,5.5,,1/15/2034,
oscf-20240331,2024-03-31,Non-Control/Non-Affiliate Investments,107-109 Beech OAK22 LLC,Real Estate Development,First Lien Revolver,11,"11,883","11,772","11,666",(8)(9),,,,2/27/2026,
oscf-20240331,2024-03-31,Non-Control/Non-Affiliate Investments,107 Fair Street LLC,Real Estate Development,First Lien Term Loan,12.5,"1,031","1,025",987,(8)(9)(11),,,,5/31/2024,
oscf-20240331,2024-03-31,Non-Control/Non-Affiliate Investments,112-126 Van Houten Real22 LLC,Real Estate Development,First Lien Term Loan,12,"3,949","3,945","3,910",(8)(9)(11),,,,5/4/2024,
oscf-20240331,2024-03-31,Non-Control/Non-Affiliate Investments,AB BSL CLO 4,Multi-Sector Holdings,CLO Notes,10.82,"3,800","3,800","3,852",(5)(10),SOFR+,5.5,,4/20/2036,
oscf-20240331,2024-03-31,Non-Control/Non-Affiliate Investments,"Access CIG, LLC",Diversified Support Services,First Lien Term Loan,10.33,"39,325","38,778","39,417",-5,SOFR+,5,,8/18/2028,
oscf-20240331,2024-03-31,Non-Control/Non-Affiliate Investments,ACP Falcon Buyer Inc,Systems Software,First Lien Term Loan,11.83,"34,580","33,658","34,583",(5)(8),SOFR+,6.5,,8/1/2029,
oscf-20240331,2024-03-31,Non-Control/Non-Affiliate Investments,ACP Falcon Buyer Inc,Systems Software,First Lien Revolver,,—,-142,0,(5)(8)(9),SOFR+,6.5,,8/1/2029,
oscf-20240331,2024-03-31,Non-Control/Non-Affiliate Investments,Acquia Inc.,Application Software,First Lien Term Loan,12.48,"11,166","10,972","11,177",(5)(8),SOFR+,7,,10/31/2025,
oscf-20240331,2024-03-31,Non-Control/Non-Affiliate Investments,ADC Therapeutics SA,Biotechnology,First Lien Term Loan,12.96,"10,406","9,996","10,091",(5)(8)(10),SOFR+,7.5,,8/15/2029,
oscf-20240331,2024-03-31,Non-Control/Non-Affiliate Investments,ADC Therapeutics SA,Biotechnology,Warrants,,,275,94,(8)(10),,,,,"45,727"
oscf-20240331,2024-03-31,Non-Control/Non-Affiliate Investments,AIP RD Buyer Corp.,Distributors,Second Lien Term Loan,13.18,"4,093","4,034","4,064",(5)(8),SOFR+,7.75,,12/21/2029,
oscf-20240331,2024-03-31,Non-Control/Non-Affiliate Investments,AIP RD Buyer Corp.,Distributors,Common Stock,,,428,636,-8,,,,,"4,560"
oscf-20240331,2024-03-31,Non-Control/Non-Affiliate Investments,"Alto Pharmacy Holdings, Inc.",Health Care Technology,First Lien Term Loan,4.92,"14,112","13,311","12,948",(5)(8),SOFR+,11.5,11.99,10/14/2027,
oscf-20240331,2024-03-31,Non-Control/Non-Affiliate Investments,"Alto Pharmacy Holdings, Inc.",Health Care Technology,Warrants,,,943,"1,801",-8,,,,,"878,545"
oscf-20240331,2024-03-31,Non-Control/Non-Affiliate Investments,American Airlines Group Inc.,Passenger Airlines,Fixed Rate Bond,8.5,"6,534","6,534","6,907",-10,,,,5/15/2029,
oscf-20240331,2024-03-31,Non-Control/Non-Affiliate Investments,"American Auto Auction Group, LLC",Diversified Support Services,First Lien Term Loan,10.46,"2,500","2,482","2,490",-5,SOFR+,5,,12/30/2027,
oscf-20240331,2024-03-31,Non-Control/Non-Affiliate Investments,"American Auto Auction Group, LLC",Diversified Support Services,Second Lien Term Loan,14.21,"6,901","6,806","6,504",(5)(8),SOFR+,8.75,,1/2/2029,
oscf-20240331,2024-03-31,Non-Control/Non-Affiliate Investments,American Rock Salt Company LLC,Diversified Metals & Mining,First Lien Term Loan,9.44,"25,655","24,423","22,502",-5,SOFR+,4,,6/9/2028,
oscf-20240331,2024-03-31,Non-Control/Non-Affiliate Investments,"American Tire Distributors, Inc.",Distributors,First Lien Term Loan,11.83,"12,665","11,492","11,050",-5,SOFR+,6.25,,10/20/2028,
oscf-20240331,2024-03-31,Non-Control/Non-Affiliate Investments,AmSpec Parent LLC,Diversified Support Services,First Lien Term Loan,11.05,"70,424","68,745","68,826",(5)(8),SOFR+,5.75,,12/5/2030,
oscf-20240331,2024-03-31,Non-Control/Non-Affiliate Investments,AmSpec Parent LLC,Diversified Support Services,First Lien Term Loan,,—,-127,-116,(5)(8)(9),SOFR+,5.75,,12/5/2030,
oscf-20240331,2024-03-31,Non-Control/Non-Affiliate Investments,AmSpec Parent LLC,Diversified Support Services,First Lien Revolver,,—,-225,-212,(5)(8)(9),SOFR+,5.75,,12/5/2029,
oscf-20240331,2024-03-31,Non-Control/Non-Affiliate Investments,Amynta Agency Borrower Inc.,Property & Casualty Insurance,First Lien Term Loan,9.55,"39,770","39,489","39,965",-5,SOFR+,4.25,,2/28/2028,
oscf-20240331,2024-03-31,Non-Control/Non-Affiliate Investments,"Anastasia Parent, LLC",Personal Care Products,First Lien Term Loan,9.32,"6,804","5,712","4,985",-5,SOFR+,3.75,,8/11/2025,
oscf-20240331,2024-03-31,Non-Control/Non-Affiliate Investments,Anchorage Capital CLO 20,Multi-Sector Holdings,CLO Notes,12.93,750,715,739,(5)(10),SOFR+,7.61,,1/20/2035,
oscf-20240331,2024-03-31,Non-Control/Non-Affiliate Investments,Arches Buyer Inc.,Interactive Media & Services,First Lien Term Loan,10.83,"94,203","92,882","92,988",(5)(8),SOFR+,5.5,,12/6/2027,
oscf-20240331,2024-03-31,Non-Control/Non-Affiliate Investments,Ardonagh Midco 3 PLC,Insurance Brokers,First Lien Term Loan,10.06,"89,235","87,897","87,897",(5)(8)(10),SOFR+,4.75,,2/17/2031,
oscf-20240331,2024-03-31,Non-Control/Non-Affiliate Investments,Ardonagh Midco 3 PLC,Insurance Brokers,First Lien Term Loan,,—,-62,-66,(5)(8)(9)(10),SOFR+,4.75,,2/17/2031,
oscf-20240331,2024-03-31,Non-Control/Non-Affiliate Investments,ARES LXIV CLO,Multi-Sector Holdings,CLO Notes,9.06,"2,200","2,055","2,202",(5)(10),SOFR+,3.75,,4/15/2035,
oscf-20240331,2024-03-31,Non-Control/Non-Affiliate Investments,ARES LXVIII CLO,Multi-Sector Holdings,CLO Notes,11.07,"5,000","5,000","5,089",(5)(10),SOFR+,5.75,,4/25/2035,
oscf-20240331,2024-03-31,Non-Control/Non-Affiliate Investments,Ares XLIV CLO,Multi-Sector Holdings,CLO Notes,12.45,"3,500","3,396","3,464",(5)(10),SOFR+,7.13,,4/15/2034,
oscf-20240331,2024-03-31,Non-Control/Non-Affiliate Investments,"Artera Services, LLC",Construction & Engineering,First Lien Term Loan,9.81,"27,500","27,294","27,638",-5,SOFR+,4.5,,2/15/2031,
oscf-20240331,2024-03-31,Non-Control/Non-Affiliate Investments,"Artera Services, LLC",Construction & Engineering,Fixed Rate Bond,8.5,"12,660","12,660","12,989",,,,,2/15/2031,
oscf-20240331,2024-03-31,Non-Control/Non-Affiliate Investments,ASP-R-PAC Acquisition Co LLC,Paper & Plastic Packaging Products & Materials,First Lien Term Loan,11.57,"4,837","4,777","4,559",(5)(8)(10),SOFR+,6,,12/29/2027,
oscf-20240331,2024-03-31,Non-Control/Non-Affiliate Investments,ASP-R-PAC Acquisition Co LLC,Paper & Plastic Packaging Products & Materials,First Lien Revolver,11.44,100,93,66,(5)(8)(9)(10),SOFR+,6,,12/29/2027,
oscf-20240331,2024-03-31,Non-Control/Non-Affiliate Investments,Astra Acquisition Corp.,Application Software,First Lien Term Loan,10.82,"10,405","8,525","6,711",(5)(8),SOFR+,5.25,,10/25/2028,
oscf-20240331,2024-03-31,Non-Control/Non-Affiliate Investments,"Asurion, LLC",Property & Casualty Insurance,First Lien Term Loan,9.43,"14,682","14,272","14,178",-5,SOFR+,4,,8/19/2028,
oscf-20240331,2024-03-31,Non-Control/Non-Affiliate Investments,"Asurion, LLC",Property & Casualty Insurance,First Lien Term Loan,9.68,"29,807","28,985","28,838",-5,SOFR+,4.25,,8/19/2028,
oscf-20240331,2024-03-31,Non-Control/Non-Affiliate Investments,athenahealth Group Inc.,Health Care Technology,First Lien Term Loan,8.58,"38,059","36,839","37,795",-5,SOFR+,3.25,,2/15/2029,
oscf-20240331,2024-03-31,Non-Control/Non-Affiliate Investments,athenahealth Group Inc.,Health Care Technology,Fixed Rate Bond,6.5,"15,040","13,158","13,771",,,,,2/15/2030,
oscf-20240331,2024-03-31,Non-Control/Non-Affiliate Investments,athenahealth Group Inc.,Health Care Technology,Preferred Equity,,,"5,693","5,824",-8,,,,,"5,809"
oscf-20240331,2024-03-31,Non-Control/Non-Affiliate Investments,"Avalara, Inc.",Application Software,First Lien Term Loan,12.56,"19,029","18,668","18,981",(5)(8),SOFR+,7.25,,10/19/2028,
oscf-20240331,2024-03-31,Non-Control/Non-Affiliate Investments,"Avalara, Inc.",Application Software,First Lien Revolver,,—,-36,-5,(5)(8)(9),SOFR+,7.25,,10/19/2028,
oscf-20240331,2024-03-31,Non-Control/Non-Affiliate Investments,"Bain Capital Credit CLO, Limited",Multi-Sector Holdings,CLO Notes,12.87,"1,750","1,733","1,733",(5)(10),SOFR+,7.54,,4/20/2034,
oscf-20240331,2024-03-31,Non-Control/Non-Affiliate Investments,Bain Capital Credit CLO 2022-3,Multi-Sector Holdings,CLO Notes,9.02,"3,500","3,372","3,505",-5,SOFR+,3.7,,7/17/2035,
oscf-20240331,2024-03-31,Non-Control/Non-Affiliate Investments,Bain Capital Euro CLO 2021-2,Multi-Sector Holdings,CLO Notes,7.33,"1,210","1,248","1,246",(5)(10),E+,3.4,,7/17/2034,
oscf-20240331,2024-03-31,Non-Control/Non-Affiliate Investments,Bamboo US Bidco LLC,Health Care Equipment,First Lien Term Loan,8.69,"25,175","24,481","24,546",(5)(8),SOFR+,6.75,3.38,9/30/2030,
oscf-20240331,2024-03-31,Non-Control/Non-Affiliate Investments,Bamboo US Bidco LLC,Health Care Equipment,First Lien Term Loan,7.29,"15,664","16,131","16,494",(5)(8),E+,6.75,3.38,9/30/2030,
oscf-20240331,2024-03-31,Non-Control/Non-Affiliate Investments,Bamboo US Bidco LLC,Health Care Equipment,First Lien Term Loan,8.69,417,352,319,(5)(8)(9),SOFR+,6.75,3.38,9/30/2030,
oscf-20240331,2024-03-31,Non-Control/Non-Affiliate Investments,Bamboo US Bidco LLC,Health Care Equipment,First Lien Revolver,,—,-143,-130,(5)(8)(9)(10),SOFR+,6.75,,10/1/2029,
oscf-20240331,2024-03-31,Non-Control/Non-Affiliate Investments,Bausch + Lomb Corporation,Health Care Supplies,First Lien Term Loan,8.68,"45,114","44,438","44,697",(5)(10),SOFR+,3.35,,5/10/2027,
oscf-20240331,2024-03-31,Non-Control/Non-Affiliate Investments,"BioXcel Therapeutics, Inc.",Pharmaceuticals,First Lien Term Loan,,—,0,0,(5)(8)(9)(10),SOFR+,7.5,,4/19/2027,
oscf-20240331,2024-03-31,Non-Control/Non-Affiliate Investments,"BioXcel Therapeutics, Inc.",Pharmaceuticals,First Lien Term Loan,8,"1,362","1,361","1,270",(5)(8)(10),SOFR+,7.5,4.81,4/19/2027,
oscf-20240331,2024-03-31,Non-Control/Non-Affiliate Investments,"BioXcel Therapeutics, Inc.",Pharmaceuticals,First Lien Term Loan,,—,0,0,(5)(8)(9)(10),SOFR+,7.5,,4/19/2027,
oscf-20240331,2024-03-31,Non-Control/Non-Affiliate Investments,"BioXcel Therapeutics, Inc.",Pharmaceuticals,First Lien Term Loan,,—,0,0,(5)(8)(9)(10),SOFR+,7.5,,4/19/2027,
oscf-20240331,2024-03-31,Non-Control/Non-Affiliate Investments,"BioXcel Therapeutics, Inc.",Pharmaceuticals,First Lien Term Loan,8,"3,283","3,200","3,062",(5)(8)(10),SOFR+,7.5,4.81,4/19/2027,
oscf-20240331,2024-03-31,Non-Control/Non-Affiliate Investments,"BioXcel Therapeutics, Inc.",Pharmaceuticals,Warrants,,,74,19,(8)(10),,,,,"15,566"
oscf-20240331,2024-03-31,Non-Control/Non-Affiliate Investments,"BioXcel Therapeutics, Inc.",Pharmaceuticals,Warrants,,,0,6,(8)(10),,,,,"4,471"
oscf-20240331,2024-03-31,Non-Control/Non-Affiliate Investments,Birch Grove CLO 2 LTD,Multi-Sector Holdings,CLO Notes,12.52,"5,375","5,330","5,385",(5)(10),SOFR+,7.21,,10/19/2034,
oscf-20240331,2024-03-31,Non-Control/Non-Affiliate Investments,"Biscuit Parent, LLC",Application Software,First Lien Term Loan,10.05,"50,000","49,250","49,270",(5)(8),SOFR+,4.75,,2/27/2031,
oscf-20240331,2024-03-31,Non-Control/Non-Affiliate Investments,"Biscuit Parent, LLC",Application Software,First Lien Revolver,,—,-225,-219,(5)(8)(9),SOFR+,4.75,,2/27/2031,
oscf-20240331,2024-03-31,Non-Control/Non-Affiliate Investments,"Blackhawk Network Holdings, Inc.",Data Processing & Outsourced Services,First Lien Term Loan,10.33,"57,043","55,906","57,207",-5,SOFR+,5,,3/12/2029,
oscf-20240331,2024-03-31,Non-Control/Non-Affiliate Investments,Carlyle Euro CLO 2021-2,Multi-Sector Holdings,CLO Notes,7.24,"1,400","1,378","1,485",(5)(10),E+,3.3,,10/15/2035,
oscf-20240331,2024-03-31,Non-Control/Non-Affiliate Investments,"CBAM 2017-2, LTD.",Multi-Sector Holdings,CLO Notes,12.68,488,457,460,(5)(10),SOFR+,7.1,,7/17/2034,
oscf-20240331,2024-03-31,Non-Control/Non-Affiliate Investments,CCO Holdings LLC,Cable & Satellite,Fixed Rate Bond,4.5,"12,441","10,001","10,006",-10,,,,5/1/2032,
oscf-20240331,2024-03-31,Non-Control/Non-Affiliate Investments,CD&R Firefly Bidco Limited,Other Specialty Retail,First Lien Term Loan,11.29,"32,697","39,673","41,334",(5)(10),SONIA+,6,,6/21/2028,
oscf-20240331,2024-03-31,Non-Control/Non-Affiliate Investments,CD&R Firefly Bidco Limited,Other Specialty Retail,First Lien Term Loan,10.94,"18,365","22,890","23,092",(5)(10),SONIA+,5.75,,3/1/2029,
oscf-20240331,2024-03-31,Non-Control/Non-Affiliate Investments,"Clear Channel Outdoor Holdings, Inc.",Advertising,First Lien Term Loan,9.44,"14,283","13,883","14,301",(5)(10),SOFR+,4,,8/21/2028,
oscf-20240331,2024-03-31,Non-Control/Non-Affiliate Investments,"Clear Channel Outdoor Holdings, Inc.",Advertising,Fixed Rate Bond,9,"4,000","4,000","4,170",-10,,,,9/15/2028,
oscf-20240331,2024-03-31,Non-Control/Non-Affiliate Investments,"Cloud Software Group, Inc.",Application Software,First Lien Term Loan,9.91,"38,559","36,639","38,428",-5,SOFR+,4.5,,3/30/2029,
oscf-20240331,2024-03-31,Non-Control/Non-Affiliate Investments,"Cloud Software Group, Inc.",Application Software,First Lien Term Loan,9.83,"20,000","19,850","19,894",-5,SOFR+,4.5,,3/21/2031,
oscf-20240331,2024-03-31,Non-Control/Non-Affiliate Investments,"Cloud Software Group, Inc.",Application Software,Fixed Rate Bond,6.5,"8,874","8,076","8,428",,,,,3/31/2029,
oscf-20240331,2024-03-31,Non-Control/Non-Affiliate Investments,Colony Holding Corporation,Distributors,First Lien Term Loan,11.91,"12,056","11,821","11,863",(5)(8),SOFR+,6.6,,5/13/2026,
oscf-20240331,2024-03-31,Non-Control/Non-Affiliate Investments,Colony Holding Corporation,Distributors,First Lien Term Loan,11.94,"3,920","3,866","3,857",(5)(8),SOFR+,6.6,,5/13/2026,
oscf-20240331,2024-03-31,Non-Control/Non-Affiliate Investments,Condor Merger Sub Inc.,Systems Software,Fixed Rate Bond,7.38,"9,277","8,689","8,518",,,,,2/15/2030,
oscf-20240331,2024-03-31,Non-Control/Non-Affiliate Investments,Connect U.S. Finco LLC,Alternative Carriers,Fixed Rate Bond,6.75,"9,800","9,513","9,613",-10,,,,10/1/2026,
oscf-20240331,2024-03-31,Non-Control/Non-Affiliate Investments,"Coupa Holdings, LLC",Application Software,First Lien Term Loan,12.81,"13,464","13,179","13,262",(5)(8),SOFR+,7.5,,2/27/2030,
oscf-20240331,2024-03-31,Non-Control/Non-Affiliate Investments,"Coupa Holdings, LLC",Application Software,First Lien Term Loan,,—,-15,-11,(5)(8)(9),SOFR+,7.5,,2/27/2030,
oscf-20240331,2024-03-31,Non-Control/Non-Affiliate Investments,"Coupa Holdings, LLC",Application Software,First Lien Revolver,,—,-19,-14,(5)(8)(9),SOFR+,7.5,,2/27/2029,
oscf-20240331,2024-03-31,Non-Control/Non-Affiliate Investments,"Covetrus, Inc.",Health Care Distributors,First Lien Term Loan,10.31,"30,801","29,571","30,876",-5,SOFR+,5,,10/13/2029,
oscf-20240331,2024-03-31,Non-Control/Non-Affiliate Investments,"Crewline Buyer, Inc.",Systems Software,First Lien Term Loan,12.06,"43,911","42,875","42,936",(5)(8),SOFR+,6.75,,11/8/2030,
oscf-20240331,2024-03-31,Non-Control/Non-Affiliate Investments,"Crewline Buyer, Inc.",Systems Software,First Lien Revolver,,—,-108,-102,(5)(8)(9),SOFR+,6.75,,11/8/2030,
oscf-20240331,2024-03-31,Non-Control/Non-Affiliate Investments,"Crown Subsea Communications Holding, Inc.",Alternative Carriers,First Lien Term Loan,10.07,"30,000","29,700","30,213",-5,SOFR+,4.75,,1/30/2031,
oscf-20240331,2024-03-31,Non-Control/Non-Affiliate Investments,Curium Bidco S.à.r.l.,Pharmaceuticals,First Lien Term Loan,9.81,"8,403","8,287","8,456",(5)(10),SOFR+,4.5,,7/31/2029,
oscf-20240331,2024-03-31,Non-Control/Non-Affiliate Investments,"CVAUSA Management, LLC",Health Care Services,First Lien Term Loan,11.91,"21,761","21,411","21,434",(5)(8),SOFR+,6.5,,5/22/2029,
oscf-20240331,2024-03-31,Non-Control/Non-Affiliate Investments,"CVAUSA Management, LLC",Health Care Services,First Lien Term Loan,,—,-130,-118,(5)(8)(9),SOFR+,6.5,,5/22/2029,
oscf-20240331,2024-03-31,Non-Control/Non-Affiliate Investments,"CVAUSA Management, LLC",Health Care Services,First Lien Term Loan,,—,-100,-49,(5)(8)(9),SOFR+,6.5,,5/22/2029,
oscf-20240331,2024-03-31,Non-Control/Non-Affiliate Investments,"CVAUSA Management, LLC",Health Care Services,First Lien Revolver,,—,-66,-38,(5)(8)(9),SOFR+,6.5,,5/22/2029,
oscf-20240331,2024-03-31,Non-Control/Non-Affiliate Investments,"Dealer Tire Financial, LLC",Distributors,Fixed Rate Bond,8,920,886,917,,,,,2/1/2028,
oscf-20240331,2024-03-31,Non-Control/Non-Affiliate Investments,Delta Leasing SPV II LLC,Specialized Finance,Subordinated Debt Term Loan,8,"7,620","7,620","7,620",(8)(10),,,3,8/31/2029,
oscf-20240331,2024-03-31,Non-Control/Non-Affiliate Investments,Delta Leasing SPV II LLC,Specialized Finance,Subordinated Debt Term Loan,3,"26,175","26,175","26,175",(8)(10),,,7,8/31/2029,
oscf-20240331,2024-03-31,Non-Control/Non-Affiliate Investments,Delta Leasing SPV II LLC,Specialized Finance,Preferred Equity,,,330,398,(8)(10),,,,,330
oscf-20240331,2024-03-31,Non-Control/Non-Affiliate Investments,Delta Leasing SPV II LLC,Specialized Finance,Common Stock,,,2,2,(8)(10),,,,,2
oscf-20240331,2024-03-31,Non-Control/Non-Affiliate Investments,Delta Leasing SPV II LLC,Specialized Finance,Warrants,,,0,0,(8)(10),,,,,25
oscf-20240331,2024-03-31,Non-Control/Non-Affiliate Investments,"DirecTV Financing, LLC",Cable & Satellite,First Lien Term Loan,10.69,"21,352","20,928","21,370",,SOFR+,5.25,,8/2/2029,
oscf-20240331,2024-03-31,Non-Control/Non-Affiliate Investments,"DTI Holdco, Inc.",Research & Consulting Services,First Lien Term Loan,10.06,"33,087","31,933","33,129",-5,SOFR+,4.75,,4/26/2029,
oscf-20240331,2024-03-31,Non-Control/Non-Affiliate Investments,Dukes Root Control Inc.,Environmental & Facilities Services,First Lien Term Loan,12.14,"11,745","11,538","11,598",(5)(8),SOFR+,6.5,,12/8/2028,
oscf-20240331,2024-03-31,Non-Control/Non-Affiliate Investments,Dukes Root Control Inc.,Environmental & Facilities Services,First Lien Term Loan,11.99,"1,055","1,018","1,019",(5)(8)(9),SOFR+,6.5,,12/8/2028,
oscf-20240331,2024-03-31,Non-Control/Non-Affiliate Investments,Dukes Root Control Inc.,Environmental & Facilities Services,First Lien Revolver,12.22,"1,143","1,117","1,125",(5)(8)(9),SOFR+,6.5,,12/8/2028,
oscf-20240331,2024-03-31,Non-Control/Non-Affiliate Investments,Eagle Parent Corp.,Diversified Support Services,First Lien Term Loan,9.55,"19,857","19,729","19,714",-5,SOFR+,4.25,,4/2/2029,
oscf-20240331,2024-03-31,Non-Control/Non-Affiliate Investments,Ecco Holdings Corp.,Construction Machinery & Heavy Transportation Equipment,First Lien Term Loan,11.06,"62,536","61,309","61,329",(5)(8),SOFR+,5.75,,2/13/2031,
oscf-20240331,2024-03-31,Non-Control/Non-Affiliate Investments,Ecco Holdings Corp.,Construction Machinery & Heavy Transportation Equipment,First Lien Term Loan,,—,-133,-130,(5)(8)(9),SOFR+,5.75,,2/13/2031,
oscf-20240331,2024-03-31,Non-Control/Non-Affiliate Investments,Ecco Holdings Corp.,Construction Machinery & Heavy Transportation Equipment,First Lien Revolver,11.06,225,93,95,(5)(8)(9),SOFR+,5.75,,2/13/2030,
oscf-20240331,2024-03-31,Non-Control/Non-Affiliate Investments,"Entrata, Inc.",Application Software,First Lien Term Loan,11.33,"45,489","44,470","44,852",(5)(8),SOFR+,6,,7/10/2030,
oscf-20240331,2024-03-31,Non-Control/Non-Affiliate Investments,"Entrata, Inc.",Application Software,First Lien Revolver,,—,-111,-73,(5)(8)(9),SOFR+,6,,7/10/2028,
oscf-20240331,2024-03-31,Non-Control/Non-Affiliate Investments,"Enverus Holdings, Inc.",Application Software,First Lien Term Loan,10.83,"54,170","53,368","53,401",(5)(8),SOFR+,5.5,,12/24/2029,
oscf-20240331,2024-03-31,Non-Control/Non-Affiliate Investments,"Enverus Holdings, Inc.",Application Software,First Lien Term Loan,,—,-39,-38,(5)(8)(9),SOFR+,5.5,,12/24/2029,
oscf-20240331,2024-03-31,Non-Control/Non-Affiliate Investments,"Enverus Holdings, Inc.",Application Software,First Lien Revolver,,—,-59,-59,(5)(8)(9),SOFR+,5.5,,12/24/2029,
oscf-20240331,2024-03-31,Non-Control/Non-Affiliate Investments,Establishment Labs Holdings Inc.,Health Care Technology,First Lien Term Loan,3,"11,384","11,288","11,014",(8)(10),,,6,4/21/2027,
oscf-20240331,2024-03-31,Non-Control/Non-Affiliate Investments,Establishment Labs Holdings Inc.,Health Care Technology,First Lien Term Loan,3,"1,823","1,803","1,764",(8)(10),,,6,4/21/2027,
oscf-20240331,2024-03-31,Non-Control/Non-Affiliate Investments,Establishment Labs Holdings Inc.,Health Care Technology,First Lien Term Loan,3,—,1,0,(8)(9)(10),,,6,4/21/2027,
oscf-20240331,2024-03-31,Non-Control/Non-Affiliate Investments,Establishment Labs Holdings Inc.,Health Care Technology,First Lien Term Loan,3,—,1,0,(8)(9)(10),,,6,4/21/2027,
oscf-20240331,2024-03-31,Non-Control/Non-Affiliate Investments,"Evergreen IX Borrower 2023, LLC",Application Software,First Lien Term Loan,11.31,"36,215","35,375","36,085",(5)(8),SOFR+,6,,9/30/2030,
oscf-20240331,2024-03-31,Non-Control/Non-Affiliate Investments,"Evergreen IX Borrower 2023, LLC",Application Software,First Lien Revolver,,—,-92,-14,(5)(8)(9),SOFR+,6,,10/1/2029,
oscf-20240331,2024-03-31,Non-Control/Non-Affiliate Investments,"Fiesta Purchaser, Inc.",Packaged Foods & Meats,First Lien Term Loan,9.33,"10,000","9,900","10,028",-5,SOFR+,4,,2/12/2031,
oscf-20240331,2024-03-31,Non-Control/Non-Affiliate Investments,"Fiesta Purchaser, Inc.",Packaged Foods & Meats,Fixed Rate Bond,7.88,"7,940","7,940","8,206",,,,,3/1/2031,
oscf-20240331,2024-03-31,Non-Control/Non-Affiliate Investments,"Finastra USA, Inc.",Application Software,First Lien Term Loan,12.46,"43,732","42,937","42,857",(5)(8)(10),SOFR+,7.25,,9/13/2029,
oscf-20240331,2024-03-31,Non-Control/Non-Affiliate Investments,"Finastra USA, Inc.",Application Software,First Lien Revolver,12.57,841,758,750,(5)(8)(9)(10),SOFR+,7.25,,9/13/2029,
oscf-20240331,2024-03-31,Non-Control/Non-Affiliate Investments,Fortress Credit BSL XIV,Multi-Sector Holdings,CLO Notes,12.97,"2,300","2,077","2,268",(5)(10),SOFR+,7.65,,10/23/2034,
oscf-20240331,2024-03-31,Non-Control/Non-Affiliate Investments,"Frontier Communications Holdings, LLC",Integrated Telecommunication Services,First Lien Term Loan,9.19,"29,585","29,034","29,557",(5)(10),SOFR+,3.75,,10/8/2027,
oscf-20240331,2024-03-31,Non-Control/Non-Affiliate Investments,"Frontier Communications Holdings, LLC",Integrated Telecommunication Services,Fixed Rate Bond,6,"7,517","6,382","6,375",-10,,,,1/15/2030,
oscf-20240331,2024-03-31,Non-Control/Non-Affiliate Investments,"Galileo Parent, Inc.",Aerospace & Defense,First Lien Term Loan,12.56,"20,176","19,663","19,873",(5)(8),SOFR+,7.25,,5/3/2029,
oscf-20240331,2024-03-31,Non-Control/Non-Affiliate Investments,"Galileo Parent, Inc.",Aerospace & Defense,First Lien Revolver,12.56,"1,397","1,317","1,349",(5)(8)(9),SOFR+,7.25,,5/3/2029,
oscf-20240331,2024-03-31,Non-Control/Non-Affiliate Investments,Gallatin CLO X 2023-1,Multi-Sector Holdings,CLO Notes,10.72,"5,000","4,913","4,973",(5)(10),SOFR+,5.41,,10/14/2035,
oscf-20240331,2024-03-31,Non-Control/Non-Affiliate Investments,GoldenTree Loan Management EUR CLO 2 DAC,Multi-Sector Holdings,CLO Notes,6.82,"1,000",883,"1,067",(5)(10),E+,2.85,,1/20/2032,
oscf-20240331,2024-03-31,Non-Control/Non-Affiliate Investments,"Greenway Health, LLC",Health Care Technology,First Lien Term Loan,11.93,"25,000","24,290","24,600",(5)(8),SOFR+,6.75,,4/1/2029,
oscf-20240331,2024-03-31,Non-Control/Non-Affiliate Investments,"Grove Hotel Parcel Owner, LLC","Hotels, Resorts & Cruise Lines",First Lien Term Loan,13.43,"17,419","17,194","17,070",(5)(8),SOFR+,8,,6/21/2027,
oscf-20240331,2024-03-31,Non-Control/Non-Affiliate Investments,"Grove Hotel Parcel Owner, LLC","Hotels, Resorts & Cruise Lines",First Lien Term Loan,,—,-46,-71,(5)(8)(9),SOFR+,8,,6/21/2027,
oscf-20240331,2024-03-31,Non-Control/Non-Affiliate Investments,"Grove Hotel Parcel Owner, LLC","Hotels, Resorts & Cruise Lines",First Lien Revolver,,—,-23,-35,(5)(8)(9),SOFR+,8,,6/21/2027,
oscf-20240331,2024-03-31,Non-Control/Non-Affiliate Investments,Harbor Purchaser Inc.,Education Services,First Lien Term Loan,10.68,"6,201","5,980","6,162",-5,SOFR+,5.25,,4/9/2029,
oscf-20240331,2024-03-31,Non-Control/Non-Affiliate Investments,"Harrow, Inc.",Pharmaceuticals,First Lien Term Loan,11.95,"9,319","9,170","9,226",(5)(8)(10),SOFR+,6.5,,1/19/2026,
oscf-20240331,2024-03-31,Non-Control/Non-Affiliate Investments,"Harrow, Inc.",Pharmaceuticals,First Lien Term Loan,11.95,"1,792","1,759","1,774",(5)(8)(10),SOFR+,6.5,,1/19/2026,
oscf-20240331,2024-03-31,Non-Control/Non-Affiliate Investments,"Harrow, Inc.",Pharmaceuticals,First Lien Term Loan,,—,-80,-50,(5)(8)(9)(10),SOFR+,6.5,,1/19/2026,
oscf-20240331,2024-03-31,Non-Control/Non-Affiliate Investments,Hertz Vehicle Financing III,Specialized Finance,CLO Notes,5.16,"7,500","6,584","6,846",-10,,,,6/26/2028,
oscf-20240331,2024-03-31,Non-Control/Non-Affiliate Investments,Hertz Vehicle Financing III,Specialized Finance,CLO Notes,6.78,"8,377","7,690","8,059",-10,,,,9/25/2028,
oscf-20240331,2024-03-31,Non-Control/Non-Affiliate Investments,Horizon Aircraft Finance I Ltd.,Specialized Finance,CLO Notes,4.46,"10,802","9,149","9,509",-10,,,,12/15/2038,
oscf-20240331,2024-03-31,Non-Control/Non-Affiliate Investments,Horizon Aircraft Finance II Ltd.,Specialized Finance,CLO Notes,3.72,"2,085","1,792","1,856",-10,,,,7/15/2039,
oscf-20240331,2024-03-31,Non-Control/Non-Affiliate Investments,HPS Loan Management 10-2016,Multi-Sector Holdings,CLO Notes,11.99,"2,250","2,134","2,134",(5)(10),SOFR+,6.67,,4/20/2034,
oscf-20240331,2024-03-31,Non-Control/Non-Affiliate Investments,"HUB Pen Company, LLC",Other Specialty Retail,First Lien Term Loan,11.93,"27,198","26,600","26,790",(5)(8),SOFR+,6.5,,12/31/2027,
oscf-20240331,2024-03-31,Non-Control/Non-Affiliate Investments,"HUB Pen Company, LLC",Other Specialty Retail,First Lien Revolver,6.5,108,35,58,(8)(9),,,,12/31/2027,
oscf-20240331,2024-03-31,Non-Control/Non-Affiliate Investments,Husky Injection Molding Systems Ltd.,Industrial Machinery & Supplies & Components,First Lien Term Loan,10.33,"34,030","33,554","34,161",(5)(10),SOFR+,5,,2/1/2029,
oscf-20240331,2024-03-31,Non-Control/Non-Affiliate Investments,Husky Injection Molding Systems Ltd.,Industrial Machinery & Supplies & Components,Fixed Rate Bond,9,"15,445","15,445","15,991",-10,,,,2/15/2029,
oscf-20240331,2024-03-31,Non-Control/Non-Affiliate Investments,IAMGOLD Corporation,Gold,Second Lien Term Loan,13.56,"28,394","27,692","27,897",(5)(8)(10),SOFR+,8.25,,5/16/2028,
oscf-20240331,2024-03-31,Non-Control/Non-Affiliate Investments,"Icefall Parent, Inc.",Application Software,First Lien Term Loan,11.8,"27,948","27,406","27,423",(5)(8),SOFR+,6.5,,1/25/2030,
oscf-20240331,2024-03-31,Non-Control/Non-Affiliate Investments,"Icefall Parent, Inc.",Application Software,First Lien Revolver,,—,-52,-50,(5)(8)(9),SOFR+,6.5,,1/25/2030,
oscf-20240331,2024-03-31,Non-Control/Non-Affiliate Investments,"iCIMs, Inc.",Application Software,First Lien Term Loan,12.58,"15,932","15,748","15,390",(5)(8),SOFR+,7.25,,8/18/2028,
oscf-20240331,2024-03-31,Non-Control/Non-Affiliate Investments,"iCIMs, Inc.",Application Software,First Lien Term Loan,12.58,"2,325","2,295","2,288",(5)(8),SOFR+,7.25,,8/18/2028,
oscf-20240331,2024-03-31,Non-Control/Non-Affiliate Investments,"iCIMs, Inc.",Application Software,First Lien Term Loan,,—,0,0,(5)(8)(9),SOFR+,7.25,,8/18/2028,
oscf-20240331,2024-03-31,Non-Control/Non-Affiliate Investments,"iCIMs, Inc.",Application Software,First Lien Revolver,12.05,97,78,48,(5)(8)(9),SOFR+,6.75,,8/18/2028,
oscf-20240331,2024-03-31,Non-Control/Non-Affiliate Investments,Impel Pharmaceuticals Inc.,Health Care Technology,First Lien Term Loan,,"9,273","8,854","2,831",(5)(8)(12),SOFR+,10.75,,3/17/2027,
oscf-20240331,2024-03-31,Non-Control/Non-Affiliate Investments,Impel Pharmaceuticals Inc.,Health Care Technology,First Lien Term Loan,,254,238,170,(5)(8)(12),SOFR+,10.75,,3/17/2027,
oscf-20240331,2024-03-31,Non-Control/Non-Affiliate Investments,Impel Pharmaceuticals Inc.,Health Care Technology,First Lien Term Loan,,674,656,452,(5)(8)(12),SOFR+,10.75,,3/17/2027,
oscf-20240331,2024-03-31,Non-Control/Non-Affiliate Investments,Impel Pharmaceuticals Inc.,Health Care Technology,First Lien Term Loan,,302,298,202,(5)(8)(12),SOFR+,10.75,,3/17/2027,
oscf-20240331,2024-03-31,Non-Control/Non-Affiliate Investments,Impel Pharmaceuticals Inc.,Health Care Technology,Warrants,,,0,0,,,,,,"127,376"
oscf-20240331,2024-03-31,Non-Control/Non-Affiliate Investments,Innocoll Pharmaceuticals Limited,Health Care Technology,Warrants,,,85,0,(8)(10),,,,,"36,087"
oscf-20240331,2024-03-31,Non-Control/Non-Affiliate Investments,"Inventus Power, Inc.",Electrical Components & Equipment,First Lien Term Loan,12.94,"43,545","42,732","42,561",(5)(8),SOFR+,7.5,,6/30/2025,
oscf-20240331,2024-03-31,Non-Control/Non-Affiliate Investments,"Inventus Power, Inc.",Electrical Components & Equipment,First Lien Revolver,,—,-93,-112,(5)(8)(9),SOFR+,7.5,,6/30/2025,
oscf-20240331,2024-03-31,Non-Control/Non-Affiliate Investments,IW Buyer LLC,Electrical Components & Equipment,First Lien Term Loan,12.18,"34,202","33,306","33,604",(5)(8),SOFR+,6.75,,6/28/2029,
oscf-20240331,2024-03-31,Non-Control/Non-Affiliate Investments,IW Buyer LLC,Electrical Components & Equipment,First Lien Revolver,,—,-168,-113,(5)(8)(9),SOFR+,6.75,,6/28/2029,
oscf-20240331,2024-03-31,Non-Control/Non-Affiliate Investments,KDC/ONE Development Corp Inc,Personal Care Products,First Lien Term Loan,10.33,"23,750","23,124","23,824",(5)(10),SOFR+,5,,8/15/2028,
oscf-20240331,2024-03-31,Non-Control/Non-Affiliate Investments,"Kings Buyer, LLC",Environmental & Facilities Services,First Lien Term Loan,11.9,"4,778","4,731","4,714",(5)(8),SOFR+,6.5,,10/29/2027,
oscf-20240331,2024-03-31,Non-Control/Non-Affiliate Investments,"Kings Buyer, LLC",Environmental & Facilities Services,First Lien Term Loan,11.93,"58,845","58,073","58,056",(5)(8),SOFR+,6.5,,10/29/2027,
oscf-20240331,2024-03-31,Non-Control/Non-Affiliate Investments,"Kings Buyer, LLC",Environmental & Facilities Services,First Lien Revolver,14,66,60,58,(5)(8)(9),PRIME+,5.5,,10/29/2027,
oscf-20240331,2024-03-31,Non-Control/Non-Affiliate Investments,"Kings Buyer, LLC",Environmental & Facilities Services,First Lien Revolver,14,488,424,423,(5)(8)(9),PRIME+,5.5,,10/29/2027,
oscf-20240331,2024-03-31,Non-Control/Non-Affiliate Investments,"LABL, Inc.",Office Services & Supplies,First Lien Term Loan,10.43,"32,489","31,783","31,898",-5,SOFR+,5,,10/29/2028,
oscf-20240331,2024-03-31,Non-Control/Non-Affiliate Investments,Latam Airlines Group S.A.,Passenger Airlines,First Lien Term Loan,14.98,"11,972","11,239","12,441",(5)(10),SOFR+,9.5,,10/12/2027,
oscf-20240331,2024-03-31,Non-Control/Non-Affiliate Investments,"Learfield Communications, LLC",Movies & Entertainment,First Lien Term Loan,10.83,"40,204","40,036","40,141",-5,SOFR+,5.5,,6/30/2028,
oscf-20240331,2024-03-31,Non-Control/Non-Affiliate Investments,"LSL Holdco, LLC",Health Care Distributors,First Lien Term Loan,11.43,"8,951","8,837","8,296",(5)(8),SOFR+,6,,1/31/2028,
oscf-20240331,2024-03-31,Non-Control/Non-Affiliate Investments,"LSL Holdco, LLC",Health Care Distributors,First Lien Term Loan,11.43,"1,042",988,966,(5)(8),SOFR+,6,,1/31/2028,
oscf-20240331,2024-03-31,Non-Control/Non-Affiliate Investments,"LSL Holdco, LLC",Health Care Distributors,First Lien Revolver,11.43,406,393,332,(5)(8)(9),SOFR+,6,,1/31/2028,
oscf-20240331,2024-03-31,Non-Control/Non-Affiliate Investments,Madison Park Euro Funding XIV,Multi-Sector Holdings,CLO Notes,7.54,"6,450","6,768","6,760",(5)(10),E+,3.6,,7/15/2032,
oscf-20240331,2024-03-31,Non-Control/Non-Affiliate Investments,Madison Park Funding LXIII,Multi-Sector Holdings,CLO Notes,10.91,"5,000","5,000","5,107",(5)(10),SOFR+,5.5,,4/21/2035,
oscf-20240331,2024-03-31,Non-Control/Non-Affiliate Investments,Mauser Packaging Solutions Holding Company,"Metal, Glass & Plastic Containers",First Lien Term Loan,9.33,"15,900","15,814","15,974",-5,SOFR+,4,,8/14/2026,
oscf-20240331,2024-03-31,Non-Control/Non-Affiliate Investments,Mauser Packaging Solutions Holding Company,"Metal, Glass & Plastic Containers",Fixed Rate Bond,7.88,"12,500","12,362","12,744",,,,,8/15/2026,
oscf-20240331,2024-03-31,Non-Control/Non-Affiliate Investments,McAfee Corp.,Systems Software,First Lien Term Loan,9.18,"18,749","18,042","18,758",-5,SOFR+,3.75,,3/1/2029,
oscf-20240331,2024-03-31,Non-Control/Non-Affiliate Investments,"Mesoblast, Inc.",Biotechnology,First Lien Term Loan,9.75,"1,956","1,860","1,863",(8)(10),,,,11/19/2026,
oscf-20240331,2024-03-31,Non-Control/Non-Affiliate Investments,"Mesoblast, Inc.",Biotechnology,Warrants,,,152,116,(8)(10),,,,,"66,347"
oscf-20240331,2024-03-31,Non-Control/Non-Affiliate Investments,"Mesoblast, Inc.",Biotechnology,Warrants,,,0,43,(8)(10),,,,,"17,058"
oscf-20240331,2024-03-31,Non-Control/Non-Affiliate Investments,"MHE Intermediate Holdings, LLC",Diversified Support Services,First Lien Term Loan,11.71,"1,571","1,539","1,567",(5)(8),SOFR+,6.25,,7/21/2027,
oscf-20240331,2024-03-31,Non-Control/Non-Affiliate Investments,"MHE Intermediate Holdings, LLC",Diversified Support Services,First Lien Term Loan,11.46,"5,259","5,154","5,207",(5)(8),SOFR+,6,,7/21/2027,
oscf-20240331,2024-03-31,Non-Control/Non-Affiliate Investments,"Mitchell International, Inc.",Application Software,First Lien Term Loan,9.19,"22,253","21,942","22,287",-5,SOFR+,3.75,,10/15/2028,
oscf-20240331,2024-03-31,Non-Control/Non-Affiliate Investments,"Mitchell International, Inc.",Application Software,Second Lien Term Loan,11.94,170,163,170,-5,SOFR+,6.5,,10/15/2029,
oscf-20240331,2024-03-31,Non-Control/Non-Affiliate Investments,Monotype Imaging Holdings Inc.,Application Software,First Lien Term Loan,10.81,"72,289","71,205","71,234",(5)(8),SOFR+,5.5,,2/28/2031,
oscf-20240331,2024-03-31,Non-Control/Non-Affiliate Investments,Monotype Imaging Holdings Inc.,Application Software,First Lien Term Loan,,—,-45,-45,(5)(8)(9),SOFR+,5.5,,2/28/2031,
oscf-20240331,2024-03-31,Non-Control/Non-Affiliate Investments,Monotype Imaging Holdings Inc.,Application Software,First Lien Revolver,,—,-134,-132,(5)(8)(9),SOFR+,5.5,,2/28/2030,
oscf-20240331,2024-03-31,Non-Control/Non-Affiliate Investments,MRI Software LLC,Application Software,First Lien Term Loan,10.9,"4,573","4,449","4,523",(5)(8),SOFR+,5.5,,2/10/2027,
oscf-20240331,2024-03-31,Non-Control/Non-Affiliate Investments,MRI Software LLC,Application Software,First Lien Term Loan,10.9,"7,166","7,160","7,088",(5)(8),SOFR+,5.5,,2/10/2027,
oscf-20240331,2024-03-31,Non-Control/Non-Affiliate Investments,MRI Software LLC,Application Software,First Lien Term Loan,,—,-136,0,(5)(8)(9),SOFR+,5.5,,2/10/2027,
oscf-20240331,2024-03-31,Non-Control/Non-Affiliate Investments,MRI Software LLC,Application Software,First Lien Revolver,,—,0,-25,(5)(8)(9),SOFR+,5.5,,2/10/2027,
oscf-20240331,2024-03-31,Non-Control/Non-Affiliate Investments,"Neptune Platform Buyer, LLC",Aerospace & Defense,First Lien Term Loan,10.56,"30,977","30,513","30,401",(5)(8),SOFR+,5.25,,1/19/2031,
oscf-20240331,2024-03-31,Non-Control/Non-Affiliate Investments,"Neptune Platform Buyer, LLC",Aerospace & Defense,First Lien Term Loan,,—,0,-180,(5)(8)(9),SOFR+,5.25,,1/19/2031,
oscf-20240331,2024-03-31,Non-Control/Non-Affiliate Investments,"Next Holdco, LLC",Health Care Technology,First Lien Term Loan,11.32,"46,624","45,925","46,004",(5)(8),SOFR+,6,,11/12/2030,
oscf-20240331,2024-03-31,Non-Control/Non-Affiliate Investments,"Next Holdco, LLC",Health Care Technology,First Lien Term Loan,,—,-90,-80,(5)(8)(9),SOFR+,6,,11/12/2030,
oscf-20240331,2024-03-31,Non-Control/Non-Affiliate Investments,"Next Holdco, LLC",Health Care Technology,First Lien Revolver,,—,-67,-58,(5)(8)(9),SOFR+,6,,11/9/2029,
oscf-20240331,2024-03-31,Non-Control/Non-Affiliate Investments,"NFM & J, L.P.",Diversified Support Services,First Lien Term Loan,11.15,"22,258","21,991","21,849",(5)(8),SOFR+,5.75,,11/10/2029,
oscf-20240331,2024-03-31,Non-Control/Non-Affiliate Investments,"NFM & J, L.P.",Diversified Support Services,First Lien Term Loan,11.18,412,288,184,(5)(8)(9),SOFR+,5.75,,11/10/2029,
oscf-20240331,2024-03-31,Non-Control/Non-Affiliate Investments,"NFM & J, L.P.",Diversified Support Services,First Lien Revolver,13.25,207,107,115,(5)(8)(9),PRIME+,4.75,,11/10/2029,
oscf-20240331,2024-03-31,Non-Control/Non-Affiliate Investments,NFP Corp.,Diversified Financial Services,Fixed Rate Bond,8.5,"5,000","5,000","5,507",,,,,10/1/2031,
oscf-20240331,2024-03-31,Non-Control/Non-Affiliate Investments,NFP Corp.,Diversified Financial Services,Fixed Rate Bond,7.5,841,823,887,,,,,10/1/2030,
oscf-20240331,2024-03-31,Non-Control/Non-Affiliate Investments,"North Star Acquisitionco, LLC",Education Services,First Lien Term Loan,11.05,"36,441","35,824","36,168",(5)(8),SOFR+,5.75,,5/3/2029,
oscf-20240331,2024-03-31,Non-Control/Non-Affiliate Investments,"North Star Acquisitionco, LLC",Education Services,First Lien Term Loan,,—,-33,-31,(5)(8)(9),SOFR+,6,,5/3/2029,
oscf-20240331,2024-03-31,Non-Control/Non-Affiliate Investments,"North Star Acquisitionco, LLC",Education Services,First Lien Revolver,,—,-74,-33,(5)(8)(9),SOFR+,6,,5/3/2029,
oscf-20240331,2024-03-31,Non-Control/Non-Affiliate Investments,Northwoods Capital 25 Ltd,Multi-Sector Holdings,CLO Notes,12.72,700,682,692,(5)(10),SOFR+,7.4,,7/20/2034,
oscf-20240331,2024-03-31,Non-Control/Non-Affiliate Investments,Northwoods Capital XV,Multi-Sector Holdings,CLO Notes,9.34,"4,000","3,919","4,004",(5)(10),SOFR+,4.01,,6/20/2034,
oscf-20240331,2024-03-31,Non-Control/Non-Affiliate Investments,Ocean Trails CLO VIII,Multi-Sector Holdings,CLO Notes,9.33,"5,000","4,664","5,010",(5)(10),SOFR+,4.01,,7/15/2034,
oscf-20240331,2024-03-31,Non-Control/Non-Affiliate Investments,Ocean Trails CLO XIV,Multi-Sector Holdings,CLO Notes,11.14,"1,000","1,000","1,004",-5,SOFR+,5.82,,1/20/2035,
oscf-20240331,2024-03-31,Non-Control/Non-Affiliate Investments,Octagon 66,Multi-Sector Holdings,CLO Notes,10.42,"3,000","2,970","3,044",(5)(10),SOFR+,5.09,,11/16/2036,
oscf-20240331,2024-03-31,Non-Control/Non-Affiliate Investments,OEConnection LLC,Application Software,Second Lien Term Loan,12.43,"5,355","5,290","5,282",(5)(8),SOFR+,7,,9/25/2027,
oscf-20240331,2024-03-31,Non-Control/Non-Affiliate Investments,OFSI Fund Ltd,Multi-Sector Holdings,CLO Notes,12.8,"1,105","1,047","1,050",(5)(10),SOFR+,7.48,,4/20/2034,
oscf-20240331,2024-03-31,Non-Control/Non-Affiliate Investments,"OneOncology, LLC",Health Care Services,First Lien Term Loan,11.56,"22,771","22,267","22,543",(5)(8),SOFR+,6.25,,6/9/2030,
oscf-20240331,2024-03-31,Non-Control/Non-Affiliate Investments,"OneOncology, LLC",Health Care Services,First Lien Term Loan,13.75,"2,975","2,831","2,889",(5)(8)(9),SOFR+,6.25,,6/9/2030,
oscf-20240331,2024-03-31,Non-Control/Non-Affiliate Investments,"OneOncology, LLC",Health Care Services,First Lien Revolver,,—,-99,-46,(5)(8)(9),SOFR+,6.25,,6/9/2030,
oscf-20240331,2024-03-31,Non-Control/Non-Affiliate Investments,"Oranje Holdco, Inc.",Systems Software,First Lien Term Loan,12.81,"15,746","15,429","15,510",(5)(8),SOFR+,7.5,,2/1/2029,
oscf-20240331,2024-03-31,Non-Control/Non-Affiliate Investments,"Oranje Holdco, Inc.",Systems Software,First Lien Revolver,,—,-40,-30,(5)(8)(9),SOFR+,7.5,,2/1/2029,
oscf-20240331,2024-03-31,Non-Control/Non-Affiliate Investments,OZLM XXIII Ltd,Multi-Sector Holdings,CLO Notes,12.86,"1,000",967,959,(5)(10),SOFR+,7.28,,4/15/2034,
oscf-20240331,2024-03-31,Non-Control/Non-Affiliate Investments,Peraton Corp.,Aerospace & Defense,First Lien Term Loan,9.18,"23,765","23,655","23,789",-5,SOFR+,3.75,,2/1/2028,
oscf-20240331,2024-03-31,Non-Control/Non-Affiliate Investments,PetSmart LLC,Other Specialty Retail,First Lien Term Loan,9.18,"15,833","15,592","15,817",-5,SOFR+,3.75,,2/11/2028,
oscf-20240331,2024-03-31,Non-Control/Non-Affiliate Investments,"PetVet Care Centers, LLC",Health Care Services,First Lien Term Loan,11.33,"73,463","72,073","72,148",(5)(8),SOFR+,6,,11/15/2030,
oscf-20240331,2024-03-31,Non-Control/Non-Affiliate Investments,"PetVet Care Centers, LLC",Health Care Services,First Lien Term Loan,,—,-96,-85,(5)(8)(9),SOFR+,6,,11/15/2030,
oscf-20240331,2024-03-31,Non-Control/Non-Affiliate Investments,"PetVet Care Centers, LLC",Health Care Services,First Lien Revolver,,—,-180,-168,(5)(8)(9),SOFR+,6,,11/15/2029,
oscf-20240331,2024-03-31,Non-Control/Non-Affiliate Investments,"PetVet Care Centers, LLC",Health Care Services,Preferred Equity,,,"6,211","6,592",-8,,,,,"6,338"
oscf-20240331,2024-03-31,Non-Control/Non-Affiliate Investments,"Pluralsight, LLC",Application Software,First Lien Term Loan,13.47,"26,144","22,997","23,556",(5)(8),SOFR+,8,,4/6/2027,
oscf-20240331,2024-03-31,Non-Control/Non-Affiliate Investments,"Pluralsight, LLC",Application Software,First Lien Revolver,13.47,"1,639","1,442","1,477",(5)(8),SOFR+,8,,4/6/2027,
oscf-20240331,2024-03-31,Non-Control/Non-Affiliate Investments,"PPW Aero Buyer, Inc.",Aerospace & Defense,First Lien Term Loan,12.33,"26,623","25,758","25,824",(5)(8),SOFR+,7,,2/15/2029,
oscf-20240331,2024-03-31,Non-Control/Non-Affiliate Investments,"PPW Aero Buyer, Inc.",Aerospace & Defense,First Lien Revolver,12.33,"1,729","1,612","1,621",(5)(8)(9),SOFR+,7,,2/15/2029,
oscf-20240331,2024-03-31,Non-Control/Non-Affiliate Investments,"Profrac Holdings II, LLC",Industrial Machinery & Supplies & Components,First Lien Floating Rate Bond,12.55,"68,574","67,888","67,957",(5)(8)(10),SOFR+,7.25,,1/23/2029,
oscf-20240331,2024-03-31,Non-Control/Non-Affiliate Investments,"Project Accelerate Parent, LLC",Systems Software,First Lien Term Loan,10.55,"43,750","43,313","43,352",(5)(8),SOFR+,5.25,,2/24/2031,
oscf-20240331,2024-03-31,Non-Control/Non-Affiliate Investments,"Project Accelerate Parent, LLC",Systems Software,First Lien Revolver,,—,-63,-57,(5)(8)(9),SOFR+,5.25,,2/24/2031,
oscf-20240331,2024-03-31,Non-Control/Non-Affiliate Investments,"Protein for Pets Opco, LLC",Packaged Foods & Meats,First Lien Term Loan,10.56,"63,733","62,463","62,458",(5)(8),SOFR+,5.25,,9/20/2030,
oscf-20240331,2024-03-31,Non-Control/Non-Affiliate Investments,"Protein for Pets Opco, LLC",Packaged Foods & Meats,First Lien Revolver,,—,-132,-133,(5)(8)(9),SOFR+,5.25,,9/20/2030,
oscf-20240331,2024-03-31,Non-Control/Non-Affiliate Investments,Quantum Bidco Limited,Food Distributors,First Lien Term Loan,10.97,"9,861","11,503","11,934",(5)(8)(10),SONIA+,5.5,,1/31/2028,
oscf-20240331,2024-03-31,Non-Control/Non-Affiliate Investments,Radar Bidco Sarl,Air Freight & Logistics,First Lien Term Loan,9.58,"22,500","22,388","22,528",(5)(10),SOFR+,4.25,,3/31/2031,
oscf-20240331,2024-03-31,Non-Control/Non-Affiliate Investments,Renaissance Holding Corp.,Education Services,First Lien Term Loan,9.58,"37,820","37,307","37,938",-5,SOFR+,4.25,,4/5/2030,
oscf-20240331,2024-03-31,Non-Control/Non-Affiliate Investments,"Resistance Acquisition, Inc.",Pharmaceuticals,First Lien Term Loan,13.05,"18,387","17,976","18,019",(5)(8),SOFR+,7.75,,9/21/2028,
oscf-20240331,2024-03-31,Non-Control/Non-Affiliate Investments,Rockford Tower CLO 2024-1,Multi-Sector Holdings,CLO Notes,12.81,"2,500","2,475","2,475",(5)(10),SOFR+,7.48,,4/20/2037,
oscf-20240331,2024-03-31,Non-Control/Non-Affiliate Investments,RR 24,Multi-Sector Holdings,CLO Notes,13.65,"2,750","2,750","2,780",(5)(10),SOFR+,8.3,,1/15/2036,
oscf-20240331,2024-03-31,Non-Control/Non-Affiliate Investments,"Salus Workers' Compensation, LLC",Diversified Financial Services,First Lien Term Loan,15.33,"15,510","15,114","15,045",(5)(8),SOFR+,10,,10/7/2026,
oscf-20240331,2024-03-31,Non-Control/Non-Affiliate Investments,"Salus Workers' Compensation, LLC",Diversified Financial Services,First Lien Revolver,,—,-48,-57,(5)(8)(9),SOFR+,10,,10/7/2026,
oscf-20240331,2024-03-31,Non-Control/Non-Affiliate Investments,"Salus Workers' Compensation, LLC",Diversified Financial Services,Warrants,,,200,291,-8,,,,,"606,357"
oscf-20240331,2024-03-31,Non-Control/Non-Affiliate Investments,SCIH Salt Holdings Inc.,Diversified Chemicals,First Lien Term Loan,9.44,"26,736","26,469","26,815",-5,SOFR+,4,,3/16/2027,
oscf-20240331,2024-03-31,Non-Control/Non-Affiliate Investments,SCIH Salt Holdings Inc.,Diversified Chemicals,Fixed Rate Bond,4.88,"14,450","13,080","13,477",,,,,5/1/2028,
oscf-20240331,2024-03-31,Non-Control/Non-Affiliate Investments,"SCP Eye Care Services, LLC",Health Care Services,Second Lien Term Loan,14.18,"5,881","5,737","5,881",(5)(8),SOFR+,8.75,,10/7/2030,
oscf-20240331,2024-03-31,Non-Control/Non-Affiliate Investments,"SCP Eye Care Services, LLC",Health Care Services,Second Lien Term Loan,14.18,727,691,727,(5)(8)(9),SOFR+,8.75,,10/7/2030,
oscf-20240331,2024-03-31,Non-Control/Non-Affiliate Investments,"SCP Eye Care Services, LLC",Health Care Services,Common Stock,,,761,761,-8,,,,,761
oscf-20240331,2024-03-31,Non-Control/Non-Affiliate Investments,scPharmaceuticals Inc.,Pharmaceuticals,First Lien Term Loan,11.75,"7,654","7,364","7,444",(5)(8),SOFR+,8.75,,10/13/2027,
oscf-20240331,2024-03-31,Non-Control/Non-Affiliate Investments,scPharmaceuticals Inc.,Pharmaceuticals,First Lien Term Loan,,—,0,0,(5)(8)(9),SOFR+,8.75,,10/13/2027,
oscf-20240331,2024-03-31,Non-Control/Non-Affiliate Investments,scPharmaceuticals Inc.,Pharmaceuticals,First Lien Term Loan,,—,0,0,(5)(8)(9),SOFR+,8.75,,10/13/2027,
oscf-20240331,2024-03-31,Non-Control/Non-Affiliate Investments,scPharmaceuticals Inc.,Pharmaceuticals,Warrants,,,258,225,-8,,,,,"79,075"
oscf-20240331,2024-03-31,Non-Control/Non-Affiliate Investments,Secure Acquisition Inc.,Paper & Plastic Packaging Products & Materials,First Lien Term Loan,10.46,"1,749","1,747","1,757",-5,SOFR+,5,,12/16/2028,
oscf-20240331,2024-03-31,Non-Control/Non-Affiliate Investments,SEI Holding I Corporation,Trading Companies & Distributors,First Lien Term Loan,12.06,"17,332","16,918","17,245",(5)(8),SOFR+,6.75,,3/27/2028,
oscf-20240331,2024-03-31,Non-Control/Non-Affiliate Investments,SEI Holding I Corporation,Trading Companies & Distributors,First Lien Term Loan,12.09,"2,494","2,442","2,481",(5)(8),SOFR+,6.75,,3/27/2028,
oscf-20240331,2024-03-31,Non-Control/Non-Affiliate Investments,SEI Holding I Corporation,Trading Companies & Distributors,First Lien Term Loan,11.58,"1,550","1,484","1,441",(5)(8)(9),SOFR+,6.25,,3/27/2028,
oscf-20240331,2024-03-31,Non-Control/Non-Affiliate Investments,SEI Holding I Corporation,Trading Companies & Distributors,First Lien Revolver,14.25,500,464,493,(5)(8)(9),PRIME+,5.75,,3/27/2028,
oscf-20240331,2024-03-31,Non-Control/Non-Affiliate Investments,"Seres Therapeutics, Inc.",Biotechnology,First Lien Term Loan,12.88,"11,547","11,172","11,027",(5)(8)(10),SOFR+,7.88,,4/27/2029,
oscf-20240331,2024-03-31,Non-Control/Non-Affiliate Investments,"Seres Therapeutics, Inc.",Biotechnology,First Lien Term Loan,12.88,"4,330","4,189","4,135",(5)(8)(10),SOFR+,7.88,,4/27/2029,
oscf-20240331,2024-03-31,Non-Control/Non-Affiliate Investments,"Seres Therapeutics, Inc.",Biotechnology,First Lien Term Loan,,—,0,0,(5)(8)(9)(10),SOFR+,7.88,,4/27/2029,
oscf-20240331,2024-03-31,Non-Control/Non-Affiliate Investments,"Seres Therapeutics, Inc.",Biotechnology,First Lien Term Loan,,—,0,0,(5)(8)(9)(10),SOFR+,7.88,,4/27/2029,
oscf-20240331,2024-03-31,Non-Control/Non-Affiliate Investments,"Seres Therapeutics, Inc.",Biotechnology,Warrants,,,293,28,(8)(10),,,,,"93,470"
oscf-20240331,2024-03-31,Non-Control/Non-Affiliate Investments,"SM Wellness Holdings, Inc.",Health Care Services,First Lien Term Loan,10.07,"14,249","13,450","13,744",(5)(8),SOFR+,4.5,,4/17/2028,
oscf-20240331,2024-03-31,Non-Control/Non-Affiliate Investments,"Southern Veterinary Partners, LLC",Health Care Facilities,First Lien Term Loan,9.44,"30,508","30,271","30,576",-5,SOFR+,4,,10/5/2027,
oscf-20240331,2024-03-31,Non-Control/Non-Affiliate Investments,"SPX Flow, Inc.",Industrial Machinery & Supplies & Components,First Lien Term Loan,9.93,"29,496","28,746","29,654",-5,SOFR+,4.5,,4/5/2029,
oscf-20240331,2024-03-31,Non-Control/Non-Affiliate Investments,"SPX Flow, Inc.",Industrial Machinery & Supplies & Components,Fixed Rate Bond,8.75,"2,580","2,486","2,608",,,,,4/1/2030,
oscf-20240331,2024-03-31,Non-Control/Non-Affiliate Investments,"Staples, Inc.",Office Services & Supplies,First Lien Term Loan,10.44,"26,693","26,424","26,481",-5,SOFR+,5,,4/16/2026,
oscf-20240331,2024-03-31,Non-Control/Non-Affiliate Investments,"Staples, Inc.",Office Services & Supplies,Fixed Rate Bond,7.5,"4,730","4,248","4,621",,,,,4/15/2026,
oscf-20240331,2024-03-31,Non-Control/Non-Affiliate Investments,"Star Parent, Inc.",Life Sciences Tools & Services,First Lien Term Loan,9.31,"51,025","50,089","50,773",-5,SOFR+,4,,9/28/2030,
oscf-20240331,2024-03-31,Non-Control/Non-Affiliate Investments,"Superior Industries International, Inc.",Auto Parts & Equipment,First Lien Term Loan,13.33,"33,143","32,363","32,819",(5)(8),SOFR+,8,,12/16/2028,
oscf-20240331,2024-03-31,Non-Control/Non-Affiliate Investments,SupplyOne Inc.,Paper & Plastic Packaging Products & Materials,First Lien Term Loan,9.58,"14,000","13,860","13,956",-5,SOFR+,4.25,,3/27/2031,
oscf-20240331,2024-03-31,Non-Control/Non-Affiliate Investments,"Supreme Fitness Group NY Holdings, LLC",Leisure Facilities,First Lien Term Loan,12.59,"8,154","8,065","7,756",(5)(8),SOFR+,7,,12/31/2026,
oscf-20240331,2024-03-31,Non-Control/Non-Affiliate Investments,"Supreme Fitness Group NY Holdings, LLC",Leisure Facilities,First Lien Term Loan,12.59,698,691,664,(5)(8),SOFR+,7,,12/31/2026,
oscf-20240331,2024-03-31,Non-Control/Non-Affiliate Investments,"Supreme Fitness Group NY Holdings, LLC",Leisure Facilities,First Lien Term Loan,12.59,840,809,799,(5)(8),SOFR+,7,,12/31/2026,
oscf-20240331,2024-03-31,Non-Control/Non-Affiliate Investments,"Supreme Fitness Group NY Holdings, LLC",Leisure Facilities,First Lien Revolver,,—,-4,-19,(5)(8)(9),SOFR+,7,,12/31/2026,
oscf-20240331,2024-03-31,Non-Control/Non-Affiliate Investments,"Tacala, LLC",Restaurants,First Lien Term Loan,9.33,"35,000","34,913","35,077",-5,SOFR+,4,,1/31/2031,
oscf-20240331,2024-03-31,Non-Control/Non-Affiliate Investments,Ten-X LLC,Interactive Media & Services,First Lien Term Loan,11.33,"24,736","23,703","23,907",(5)(8),SOFR+,6,,5/26/2028,
oscf-20240331,2024-03-31,Non-Control/Non-Affiliate Investments,THL Zinc Ventures Ltd,Diversified Metals & Mining,First Lien Term Loan,13,"39,751","39,382","39,552",(8)(10),,,,5/23/2026,
oscf-20240331,2024-03-31,Non-Control/Non-Affiliate Investments,"Touchstone Acquisition, Inc.",Health Care Supplies,First Lien Term Loan,11.41,"8,463","8,348","8,231",(5)(8),SOFR+,6,,12/29/2028,
oscf-20240331,2024-03-31,Non-Control/Non-Affiliate Investments,Transit Buyer LLC,Diversified Support Services,First Lien Term Loan,11.4,"8,384","8,249","8,275",(5)(8),SOFR+,6.25,,1/31/2029,
oscf-20240331,2024-03-31,Non-Control/Non-Affiliate Investments,Transit Buyer LLC,Diversified Support Services,First Lien Term Loan,11.4,"1,632","1,570","1,582",(5)(8)(9),SOFR+,6.25,,1/31/2029,
oscf-20240331,2024-03-31,Non-Control/Non-Affiliate Investments,"Trident TPI Holdings, Inc.","Metal, Glass & Plastic Containers",First Lien Term Loan,9.57,"8,942","8,932","8,956",-5,SOFR+,4,,9/15/2028,
oscf-20240331,2024-03-31,Non-Control/Non-Affiliate Investments,"Trident TPI Holdings, Inc.","Metal, Glass & Plastic Containers",First Lien Term Loan,10.56,"7,827","7,680","7,869",-5,SOFR+,5.25,,9/15/2028,
oscf-20240331,2024-03-31,Non-Control/Non-Affiliate Investments,Trinitas CLO VI Ltd.,Multi-Sector Holdings,CLO Notes,12.4,905,850,858,(5)(10),SOFR+,7.08,,1/25/2034,
oscf-20240331,2024-03-31,Non-Control/Non-Affiliate Investments,Trinitas CLO XII,Multi-Sector Holdings,CLO Notes,9.59,"4,500","4,397","4,511",(5)(10),SOFR+,4.26,,4/25/2033,
oscf-20240331,2024-03-31,Non-Control/Non-Affiliate Investments,Trinitas CLO XV DAC,Multi-Sector Holdings,CLO Notes,13.03,"6,500","5,816","6,178",(5)(10),SOFR+,7.71,,4/22/2034,
oscf-20240331,2024-03-31,Non-Control/Non-Affiliate Investments,Uniti Group LP,Cable & Satellite,Fixed Rate Bond,6.5,990,916,768,-10,,,,2/15/2029,
oscf-20240331,2024-03-31,Non-Control/Non-Affiliate Investments,Uniti Group LP,Cable & Satellite,Fixed Rate Bond,4.75,"1,328","1,190","1,161",-10,,,,4/15/2028,
oscf-20240331,2024-03-31,Non-Control/Non-Affiliate Investments,Venture 41 CLO,Multi-Sector Holdings,CLO Notes,9.45,"1,500","1,478","1,462",(5)(10),SOFR+,4.13,,1/20/2034,
oscf-20240331,2024-03-31,Non-Control/Non-Affiliate Investments,WAVE 2019-1,Specialized Finance,CLO Notes,3.6,"4,959","4,108","4,421",,,,,9/15/2044,
oscf-20240331,2024-03-31,Non-Control/Non-Affiliate Investments,"Wellfleet CLO 2022-2, Ltd.",Multi-Sector Holdings,CLO Notes,13.86,"1,500","1,445","1,515",(5)(10),SOFR+,8.56,,10/18/2035,
oscf-20240331,2024-03-31,Non-Control/Non-Affiliate Investments,"WP CPP Holdings, LLC",Aerospace & Defense,First Lien Term Loan,8.72,"53,584","52,330","52,390",(5)(8),SOFR+,7.5,4.13,11/28/2029,
oscf-20240331,2024-03-31,Non-Control/Non-Affiliate Investments,"WP CPP Holdings, LLC",Aerospace & Defense,First Lien Revolver,,—,-138,-129,(5)(8)(9),SOFR+,6.75,,11/28/2029,
oscf-20240630,2024-06-30,Non-Control/Non-Affiliate Investments,37 Capital CLO 4,Multi-Sector Holdings,CLO Notes,10.87,"5,000","5,000","5,106",(5)(10),SOFR+,5.5,,1/15/2034,
oscf-20240630,2024-06-30,Non-Control/Non-Affiliate Investments,107 Fair Street LLC,Real Estate Development,First Lien Term Loan,13,"1,031","1,021",987,(8)(9)(11),,,,11/17/2024,
oscf-20240630,2024-06-30,Non-Control/Non-Affiliate Investments,107-109 Beech OAK22 LLC,Real Estate Development,First Lien Revolver,11,"11,883","11,774","11,738",(8)(9),,,,2/27/2026,
oscf-20240630,2024-06-30,Non-Control/Non-Affiliate Investments,112-126 Van Houten Real22 LLC,Real Estate Development,First Lien Term Loan,13,"4,066","4,055","4,027",(8)(9)(11),,,,11/4/2024,
oscf-20240630,2024-06-30,Non-Control/Non-Affiliate Investments,AB BSL CLO 4,Multi-Sector Holdings,CLO Notes,10.82,"3,800","3,800","3,903",(5)(10),SOFR+,5.5,,4/20/2036,
oscf-20240630,2024-06-30,Non-Control/Non-Affiliate Investments,"Access CIG, LLC",Diversified Support Services,First Lien Term Loan,10.33,"39,226","38,707","39,526",-5,SOFR+,5,,8/18/2028,
oscf-20240630,2024-06-30,Non-Control/Non-Affiliate Investments,ACP Falcon Buyer Inc,Systems Software,First Lien Revolver,,—,-136,0,(5)(8)(9),SOFR+,5.5,,8/1/2029,
oscf-20240630,2024-06-30,Non-Control/Non-Affiliate Investments,ACP Falcon Buyer Inc,Systems Software,First Lien Term Loan,10.8,"34,493","33,617","34,493",(5)(8),SOFR+,5.5,,8/1/2029,
oscf-20240630,2024-06-30,Non-Control/Non-Affiliate Investments,Acquia Inc.,Application Software,First Lien Term Loan,12.45,"11,166","11,002","11,166",(5)(8),SOFR+,7,,10/31/2025,
oscf-20240630,2024-06-30,Non-Control/Non-Affiliate Investments,ADC Therapeutics SA,Biotechnology,First Lien Term Loan,12.98,"10,406","10,015","10,146",(5)(8)(10),SOFR+,7.5,,8/15/2029,
oscf-20240630,2024-06-30,Non-Control/Non-Affiliate Investments,ADC Therapeutics SA,Biotechnology,Warrants,,,275,57,(8)(10),,,,,"45,727"
oscf-20240630,2024-06-30,Non-Control/Non-Affiliate Investments,AIP RD Buyer Corp.,Distributors,Common Stock,,,428,550,-8,,,,,"4,560"
oscf-20240630,2024-06-30,Non-Control/Non-Affiliate Investments,"Alto Pharmacy Holdings, Inc.",Health Care Technology,First Lien Term Loan,4.94,"14,541","13,797","13,342",(5)(8),SOFR+,11.5,11.99,10/14/2027,
oscf-20240630,2024-06-30,Non-Control/Non-Affiliate Investments,"Alto Pharmacy Holdings, Inc.",Health Care Technology,Warrants,,,943,"1,801",-8,,,,,"878,545"
oscf-20240630,2024-06-30,Non-Control/Non-Affiliate Investments,"American Auto Auction Group, LLC",Diversified Support Services,First Lien Term Loan,10.48,"2,494","2,476","2,495",-5,SOFR+,5,,12/30/2027,
oscf-20240630,2024-06-30,Non-Control/Non-Affiliate Investments,"American Auto Auction Group, LLC",Diversified Support Services,Second Lien Term Loan,14.23,"6,901","6,811","6,521",(5)(8),SOFR+,8.75,,1/2/2029,
oscf-20240630,2024-06-30,Non-Control/Non-Affiliate Investments,"American Tire Distributors, Inc.",Distributors,First Lien Term Loan,11.84,"8,847","8,082","6,452",-5,SOFR+,6.25,,10/20/2028,
oscf-20240630,2024-06-30,Non-Control/Non-Affiliate Investments,AmSpec Parent LLC,Diversified Support Services,First Lien Term Loan,,—,-127,-127,(5)(8)(9),SOFR+,5.75,,12/5/2030,
oscf-20240630,2024-06-30,Non-Control/Non-Affiliate Investments,AmSpec Parent LLC,Diversified Support Services,First Lien Term Loan,11.08,"70,248","68,636","70,248",(5)(8),SOFR+,5.75,,12/5/2030,
oscf-20240630,2024-06-30,Non-Control/Non-Affiliate Investments,AmSpec Parent LLC,Diversified Support Services,First Lien Revolver,,—,-215,0,(5)(8)(9),SOFR+,5.75,,12/5/2029,
oscf-20240630,2024-06-30,Non-Control/Non-Affiliate Investments,"Anchorage Capital CLO 16, LTD",Multi-Sector Holdings,CLO Notes,12.94,"2,000","1,949","1,981",(5)(10),SOFR+,7.61,,1/19/2035,
oscf-20240630,2024-06-30,Non-Control/Non-Affiliate Investments,"Anchorage Capital CLO 20, LTD.",Multi-Sector Holdings,CLO Notes,12.94,750,715,735,(5)(10),SOFR+,7.61,,1/20/2035,
oscf-20240630,2024-06-30,Non-Control/Non-Affiliate Investments,Arches Buyer Inc.,Interactive Media & Services,First Lien Term Loan,10.84,"93,967","92,739","93,967",(5)(8),SOFR+,5.5,,12/6/2027,
oscf-20240630,2024-06-30,Non-Control/Non-Affiliate Investments,Ardonagh Midco 3 PLC,Insurance Brokers,First Lien Term Loan,,—,-62,-58,(5)(8)(9)(10),SOFR+,4.75,,2/17/2031,
oscf-20240630,2024-06-30,Non-Control/Non-Affiliate Investments,Ardonagh Midco 3 PLC,Insurance Brokers,First Lien Term Loan,10.04,"89,235","87,897","87,986",(5)(8)(10),SOFR+,4.75,,2/17/2031,
oscf-20240630,2024-06-30,Non-Control/Non-Affiliate Investments,Ares XLIV CLO,Multi-Sector Holdings,CLO Notes,12.46,"3,500","3,398","3,514",(5)(10),SOFR+,7.13,,4/15/2034,
oscf-20240630,2024-06-30,Non-Control/Non-Affiliate Investments,Ares LXIV CLO,Multi-Sector Holdings,CLO Notes,9.08,"2,200","2,057","2,208",(5)(10),SOFR+,3.75,,4/15/2035,
oscf-20240630,2024-06-30,Non-Control/Non-Affiliate Investments,Ares LXVIII CLO,Multi-Sector Holdings,CLO Notes,11.07,"5,000","5,000","5,111",(5)(10),SOFR+,5.75,,4/25/2035,
oscf-20240630,2024-06-30,Non-Control/Non-Affiliate Investments,"Artera Services, LLC",Construction & Engineering,First Lien Term Loan,9.83,"27,431","27,226","27,610",-5,SOFR+,4.5,,2/15/2031,
oscf-20240630,2024-06-30,Non-Control/Non-Affiliate Investments,"Artera Services, LLC",Construction & Engineering,Fixed Rate Bond,8.5,"12,660","12,660","13,043",,,,,2/15/2031,
oscf-20240630,2024-06-30,Non-Control/Non-Affiliate Investments,ASP-R-PAC Acquisition Co LLC,Paper & Plastic Packaging Products & Materials,First Lien Term Loan,11.59,"4,825","4,769","4,587",(5)(8)(10),SOFR+,6,,12/29/2027,
oscf-20240630,2024-06-30,Non-Control/Non-Affiliate Investments,ASP-R-PAC Acquisition Co LLC,Paper & Plastic Packaging Products & Materials,First Lien Revolver,11.46,241,234,212,(5)(8)(9)(10),SOFR+,6,,12/29/2027,
oscf-20240630,2024-06-30,Non-Control/Non-Affiliate Investments,Astra Acquisition Corp.,Application Software,First Lien Term Loan,12.08,"5,257","5,192","4,824",(5)(8),SOFR+,6.75,,2/25/2028,
oscf-20240630,2024-06-30,Non-Control/Non-Affiliate Investments,Astra Acquisition Corp.,Application Software,First Lien Term Loan,10.58,"8,316","6,744","3,901",(5)(8),SOFR+,5.25,,10/25/2028,
oscf-20240630,2024-06-30,Non-Control/Non-Affiliate Investments,"Asurion, LLC",Property & Casualty Insurance,First Lien Term Loan,9.44,"27,612","27,015","27,345",-5,SOFR+,4,,8/19/2028,
oscf-20240630,2024-06-30,Non-Control/Non-Affiliate Investments,"Asurion, LLC",Property & Casualty Insurance,First Lien Term Loan,9.69,"34,719","33,835","34,506",-5,SOFR+,4.25,,8/19/2028,
oscf-20240630,2024-06-30,Non-Control/Non-Affiliate Investments,athenahealth Group Inc.,Health Care Technology,Fixed Rate Bond,6.5,"17,979","15,905","16,569",,,,,2/15/2030,
oscf-20240630,2024-06-30,Non-Control/Non-Affiliate Investments,athenahealth Group Inc.,Health Care Technology,First Lien Term Loan,8.59,"35,967","34,948","35,894",-5,SOFR+,3.25,,2/15/2029,
oscf-20240630,2024-06-30,Non-Control/Non-Affiliate Investments,athenahealth Group Inc.,Health Care Technology,Preferred Equity,,,"5,693","6,113",-8,,,,,"5,809"
oscf-20240630,2024-06-30,Non-Control/Non-Affiliate Investments,Aurelia Netherlands Midco 2 B.V.,Interactive Media & Services,First Lien Term Loan,9.55,"49,005","51,948","51,497",(5)(8)(10),E+,5.75,,5/29/2031,
oscf-20240630,2024-06-30,Non-Control/Non-Affiliate Investments,"Avalara, Inc.",Application Software,First Lien Term Loan,12.58,"19,029","18,688","19,029",(5)(8),SOFR+,7.25,,10/19/2028,
oscf-20240630,2024-06-30,Non-Control/Non-Affiliate Investments,"Avalara, Inc.",Application Software,First Lien Revolver,,—,-34,0,(5)(8)(9),SOFR+,7.25,,10/19/2028,
oscf-20240630,2024-06-30,Non-Control/Non-Affiliate Investments,Bain Capital Credit CLO 2022-3,Multi-Sector Holdings,CLO Notes,9.02,"3,500","3,374","3,512",(5)(10),SOFR+,3.7,,7/17/2035,
oscf-20240630,2024-06-30,Non-Control/Non-Affiliate Investments,"Bain Capital Credit CLO, Limited",Multi-Sector Holdings,CLO Notes,12.87,"1,750","1,733","1,784",(5)(10),SOFR+,7.54,,4/20/2034,
oscf-20240630,2024-06-30,Non-Control/Non-Affiliate Investments,Bain Capital Euro CLO 2021-2,Multi-Sector Holdings,CLO Notes,7.29,"1,210","1,250","1,265",(5)(10),E+,3.4,,7/17/2034,
oscf-20240630,2024-06-30,Non-Control/Non-Affiliate Investments,Bamboo US Bidco LLC,Health Care Equipment,First Lien Term Loan,12.08,742,673,684,(5)(8)(9),SOFR+,6.75,,9/30/2030,
oscf-20240630,2024-06-30,Non-Control/Non-Affiliate Investments,Bamboo US Bidco LLC,Health Care Equipment,First Lien Term Loan,12.08,"25,263","24,598","24,884",(5)(8),SOFR+,6.75,,9/30/2030,
oscf-20240630,2024-06-30,Non-Control/Non-Affiliate Investments,Bamboo US Bidco LLC,Health Care Equipment,First Lien Term Loan,10.62,"15,718","16,209","16,593",(5)(8),E+,6.75,,9/30/2030,
oscf-20240630,2024-06-30,Non-Control/Non-Affiliate Investments,Bamboo US Bidco LLC,Health Care Equipment,First Lien Revolver,,—,-136,-78,(5)(8)(9)(10),SOFR+,6.75,,10/1/2029,
oscf-20240630,2024-06-30,Non-Control/Non-Affiliate Investments,Bausch + Lomb Corporation,Health Care Supplies,First Lien Term Loan,8.69,"60,460","59,724","59,893",(5)(10),SOFR+,3.35,,5/10/2027,
oscf-20240630,2024-06-30,Non-Control/Non-Affiliate Investments,"BioXcel Therapeutics, Inc.",Pharmaceuticals,First Lien Term Loan,,—,0,0,(5)(8)(9)(10),SOFR+,7.5,,4/19/2027,
oscf-20240630,2024-06-30,Non-Control/Non-Affiliate Investments,"BioXcel Therapeutics, Inc.",Pharmaceuticals,First Lien Term Loan,,—,0,0,(5)(8)(9)(10),SOFR+,7.5,,4/19/2027,
oscf-20240630,2024-06-30,Non-Control/Non-Affiliate Investments,"BioXcel Therapeutics, Inc.",Pharmaceuticals,First Lien Term Loan,,—,0,0,(5)(8)(9)(10),SOFR+,7.5,,4/19/2027,
oscf-20240630,2024-06-30,Non-Control/Non-Affiliate Investments,"BioXcel Therapeutics, Inc.",Pharmaceuticals,First Lien Term Loan,8.03,"3,324","3,247","2,972",(5)(8)(10),SOFR+,7.5,4.81,4/19/2027,
oscf-20240630,2024-06-30,Non-Control/Non-Affiliate Investments,"BioXcel Therapeutics, Inc.",Pharmaceuticals,First Lien Term Loan,8.03,"1,379","1,378","1,233",(5)(8)(10),SOFR+,7.5,4.81,4/19/2027,
oscf-20240630,2024-06-30,Non-Control/Non-Affiliate Investments,"BioXcel Therapeutics, Inc.",Pharmaceuticals,Warrants,,,74,2,(8)(10),,,,,"15,566"
oscf-20240630,2024-06-30,Non-Control/Non-Affiliate Investments,"BioXcel Therapeutics, Inc.",Pharmaceuticals,Warrants,,,0,1,(8)(10),,,,,"4,471"
oscf-20240630,2024-06-30,Non-Control/Non-Affiliate Investments,Birch Grove CLO 2 LTD,Multi-Sector Holdings,CLO Notes,12.54,"5,375","5,331","5,385",(5)(10),SOFR+,7.21,,10/19/2034,
oscf-20240630,2024-06-30,Non-Control/Non-Affiliate Investments,"Biscuit Parent, LLC",Application Software,First Lien Term Loan,10.08,"50,000","49,250","49,270",(5)(8),SOFR+,4.75,,2/27/2031,
oscf-20240630,2024-06-30,Non-Control/Non-Affiliate Investments,"Biscuit Parent, LLC",Application Software,First Lien Revolver,,—,-225,-219,(5)(8)(9),SOFR+,4.75,,2/27/2031,
oscf-20240630,2024-06-30,Non-Control/Non-Affiliate Investments,"Blackhawk Network Holdings, Inc.",Data Processing & Outsourced Services,First Lien Term Loan,10.34,"57,043","55,933","57,239",-5,SOFR+,5,,3/12/2029,
oscf-20240630,2024-06-30,Non-Control/Non-Affiliate Investments,Carlyle Euro CLO 2021-2,Multi-Sector Holdings,CLO Notes,7.21,"1,400","1,380","1,498",(5)(10),E+,3.3,,10/15/2035,
oscf-20240630,2024-06-30,Non-Control/Non-Affiliate Investments,"CBAM 2017-2, LTD.",Multi-Sector Holdings,CLO Notes,12.68,488,457,467,(5)(10),SOFR+,7.36,,7/17/2034,
oscf-20240630,2024-06-30,Non-Control/Non-Affiliate Investments,CCO Holdings LLC,Cable & Satellite,Fixed Rate Bond,4.5,"25,441","20,164","20,508",-10,,,,5/1/2032,
oscf-20240630,2024-06-30,Non-Control/Non-Affiliate Investments,CD&R Firefly Bidco Limited,Other Specialty Retail,First Lien Term Loan,10.7,"25,157","30,661","31,871",(5)(10),SONIA+,5.5,,6/21/2028,
oscf-20240630,2024-06-30,Non-Control/Non-Affiliate Investments,CD&R Firefly Bidco Limited,Other Specialty Retail,First Lien Term Loan,11.06,"1,500","1,829","1,900",(5)(10),SONIA+,5.75,,6/21/2028,
oscf-20240630,2024-06-30,Non-Control/Non-Affiliate Investments,CD&R Firefly Bidco Limited,Other Specialty Retail,First Lien Term Loan,10.95,"18,365","22,898","23,281",(5)(10),SONIA+,5.75,,6/21/2028,
oscf-20240630,2024-06-30,Non-Control/Non-Affiliate Investments,"Centralsquare Technologies, LLC",Application Software,First Lien Term Loan,8.33,"29,896","29,181","29,203",(5)(8),SOFR+,3,3.5,4/12/2030,
oscf-20240630,2024-06-30,Non-Control/Non-Affiliate Investments,"Centralsquare Technologies, LLC",Application Software,First Lien Revolver,,—,-81,-78,(5)(8)(9),SOFR+,6,,4/12/2030,
oscf-20240630,2024-06-30,Non-Control/Non-Affiliate Investments,"Clear Channel Outdoor Holdings, Inc.",Advertising,Fixed Rate Bond,9,"4,000","4,000","4,192",-10,,,,9/15/2028,
oscf-20240630,2024-06-30,Non-Control/Non-Affiliate Investments,"Clear Channel Outdoor Holdings, Inc.",Advertising,First Lien Term Loan,9.46,"7,283","7,215","7,303",(5)(10),SOFR+,4,,8/21/2028,
oscf-20240630,2024-06-30,Non-Control/Non-Affiliate Investments,"Cloud Software Group, Inc.",Application Software,First Lien Term Loan,9.83,"20,000","19,850","20,080",-5,SOFR+,4.5,,3/21/2031,
oscf-20240630,2024-06-30,Non-Control/Non-Affiliate Investments,"Cloud Software Group, Inc.",Application Software,First Lien Term Loan,9.33,"28,559","27,170","28,572",-5,SOFR+,4,,3/30/2029,
oscf-20240630,2024-06-30,Non-Control/Non-Affiliate Investments,"Cloud Software Group, Inc.",Application Software,Fixed Rate Bond,6.5,"8,874","8,109","8,528",,,,,3/31/2029,
oscf-20240630,2024-06-30,Non-Control/Non-Affiliate Investments,Colony Holding Corporation,Distributors,First Lien Term Loan,11.95,"3,910","3,862","3,855",(5)(8),SOFR+,6.6,,5/13/2026,
oscf-20240630,2024-06-30,Non-Control/Non-Affiliate Investments,Colony Holding Corporation,Distributors,First Lien Term Loan,11.93,"12,026","11,819","11,857",(5)(8),SOFR+,6.6,,5/13/2026,
oscf-20240630,2024-06-30,Non-Control/Non-Affiliate Investments,Condor Merger Sub Inc.,Systems Software,Fixed Rate Bond,7.38,"17,277","16,011","15,973",,,,,2/15/2030,
oscf-20240630,2024-06-30,Non-Control/Non-Affiliate Investments,Connect U.S. Finco LLC,Alternative Carriers,Fixed Rate Bond,6.75,"9,800","9,539","9,467",-10,,,,10/1/2026,
oscf-20240630,2024-06-30,Non-Control/Non-Affiliate Investments,"CoreRx, Inc.",Pharmaceuticals,First Lien Term Loan,12.83,"18,328","17,891","17,912",(5)(8),SOFR+,7.5,,4/6/2029,
oscf-20240630,2024-06-30,Non-Control/Non-Affiliate Investments,"Coupa Holdings, LLC",Application Software,First Lien Term Loan,,—,-15,0,(5)(8)(9),SOFR+,5.5,,2/27/2030,
oscf-20240630,2024-06-30,Non-Control/Non-Affiliate Investments,"Coupa Holdings, LLC",Application Software,First Lien Term Loan,10.83,"13,464","13,191","13,464",(5)(8),SOFR+,5.5,,2/27/2030,
oscf-20240630,2024-06-30,Non-Control/Non-Affiliate Investments,"Coupa Holdings, LLC",Application Software,First Lien Revolver,,—,-18,0,(5)(8)(9),SOFR+,5.5,,2/27/2029,
oscf-20240630,2024-06-30,Non-Control/Non-Affiliate Investments,"Covetrus, Inc.",Health Care Distributors,First Lien Term Loan,10.33,"30,723","29,551","29,780",-5,SOFR+,5,,10/13/2029,
oscf-20240630,2024-06-30,Non-Control/Non-Affiliate Investments,"Crewline Buyer, Inc.",Systems Software,First Lien Term Loan,12.08,"43,911","42,915","43,033",(5)(8),SOFR+,6.75,,11/8/2030,
oscf-20240630,2024-06-30,Non-Control/Non-Affiliate Investments,"Crewline Buyer, Inc.",Systems Software,First Lien Revolver,,—,-104,-91,(5)(8)(9),SOFR+,6.75,,11/8/2030,
oscf-20240630,2024-06-30,Non-Control/Non-Affiliate Investments,"Crown Subsea Communications Holding, Inc.",Alternative Carriers,First Lien Term Loan,9.33,"14,000","14,000","14,055",-5,SOFR+,4,,1/30/2031,
oscf-20240630,2024-06-30,Non-Control/Non-Affiliate Investments,"Crown Subsea Communications Holding, Inc.",Alternative Carriers,First Lien Term Loan,10.08,"30,000","29,700","30,119",-5,SOFR+,4.75,,1/30/2031,
oscf-20240630,2024-06-30,Non-Control/Non-Affiliate Investments,Curium Bidco S.à.r.l.,Pharmaceuticals,First Lien Term Loan,9.33,"5,390","5,325","5,420",(5)(10),SOFR+,4,,7/31/2029,
oscf-20240630,2024-06-30,Non-Control/Non-Affiliate Investments,"CVAUSA Management, LLC",Health Care Services,First Lien Term Loan,,—,-130,-59,(5)(8)(9),SOFR+,6.5,,5/22/2029,
oscf-20240630,2024-06-30,Non-Control/Non-Affiliate Investments,"CVAUSA Management, LLC",Health Care Services,First Lien Term Loan,,—,-100,-25,(5)(8)(9),SOFR+,6.5,,5/22/2029,
oscf-20240630,2024-06-30,Non-Control/Non-Affiliate Investments,"CVAUSA Management, LLC",Health Care Services,First Lien Term Loan,11.79,"21,706","21,374","21,543",(5)(8),SOFR+,6.5,,5/22/2029,
oscf-20240630,2024-06-30,Non-Control/Non-Affiliate Investments,"CVAUSA Management, LLC",Health Care Services,First Lien Revolver,,—,-62,-19,(5)(8)(9),SOFR+,6.5,,5/22/2029,
oscf-20240630,2024-06-30,Non-Control/Non-Affiliate Investments,CVC Cordatus Loan Fund XXXI,Multi-Sector Holdings,CLO Notes,10.38,"5,000","5,303","5,307",(5)(10),E+,6.64,,6/15/2037,
oscf-20240630,2024-06-30,Non-Control/Non-Affiliate Investments,"Dealer Tire Financial, LLC",Distributors,Fixed Rate Bond,8,"10,920","10,710","10,557",,,,,2/1/2028,
oscf-20240630,2024-06-30,Non-Control/Non-Affiliate Investments,Delta Leasing SPV II LLC,Specialized Finance,Subordinated Debt Term Loan,3,"26,633","26,633","26,633",(8)(10),,,7,8/31/2029,
oscf-20240630,2024-06-30,Non-Control/Non-Affiliate Investments,Delta Leasing SPV II LLC,Specialized Finance,Subordinated Debt Term Loan,8,"26,760","26,760","26,760",(8)(9)(10),,,3,8/31/2029,
oscf-20240630,2024-06-30,Non-Control/Non-Affiliate Investments,Delta Leasing SPV II LLC,Specialized Finance,Common Stock,,,2,2,(8)(10),,,,,2
oscf-20240630,2024-06-30,Non-Control/Non-Affiliate Investments,Delta Leasing SPV II LLC,Specialized Finance,Preferred Equity,,,330,398,(8)(10),,,,,330
oscf-20240630,2024-06-30,Non-Control/Non-Affiliate Investments,Delta Leasing SPV II LLC,Specialized Finance,Warrants,,,0,0,(8)(10),,,,,25
oscf-20240630,2024-06-30,Non-Control/Non-Affiliate Investments,"DirecTV Financing, LLC",Cable & Satellite,First Lien Term Loan,10.71,"21,905","21,504","21,837",-5,SOFR+,5.25,,8/2/2029,
oscf-20240630,2024-06-30,Non-Control/Non-Affiliate Investments,"DTI Holdco, Inc.",Research & Consulting Services,First Lien Term Loan,10.09,"33,003","31,908","33,180",-5,SOFR+,4.75,,4/26/2029,
oscf-20240630,2024-06-30,Non-Control/Non-Affiliate Investments,Dukes Root Control Inc.,Environmental & Facilities Services,First Lien Term Loan,11.99,"11,715","11,520","11,598",(5)(8),SOFR+,6.5,,12/8/2028,
oscf-20240630,2024-06-30,Non-Control/Non-Affiliate Investments,Dukes Root Control Inc.,Environmental & Facilities Services,First Lien Term Loan,11.97,"1,052","1,039","1,042",(5)(8),SOFR+,6.5,,12/8/2028,
oscf-20240630,2024-06-30,Non-Control/Non-Affiliate Investments,Dukes Root Control Inc.,Environmental & Facilities Services,First Lien Revolver,11.99,772,747,757,(5)(8)(9),SOFR+,6.5,,12/8/2028,
oscf-20240630,2024-06-30,Non-Control/Non-Affiliate Investments,Eagle Parent Corp.,Diversified Support Services,First Lien Term Loan,9.58,"5,238","5,207","5,106",-5,SOFR+,4.25,,4/2/2029,
oscf-20240630,2024-06-30,Non-Control/Non-Affiliate Investments,"Entrata, Inc.",Application Software,First Lien Term Loan,11.09,"45,375","44,399","45,193",(5)(8),SOFR+,5.75,,7/10/2030,
oscf-20240630,2024-06-30,Non-Control/Non-Affiliate Investments,"Entrata, Inc.",Application Software,First Lien Revolver,,—,-105,-21,(5)(8)(9),SOFR+,5.75,,7/10/2028,
oscf-20240630,2024-06-30,Non-Control/Non-Affiliate Investments,"Enverus Holdings, Inc.",Application Software,First Lien Term Loan,,—,-37,0,(5)(8)(9),SOFR+,5.5,,12/24/2029,
oscf-20240630,2024-06-30,Non-Control/Non-Affiliate Investments,"Enverus Holdings, Inc.",Application Software,First Lien Term Loan,10.84,"54,034","53,295","54,034",(5)(8),SOFR+,5.5,,12/24/2029,
oscf-20240630,2024-06-30,Non-Control/Non-Affiliate Investments,"Enverus Holdings, Inc.",Application Software,First Lien Revolver,,—,-56,0,(5)(8)(9),SOFR+,5.5,,12/24/2029,
oscf-20240630,2024-06-30,Non-Control/Non-Affiliate Investments,Establishment Labs Holdings Inc.,Health Care Technology,First Lien Term Loan,3,"1,851","1,832","1,819",(8)(10),,,6,4/21/2027,
oscf-20240630,2024-06-30,Non-Control/Non-Affiliate Investments,Establishment Labs Holdings Inc.,Health Care Technology,First Lien Term Loan,3,—,1,0,(8)(9)(10),,,6,4/21/2027,
oscf-20240630,2024-06-30,Non-Control/Non-Affiliate Investments,Establishment Labs Holdings Inc.,Health Care Technology,First Lien Term Loan,3,—,1,0,(8)(9)(10),,,6,4/21/2027,
oscf-20240630,2024-06-30,Non-Control/Non-Affiliate Investments,Establishment Labs Holdings Inc.,Health Care Technology,First Lien Term Loan,3,"11,559","11,471","11,357",(8)(10),,,6,4/21/2027,
oscf-20240630,2024-06-30,Non-Control/Non-Affiliate Investments,"Evergreen IX Borrower 2023, LLC",Application Software,First Lien Term Loan,11.33,"36,124","35,319","36,124",(5)(8),SOFR+,6,,9/30/2030,
oscf-20240630,2024-06-30,Non-Control/Non-Affiliate Investments,"Evergreen IX Borrower 2023, LLC",Application Software,First Lien Revolver,,—,-88,0,(5)(8)(9),SOFR+,6,,10/1/2029,
oscf-20240630,2024-06-30,Non-Control/Non-Affiliate Investments,Eyesouth Eye Care Holdco LLC,Health Care Services,First Lien Term Loan,,—,-48,-92,(5)(8)(9),SOFR+,5.5,,10/5/2029,
oscf-20240630,2024-06-30,Non-Control/Non-Affiliate Investments,Eyesouth Eye Care Holdco LLC,Health Care Services,First Lien Term Loan,10.93,"3,215","3,154","3,154",(5)(8),SOFR+,5.5,,10/5/2029,
oscf-20240630,2024-06-30,Non-Control/Non-Affiliate Investments,Eyesouth Eye Care Holdco LLC,Health Care Services,Common Stock,,,124,129,-8,,,,,124
oscf-20240630,2024-06-30,Non-Control/Non-Affiliate Investments,Eyesouth Eye Care Holdco LLC,Health Care Services,Common Stock,,,761,791,(8)(14),,,,,761
oscf-20240630,2024-06-30,Non-Control/Non-Affiliate Investments,"Fiesta Purchaser, Inc.",Packaged Foods & Meats,Fixed Rate Bond,7.88,"7,940","7,940","8,211",,,,,3/1/2031,
oscf-20240630,2024-06-30,Non-Control/Non-Affiliate Investments,"Fiesta Purchaser, Inc.",Packaged Foods & Meats,First Lien Term Loan,9.34,"10,000","9,900","10,082",-5,SOFR+,4,,2/12/2031,
oscf-20240630,2024-06-30,Non-Control/Non-Affiliate Investments,"Finastra USA, Inc.",Application Software,First Lien Term Loan,12.46,"43,622","42,866","43,077",(5)(8)(10),SOFR+,7.25,,9/13/2029,
oscf-20240630,2024-06-30,Non-Control/Non-Affiliate Investments,"Finastra USA, Inc.",Application Software,First Lien Revolver,12.58,480,402,424,(5)(8)(9)(10),SOFR+,7.25,,9/13/2029,
oscf-20240630,2024-06-30,Non-Control/Non-Affiliate Investments,Fortress Credit BSL XIV,Multi-Sector Holdings,CLO Notes,12.97,"2,300","2,079","2,292",(5)(10),SOFR+,7.65,,10/23/2034,
oscf-20240630,2024-06-30,Non-Control/Non-Affiliate Investments,Fortress Credit BSL XV,Multi-Sector Holdings,CLO Notes,10.08,"5,000","5,000","5,019",(5)(10),SOFR+,4.75,,10/18/2033,
oscf-20240630,2024-06-30,Non-Control/Non-Affiliate Investments,Fortress Credit BSL XIX,Multi-Sector Holdings,CLO Notes,13.69,"6,750","6,856","7,021",(5)(10),SOFR+,8.37,,7/24/2036,
oscf-20240630,2024-06-30,Non-Control/Non-Affiliate Investments,Fortress Credit BSL XX,Multi-Sector Holdings,CLO Notes,13.88,"5,250","5,356","5,460",(5)(10),SOFR+,8.51,,1/23/2037,
oscf-20240630,2024-06-30,Non-Control/Non-Affiliate Investments,Fortress Credit BSL XXV,Multi-Sector Holdings,CLO Notes,9.62,"2,250","2,250","2,253",(5)(10),SOFR+,4.3,,7/24/2037,
oscf-20240630,2024-06-30,Non-Control/Non-Affiliate Investments,"Frontier Communications Holdings, LLC",Integrated Telecommunication Services,Fixed Rate Bond,6,"22,504","18,986","19,610",-10,,,,1/15/2030,
oscf-20240630,2024-06-30,Non-Control/Non-Affiliate Investments,"Frontier Communications Holdings, LLC",Integrated Telecommunication Services,First Lien Term Loan,9.21,"29,509","28,997","29,531",(5)(10),SOFR+,3.75,,10/8/2027,
oscf-20240630,2024-06-30,Non-Control/Non-Affiliate Investments,"Frontier Communications Holdings, LLC",Integrated Telecommunication Services,First Lien Term Loan,8.85,"15,000","14,925","15,000",(5)(10),SOFR+,3.5,,7/1/2031,
oscf-20240630,2024-06-30,Non-Control/Non-Affiliate Investments,Frontier Issuer LLC,Specialized Finance,CLO Notes,11.16,"24,010","24,006","24,049",-10,,,,6/20/2054,
oscf-20240630,2024-06-30,Non-Control/Non-Affiliate Investments,"Galileo Parent, Inc.",Aerospace & Defense,First Lien Term Loan,12.58,"20,125","19,638","20,125",(5)(8),SOFR+,7.25,,5/3/2029,
oscf-20240630,2024-06-30,Non-Control/Non-Affiliate Investments,"Galileo Parent, Inc.",Aerospace & Defense,First Lien Revolver,12.59,"1,892","1,816","1,892",(5)(8)(9),SOFR+,7.25,,5/3/2029,
oscf-20240630,2024-06-30,Non-Control/Non-Affiliate Investments,Gallatin CLO X 2023-1,Multi-Sector Holdings,CLO Notes,10.74,"5,000","4,913","5,121",(5)(10),SOFR+,5.41,,10/14/2035,
oscf-20240630,2024-06-30,Non-Control/Non-Affiliate Investments,GoldenTree Loan Management EUR CLO 2 DAC,Multi-Sector Holdings,CLO Notes,6.75,"1,000",887,"1,064",(5)(10),E+,2.85,,1/20/2032,
oscf-20240630,2024-06-30,Non-Control/Non-Affiliate Investments,"Greenway Health, LLC",Health Care Technology,First Lien Term Loan,12.01,"24,938","24,265","24,838",(5)(8),SOFR+,6.75,,4/1/2029,
oscf-20240630,2024-06-30,Non-Control/Non-Affiliate Investments,"Grove Hotel Parcel Owner, LLC","Hotels, Resorts & Cruise Lines",First Lien Term Loan,,—,-42,-71,(5)(8)(9),SOFR+,8,,6/21/2027,
oscf-20240630,2024-06-30,Non-Control/Non-Affiliate Investments,"Grove Hotel Parcel Owner, LLC","Hotels, Resorts & Cruise Lines",First Lien Term Loan,13.44,"17,374","17,168","17,027",(5)(8),SOFR+,8,,6/21/2027,
oscf-20240630,2024-06-30,Non-Control/Non-Affiliate Investments,"Grove Hotel Parcel Owner, LLC","Hotels, Resorts & Cruise Lines",First Lien Revolver,,—,-21,-35,(5)(8)(9),SOFR+,8,,6/21/2027,
oscf-20240630,2024-06-30,Non-Control/Non-Affiliate Investments,Harbor Purchaser Inc.,Education Services,First Lien Term Loan,10.7,"6,185","5,976","5,902",-5,SOFR+,5.25,,4/9/2029,
oscf-20240630,2024-06-30,Non-Control/Non-Affiliate Investments,"Harrow, Inc.",Pharmaceuticals,First Lien Term Loan,,—,-69,0,(5)(8)(9)(10),SOFR+,6.5,,1/19/2026,
oscf-20240630,2024-06-30,Non-Control/Non-Affiliate Investments,"Harrow, Inc.",Pharmaceuticals,First Lien Term Loan,11.98,"1,792","1,764","1,792",(5)(8)(10),SOFR+,6.5,,1/19/2026,
oscf-20240630,2024-06-30,Non-Control/Non-Affiliate Investments,"Harrow, Inc.",Pharmaceuticals,First Lien Term Loan,11.98,"9,319","9,191","9,319",(5)(8)(10),SOFR+,6.5,,1/19/2026,
oscf-20240630,2024-06-30,Non-Control/Non-Affiliate Investments,Horizon Aircraft Finance I Ltd.,Specialized Finance,CLO Notes,4.46,"10,459","8,875","9,545",-10,,,,12/15/2038,
oscf-20240630,2024-06-30,Non-Control/Non-Affiliate Investments,Horizon Aircraft Finance II Ltd.,Specialized Finance,CLO Notes,3.72,"1,840","1,584","1,684",-10,,,,7/15/2039,
oscf-20240630,2024-06-30,Non-Control/Non-Affiliate Investments,HPS Loan Management 10-2016,Multi-Sector Holdings,CLO Notes,12,"2,250","2,135","2,238",(5)(10),SOFR+,6.67,,4/20/2034,
oscf-20240630,2024-06-30,Non-Control/Non-Affiliate Investments,"HUB Pen Company, LLC",Other Specialty Retail,First Lien Term Loan,11.93,"27,130","26,572","26,858",(5)(8),SOFR+,6.5,,12/31/2027,
oscf-20240630,2024-06-30,Non-Control/Non-Affiliate Investments,"HUB Pen Company, LLC",Other Specialty Retail,First Lien Revolver,6.5,108,40,75,(8)(9),,,,12/31/2027,
oscf-20240630,2024-06-30,Non-Control/Non-Affiliate Investments,Husky Injection Molding Systems Ltd.,Industrial Machinery & Supplies & Components,Fixed Rate Bond,9,"6,142","6,142","6,368",-10,,,,2/15/2029,
oscf-20240630,2024-06-30,Non-Control/Non-Affiliate Investments,Husky Injection Molding Systems Ltd.,Industrial Machinery & Supplies & Components,First Lien Term Loan,10.33,"22,030","21,718","22,108",(5)(10),SOFR+,5,,2/15/2029,
oscf-20240630,2024-06-30,Non-Control/Non-Affiliate Investments,IAMGOLD Corporation,Gold,Second Lien Term Loan,13.57,"28,394","27,734","28,266",(5)(8)(10),SOFR+,8.25,,5/16/2028,
oscf-20240630,2024-06-30,Non-Control/Non-Affiliate Investments,"Icefall Parent, Inc.",Application Software,First Lien Term Loan,11.83,"27,948","27,429","27,468",(5)(8),SOFR+,6.5,,1/25/2030,
oscf-20240630,2024-06-30,Non-Control/Non-Affiliate Investments,"Icefall Parent, Inc.",Application Software,First Lien Revolver,,—,-49,-46,(5)(8)(9),SOFR+,6.5,,1/25/2030,
oscf-20240630,2024-06-30,Non-Control/Non-Affiliate Investments,"iCIMs, Inc.",Application Software,First Lien Term Loan,,—,0,0,(5)(8)(9),SOFR+,7.25,,8/18/2028,
oscf-20240630,2024-06-30,Non-Control/Non-Affiliate Investments,"iCIMs, Inc.",Application Software,First Lien Term Loan,12.58,"16,086","15,914","15,555",(5)(8),SOFR+,7.25,,8/18/2028,
oscf-20240630,2024-06-30,Non-Control/Non-Affiliate Investments,"iCIMs, Inc.",Application Software,First Lien Term Loan,12.58,"2,325","2,296","2,288",(5)(8),SOFR+,7.25,,8/18/2028,
oscf-20240630,2024-06-30,Non-Control/Non-Affiliate Investments,"iCIMs, Inc.",Application Software,First Lien Revolver,12.08,201,127,98,(5)(8)(9),SOFR+,6.75,,8/18/2028,
oscf-20240630,2024-06-30,Non-Control/Non-Affiliate Investments,Impel Pharmaceuticals Inc.,Health Care Technology,First Lien Term Loan,,666,648,444,(5)(8)(12),SOFR+,10.75,,3/17/2027,
oscf-20240630,2024-06-30,Non-Control/Non-Affiliate Investments,Impel Pharmaceuticals Inc.,Health Care Technology,First Lien Term Loan,,299,295,199,(5)(8)(12),SOFR+,10.75,,3/17/2027,
oscf-20240630,2024-06-30,Non-Control/Non-Affiliate Investments,Impel Pharmaceuticals Inc.,Health Care Technology,First Lien Term Loan,,251,235,167,(5)(8)(12),SOFR+,10.75,,3/17/2027,
oscf-20240630,2024-06-30,Non-Control/Non-Affiliate Investments,Impel Pharmaceuticals Inc.,Health Care Technology,First Lien Term Loan,,"9,224","8,808","2,785",(5)(8)(12),SOFR+,10.75,,3/17/2027,
oscf-20240630,2024-06-30,Non-Control/Non-Affiliate Investments,Impel Pharmaceuticals Inc.,Health Care Technology,Warrants,,,0,0,,,,,,"127,376"
oscf-20240630,2024-06-30,Non-Control/Non-Affiliate Investments,Innocoll Pharmaceuticals Limited,Health Care Technology,Warrants,,,85,0,(8)(10),,,,,"57,693"
oscf-20240630,2024-06-30,Non-Control/Non-Affiliate Investments,"Inventus Power, Inc.",Electrical Components & Equipment,First Lien Term Loan,12.96,"43,379","42,948","42,399",(5)(8),SOFR+,7.5,,6/30/2025,
oscf-20240630,2024-06-30,Non-Control/Non-Affiliate Investments,"Inventus Power, Inc.",Electrical Components & Equipment,First Lien Revolver,,—,-74,-112,(5)(8)(9),SOFR+,7.5,,6/30/2025,
oscf-20240630,2024-06-30,Non-Control/Non-Affiliate Investments,IW Buyer LLC,Electrical Components & Equipment,First Lien Term Loan,12.19,"30,986","30,213","30,676",(5)(8),SOFR+,6.75,,6/28/2029,
oscf-20240630,2024-06-30,Non-Control/Non-Affiliate Investments,IW Buyer LLC,Electrical Components & Equipment,First Lien Revolver,,—,-160,-64,(5)(8)(9),SOFR+,6.75,,6/28/2029,
oscf-20240630,2024-06-30,Non-Control/Non-Affiliate Investments,Janus Bidco Limited,Application Software,First Lien Term Loan,,—,-196,-198,(5)(8)(9)(10),SONIA+,6,,4/25/2031,
oscf-20240630,2024-06-30,Non-Control/Non-Affiliate Investments,Janus Bidco Limited,Application Software,First Lien Term Loan,11.2,"2,439","2,975","3,010",(5)(8)(10),SONIA+,6,,4/25/2031,
oscf-20240630,2024-06-30,Non-Control/Non-Affiliate Investments,Janus Bidco Limited,Application Software,First Lien Term Loan,11.35,"54,214","52,887","52,929",(5)(8)(10),SOFR+,6,,4/25/2031,
oscf-20240630,2024-06-30,Non-Control/Non-Affiliate Investments,KDC/ONE Development Corp Inc,Personal Care Products,First Lien Term Loan,9.84,"15,218","14,926","15,278",(5)(10),SOFR+,4.5,,8/15/2028,
oscf-20240630,2024-06-30,Non-Control/Non-Affiliate Investments,"Kings Buyer, LLC",Environmental & Facilities Services,First Lien Term Loan,11.9,"58,697","57,981","57,963",(5)(8),SOFR+,6.5,,10/29/2027,
oscf-20240630,2024-06-30,Non-Control/Non-Affiliate Investments,"Kings Buyer, LLC",Environmental & Facilities Services,First Lien Term Loan,12.5,"4,778","4,731","4,719",(5)(8),SOFR+,6.5,,10/29/2027,
oscf-20240630,2024-06-30,Non-Control/Non-Affiliate Investments,"Kings Buyer, LLC",Environmental & Facilities Services,First Lien Revolver,12.5,"1,221","1,161","1,160",(5)(8)(9),PRIME+,4,,10/29/2027,
oscf-20240630,2024-06-30,Non-Control/Non-Affiliate Investments,"Kings Buyer, LLC",Environmental & Facilities Services,First Lien Revolver,12.5,166,160,141,(5)(8)(9),PRIME+,4,,10/29/2027,
oscf-20240630,2024-06-30,Non-Control/Non-Affiliate Investments,"LABL, Inc.",Office Services & Supplies,First Lien Term Loan,10.44,"32,406","31,738","32,051",-5,SOFR+,5,,10/29/2028,
oscf-20240630,2024-06-30,Non-Control/Non-Affiliate Investments,Latam Airlines Group S.A.,Passenger Airlines,First Lien Term Loan,14.95,"11,941","11,262","12,261",(5)(10),SOFR+,9.5,,10/12/2027,
oscf-20240630,2024-06-30,Non-Control/Non-Affiliate Investments,"Learfield Communications, LLC",Movies & Entertainment,First Lien Term Loan,10.84,"40,103","39,940","40,416",-5,SOFR+,5.5,,6/30/2028,
oscf-20240630,2024-06-30,Non-Control/Non-Affiliate Investments,"LSL Holdco, LLC",Health Care Distributors,First Lien Term Loan,11.44,"1,040",989,975,(5)(8),SOFR+,6,,1/31/2028,
oscf-20240630,2024-06-30,Non-Control/Non-Affiliate Investments,"LSL Holdco, LLC",Health Care Distributors,First Lien Term Loan,11.44,"8,929","8,822","8,371",(5)(8),SOFR+,6,,1/31/2028,
oscf-20240630,2024-06-30,Non-Control/Non-Affiliate Investments,"LSL Holdco, LLC",Health Care Distributors,First Lien Revolver,11.44,812,800,748,(5)(8)(9),SOFR+,6,,1/31/2028,
oscf-20240630,2024-06-30,Non-Control/Non-Affiliate Investments,Madison Park Euro Funding XIV,Multi-Sector Holdings,CLO Notes,7.51,"6,450","6,774","6,884",(5)(10),E+,3.6,,7/15/2032,
oscf-20240630,2024-06-30,Non-Control/Non-Affiliate Investments,Madison Park Funding LXIII,Multi-Sector Holdings,CLO Notes,10.82,"5,000","5,000","5,128",(5)(10),SOFR+,5.5,,4/21/2035,
oscf-20240630,2024-06-30,Non-Control/Non-Affiliate Investments,Mauser Packaging Solutions Holding Co,"Metal, Glass & Plastic Containers",Fixed Rate Bond,7.88,"12,500","12,348","12,766",,,,,4/15/2027,
oscf-20240630,2024-06-30,Non-Control/Non-Affiliate Investments,Mauser Packaging Solutions Holding Co,"Metal, Glass & Plastic Containers",First Lien Term Loan,8.83,"10,860","10,782","10,886",-5,SOFR+,3.5,,4/15/2027,
oscf-20240630,2024-06-30,Non-Control/Non-Affiliate Investments,"Mesoblast, Inc.",Biotechnology,First Lien Term Loan,9.75,"1,956","1,869","1,863",(8)(10),,,,11/19/2026,
oscf-20240630,2024-06-30,Non-Control/Non-Affiliate Investments,"Mesoblast, Inc.",Biotechnology,Warrants,,,0,64,(8)(10),,,,,"17,058"
oscf-20240630,2024-06-30,Non-Control/Non-Affiliate Investments,"Mesoblast, Inc.",Biotechnology,Warrants,,,152,176,(8)(10),,,,,"66,347"
oscf-20240630,2024-06-30,Non-Control/Non-Affiliate Investments,"MHE Intermediate Holdings, LLC",Diversified Support Services,First Lien Term Loan,11.48,"5,246","5,141","5,189",(5)(8),SOFR+,6,,7/21/2027,
oscf-20240630,2024-06-30,Non-Control/Non-Affiliate Investments,"MHE Intermediate Holdings, LLC",Diversified Support Services,First Lien Term Loan,11.73,"1,571","1,541","1,564",(5)(8),SOFR+,6.25,,7/21/2027,
oscf-20240630,2024-06-30,Non-Control/Non-Affiliate Investments,Microf Funding V LLC,Consumer Finance,First Lien Term Loan,11.91,"12,036","11,869","11,750",(5)(8)(9)(10),SOFR+,6.58,,6/3/2027,
oscf-20240630,2024-06-30,Non-Control/Non-Affiliate Investments,"Minotaur Acquisition, Inc.",Financial Exchanges & Data,First Lien Term Loan,,—,-67,-68,(5)(8)(9)(10),SOFR+,5,,5/10/2026,
oscf-20240630,2024-06-30,Non-Control/Non-Affiliate Investments,"Minotaur Acquisition, Inc.",Financial Exchanges & Data,First Lien Term Loan,,—,-67,-68,(5)(8)(9)(10),SOFR+,5,,5/10/2026,
oscf-20240630,2024-06-30,Non-Control/Non-Affiliate Investments,"Minotaur Acquisition, Inc.",Financial Exchanges & Data,First Lien Term Loan,10.35,"41,754","40,930","40,940",(5)(8)(10),SOFR+,5,,5/13/2030,
oscf-20240630,2024-06-30,Non-Control/Non-Affiliate Investments,"Minotaur Acquisition, Inc.",Financial Exchanges & Data,First Lien Revolver,,—,-82,-81,(5)(8)(9)(10),SOFR+,5,,5/13/2030,
oscf-20240630,2024-06-30,Non-Control/Non-Affiliate Investments,Mitchell International Inc,Application Software,Second Lien Term Loan,10.59,"8,310","8,268","8,305",-5,SOFR+,5.25,,6/17/2032,
oscf-20240630,2024-06-30,Non-Control/Non-Affiliate Investments,Mitchell International Inc,Application Software,First Lien Term Loan,8.59,"17,100","17,015","16,976",-5,SOFR+,3.25,,6/17/2031,
oscf-20240630,2024-06-30,Non-Control/Non-Affiliate Investments,Modena Buyer LLC,Application Software,First Lien Term Loan,9.85,"46,623","45,691","45,567",-5,SOFR+,4.5,,7/1/2031,
oscf-20240630,2024-06-30,Non-Control/Non-Affiliate Investments,Monotype Imaging Holdings Inc.,Application Software,First Lien Term Loan,,—,-45,-41,(5)(8)(9),SOFR+,5.5,,2/28/2031,
oscf-20240630,2024-06-30,Non-Control/Non-Affiliate Investments,Monotype Imaging Holdings Inc.,Application Software,First Lien Term Loan,10.85,"72,289","71,205","71,306",(5)(8),SOFR+,5.5,,2/28/2031,
oscf-20240630,2024-06-30,Non-Control/Non-Affiliate Investments,Monotype Imaging Holdings Inc.,Application Software,First Lien Revolver,,—,-128,-123,(5)(8)(9),SOFR+,5.5,,2/28/2030,
oscf-20240630,2024-06-30,Non-Control/Non-Affiliate Investments,MRI Software LLC,Application Software,First Lien Term Loan,11.08,"4,205","4,047","4,205",(5)(8)(9),SOFR+,5.75,,2/10/2027,
oscf-20240630,2024-06-30,Non-Control/Non-Affiliate Investments,MRI Software LLC,Application Software,First Lien Term Loan,10.93,"7,148","7,142","7,108",(5)(8),SOFR+,5.5,,2/10/2027,
oscf-20240630,2024-06-30,Non-Control/Non-Affiliate Investments,MRI Software LLC,Application Software,First Lien Term Loan,10.93,"4,561","4,448","4,536",(5)(8),SOFR+,5.5,,2/10/2027,
oscf-20240630,2024-06-30,Non-Control/Non-Affiliate Investments,MRI Software LLC,Application Software,First Lien Revolver,,—,0,-13,(5)(8)(9),SOFR+,5.5,,2/10/2027,
oscf-20240630,2024-06-30,Non-Control/Non-Affiliate Investments,"Neptune Platform Buyer, LLC",Aerospace & Defense,First Lien Term Loan,,—,0,0,(5)(8)(9),SOFR+,5.25,,1/19/2031,
oscf-20240630,2024-06-30,Non-Control/Non-Affiliate Investments,"Neptune Platform Buyer, LLC",Aerospace & Defense,First Lien Term Loan,10.58,"30,900","30,437","30,653",(5)(8),SOFR+,5.25,,1/19/2031,
oscf-20240630,2024-06-30,Non-Control/Non-Affiliate Investments,"Next Holdco, LLC",Health Care Technology,First Lien Term Loan,,—,-90,-90,(5)(8)(9),SOFR+,6,,11/12/2030,
oscf-20240630,2024-06-30,Non-Control/Non-Affiliate Investments,"Next Holdco, LLC",Health Care Technology,First Lien Revolver,,—,-67,0,(5)(8)(9),SOFR+,6,,11/9/2029,
oscf-20240630,2024-06-30,Non-Control/Non-Affiliate Investments,"Next Holdco, LLC",Health Care Technology,First Lien Term Loan,11.32,"46,507","45,810","46,507",(5)(8),SOFR+,6,,11/12/2030,
oscf-20240630,2024-06-30,Non-Control/Non-Affiliate Investments,"NFM & J, L.P.",Diversified Support Services,First Lien Term Loan,11.19,411,287,163,(5)(8)(9),SOFR+,5.75,,11/10/2029,
oscf-20240630,2024-06-30,Non-Control/Non-Affiliate Investments,"NFM & J, L.P.",Diversified Support Services,First Lien Term Loan,11.17,"22,196","21,752","21,752",(5)(8),SOFR+,5.75,,11/10/2029,
oscf-20240630,2024-06-30,Non-Control/Non-Affiliate Investments,"NFM & J, L.P.",Diversified Support Services,First Lien Revolver,13.25,536,149,149,(5)(8)(9),PRIME+,4.75,,11/10/2029,
oscf-20240630,2024-06-30,Non-Control/Non-Affiliate Investments,"North Star Acquisitionco, LLC",Education Services,First Lien Term Loan,9.73,"69,331","6,229","6,481",(5)(8),NIBOR+,5,,5/3/2029,
oscf-20240630,2024-06-30,Non-Control/Non-Affiliate Investments,"North Star Acquisitionco, LLC",Education Services,First Lien Term Loan,10.2,"3,163","3,941","3,980",(5)(8),SONIA+,5,,5/3/2029,
oscf-20240630,2024-06-30,Non-Control/Non-Affiliate Investments,"North Star Acquisitionco, LLC",Education Services,First Lien Term Loan,,—,-16,-15,(5)(8)(9),SOFR+,5,,5/3/2029,
oscf-20240630,2024-06-30,Non-Control/Non-Affiliate Investments,"North Star Acquisitionco, LLC",Education Services,First Lien Term Loan,11.07,"3,338","3,284","3,323",(5)(8),SOFR+,5.75,,5/3/2029,
oscf-20240630,2024-06-30,Non-Control/Non-Affiliate Investments,"North Star Acquisitionco, LLC",Education Services,First Lien Term Loan,11.05,"36,441","35,854","36,270",(5)(8),SOFR+,5.75,,5/3/2029,
oscf-20240630,2024-06-30,Non-Control/Non-Affiliate Investments,"North Star Acquisitionco, LLC",Education Services,First Lien Term Loan,10.32,"28,057","27,916","27,925",(5)(8),SOFR+,5,,5/3/2029,
oscf-20240630,2024-06-30,Non-Control/Non-Affiliate Investments,"North Star Acquisitionco, LLC",Education Services,First Lien Revolver,10.34,"3,049","3,155","3,203",(5)(8)(9),SOFR+,5,,5/3/2029,
oscf-20240630,2024-06-30,Non-Control/Non-Affiliate Investments,"North Star Acquisitionco, LLC",Education Services,First Lien Revolver,,—,-31,-29,(5)(8)(9),SOFR+,5,,5/3/2029,
oscf-20240630,2024-06-30,Non-Control/Non-Affiliate Investments,Northwoods Capital 25 Ltd,Multi-Sector Holdings,CLO Notes,12.73,700,682,701,(5)(10),SOFR+,7.4,,7/20/2034,
oscf-20240630,2024-06-30,Non-Control/Non-Affiliate Investments,Northwoods Capital XV,Multi-Sector Holdings,CLO Notes,9.36,"4,000","3,920","4,012",(5)(10),SOFR+,4.01,,6/20/2034,
oscf-20240630,2024-06-30,Non-Control/Non-Affiliate Investments,Ocean Trails CLO VIII,Multi-Sector Holdings,CLO Notes,9.34,"5,000","4,669","5,010",(5)(10),SOFR+,4.01,,7/15/2034,
oscf-20240630,2024-06-30,Non-Control/Non-Affiliate Investments,Ocean Trails CLO XIV,Multi-Sector Holdings,CLO Notes,11.14,"1,000","1,000","1,019",(5)(10),SOFR+,5.82,,1/20/2035,
oscf-20240630,2024-06-30,Non-Control/Non-Affiliate Investments,Octagon 66,Multi-Sector Holdings,CLO Notes,10.42,"3,000","2,971","3,103",(5)(10),SOFR+,5.09,,11/16/2036,
oscf-20240630,2024-06-30,Non-Control/Non-Affiliate Investments,OFSI BSL XIII CLO,Multi-Sector Holdings,CLO Notes,9.82,"5,000","5,000","5,012",(5)(10),SOFR+,4.5,,4/20/2037,
oscf-20240630,2024-06-30,Non-Control/Non-Affiliate Investments,OFSI Fund Ltd,Multi-Sector Holdings,CLO Notes,12.81,"1,105","1,048","1,072",(5)(10),SOFR+,7.48,,4/20/2034,
oscf-20240630,2024-06-30,Non-Control/Non-Affiliate Investments,"OneOncology, LLC",Health Care Services,First Lien Term Loan,,—,-86,-82,(5)(8)(9),SOFR+,5,,6/10/2030,
oscf-20240630,2024-06-30,Non-Control/Non-Affiliate Investments,"OneOncology, LLC",Health Care Services,First Lien Term Loan,11.58,"8,582","8,367","8,582",(5)(8),SOFR+,6.25,,6/10/2030,
oscf-20240630,2024-06-30,Non-Control/Non-Affiliate Investments,"OneOncology, LLC",Health Care Services,First Lien Term Loan,11.58,"22,713","22,232","22,713",(5)(8),SOFR+,6.25,,6/10/2030,
oscf-20240630,2024-06-30,Non-Control/Non-Affiliate Investments,"OneOncology, LLC",Health Care Services,First Lien Revolver,,—,-94,0,(5)(8)(9),SOFR+,6.25,,6/11/2029,
oscf-20240630,2024-06-30,Non-Control/Non-Affiliate Investments,"Oranje Holdco, Inc.",Systems Software,First Lien Term Loan,12.59,"16,868","16,544","16,530",(5)(8),SOFR+,7.25,,2/1/2029,
oscf-20240630,2024-06-30,Non-Control/Non-Affiliate Investments,"Oranje Holdco, Inc.",Systems Software,First Lien Term Loan,12.83,"15,746","15,445","15,707",(5)(8),SOFR+,7.5,,2/1/2029,
oscf-20240630,2024-06-30,Non-Control/Non-Affiliate Investments,"Oranje Holdco, Inc.",Systems Software,First Lien Revolver,,—,-38,-5,(5)(8)(9),SOFR+,7.5,,2/1/2029,
oscf-20240630,2024-06-30,Non-Control/Non-Affiliate Investments,OZLM XXIII Ltd,Multi-Sector Holdings,CLO Notes,12.87,"1,000",967,990,(5)(10),SOFR+,7.28,,4/15/2034,
oscf-20240630,2024-06-30,Non-Control/Non-Affiliate Investments,Peraton Corp.,Aerospace & Defense,First Lien Term Loan,9.19,"18,716","18,621","18,740",-5,SOFR+,3.75,,2/1/2028,
oscf-20240630,2024-06-30,Non-Control/Non-Affiliate Investments,PetSmart LLC,Other Specialty Retail,First Lien Term Loan,9.19,"27,762","27,420","27,715",-5,SOFR+,3.75,,2/11/2028,
oscf-20240630,2024-06-30,Non-Control/Non-Affiliate Investments,"PetVet Care Centers, LLC",Health Care Services,First Lien Term Loan,11.34,"73,279","71,945","71,682",(5)(8),SOFR+,6,,11/15/2030,
oscf-20240630,2024-06-30,Non-Control/Non-Affiliate Investments,"PetVet Care Centers, LLC",Health Care Services,First Lien Term Loan,,—,-96,-96,(5)(8)(9),SOFR+,6,,11/15/2030,
oscf-20240630,2024-06-30,Non-Control/Non-Affiliate Investments,"PetVet Care Centers, LLC",Health Care Services,First Lien Revolver,,—,-172,-209,(5)(8)(9),SOFR+,6,,11/15/2029,
oscf-20240630,2024-06-30,Non-Control/Non-Affiliate Investments,"PetVet Care Centers, LLC",Health Care Services,Preferred Equity,,,"6,211","6,753",-8,,,,,"6,338"
oscf-20240630,2024-06-30,Non-Control/Non-Affiliate Investments,"Pluralsight, LLC",Application Software,First Lien Term Loan,,"26,144","23,029","12,811",(5)(8)(12),SOFR+,8,,4/6/2027,
oscf-20240630,2024-06-30,Non-Control/Non-Affiliate Investments,"Pluralsight, LLC",Application Software,First Lien Revolver,,"1,639","1,444",803,(5)(8)(12),SOFR+,8,,4/6/2027,
oscf-20240630,2024-06-30,Non-Control/Non-Affiliate Investments,"PPW Aero Buyer, Inc.",Aerospace & Defense,First Lien Term Loan,10.84,"5,384","5,055","4,807",(5)(8)(9),SOFR+,5.5,,2/15/2029,
oscf-20240630,2024-06-30,Non-Control/Non-Affiliate Investments,"PPW Aero Buyer, Inc.",Aerospace & Defense,First Lien Term Loan,11.83,"26,556","25,737","26,556",(5)(8),SOFR+,7,,2/15/2029,
oscf-20240630,2024-06-30,Non-Control/Non-Affiliate Investments,"PPW Aero Buyer, Inc.",Aerospace & Defense,First Lien Revolver,11.84,661,472,583,(5)(8)(9),SOFR+,6,,2/15/2029,
oscf-20240630,2024-06-30,Non-Control/Non-Affiliate Investments,"Profrac Holdings II, LLC",Industrial Machinery & Supplies & Components,First Lien Floating Rate Bond,12.57,"67,254","66,581","66,669",(5)(8)(10),SOFR+,7.25,,1/23/2029,
oscf-20240630,2024-06-30,Non-Control/Non-Affiliate Investments,"Project Accelerate Parent, LLC",Systems Software,First Lien Term Loan,10.54,"43,750","43,313","43,750",(5)(8),SOFR+,5.25,,2/24/2031,
oscf-20240630,2024-06-30,Non-Control/Non-Affiliate Investments,"Project Accelerate Parent, LLC",Systems Software,First Lien Revolver,,—,-63,0,(5)(8)(9),SOFR+,5.25,,2/24/2031,
oscf-20240630,2024-06-30,Non-Control/Non-Affiliate Investments,"Protein for Pets Opco, LLC",Packaged Foods & Meats,First Lien Term Loan,10.59,"63,733","62,512","62,560",(5)(8),SOFR+,5.25,,9/20/2030,
oscf-20240630,2024-06-30,Non-Control/Non-Affiliate Investments,"Protein for Pets Opco, LLC",Packaged Foods & Meats,First Lien Revolver,,—,-127,-122,(5)(8)(9),SOFR+,5.25,,9/20/2030,
oscf-20240630,2024-06-30,Non-Control/Non-Affiliate Investments,Quantum Bidco Limited,Food Distributors,First Lien Term Loan,10.98,"9,861","11,540","12,091",(5)(8)(10),SONIA+,5.5,,1/31/2028,
oscf-20240630,2024-06-30,Non-Control/Non-Affiliate Investments,Quantum Bidco Limited,Food Distributors,First Lien Term Loan,10.7,"8,377","9,996","10,059",(5)(8)(9)(10),SONIA+,5.5,,1/31/2028,
oscf-20240630,2024-06-30,Non-Control/Non-Affiliate Investments,Radar Bidco Sarl,Air Freight & Logistics,First Lien Term Loan,9.56,"15,500","15,423","15,563",(5)(10),SOFR+,4.25,,4/4/2031,
oscf-20240630,2024-06-30,Non-Control/Non-Affiliate Investments,Renaissance Holding Corp.,Education Services,First Lien Term Loan,9.6,"37,725","37,230","37,743",-5,SOFR+,4.25,,4/5/2030,
oscf-20240630,2024-06-30,Non-Control/Non-Affiliate Investments,"Resistance Acquisition, Inc.",Pharmaceuticals,First Lien Term Loan,13.08,"18,387","17,999","18,203",(5)(8),SOFR+,7.75,,9/21/2028,
oscf-20240630,2024-06-30,Non-Control/Non-Affiliate Investments,Rockford Tower CLO 2024-1,Multi-Sector Holdings,CLO Notes,12.81,"2,500","2,476","2,575",(5)(10),SOFR+,7.48,,4/20/2037,
oscf-20240630,2024-06-30,Non-Control/Non-Affiliate Investments,RR 24,Multi-Sector Holdings,CLO Notes,13.63,"2,750","2,750","2,790",(5)(10),SOFR+,8.3,,1/15/2036,
oscf-20240630,2024-06-30,Non-Control/Non-Affiliate Investments,"Salus Workers' Compensation, LLC",Diversified Financial Services,First Lien Term Loan,15.33,"15,467","15,112","14,926",(5)(8),SOFR+,10,,10/7/2026,
oscf-20240630,2024-06-30,Non-Control/Non-Affiliate Investments,"Salus Workers' Compensation, LLC",Diversified Financial Services,First Lien Revolver,,—,-44,-66,(5)(8)(9),SOFR+,10,,10/7/2026,
oscf-20240630,2024-06-30,Non-Control/Non-Affiliate Investments,"Salus Workers' Compensation, LLC",Diversified Financial Services,Warrants,,,200,170,-8,,,,,"606,357"
oscf-20240630,2024-06-30,Non-Control/Non-Affiliate Investments,Saratoga,Diversified Financial Services,Credit Linked Note,10.65,"98,000","98,000","98,000",(5)(8)(10)(15),SOFR+,5.33,,12/31/2029,
oscf-20240630,2024-06-30,Non-Control/Non-Affiliate Investments,SCIH Salt Holdings Inc.,Diversified Chemicals,First Lien Term Loan,9.44,"14,906","14,718","14,934",-5,SOFR+,4,,3/16/2027,
oscf-20240630,2024-06-30,Non-Control/Non-Affiliate Investments,SCIH Salt Holdings Inc.,Diversified Chemicals,Fixed Rate Bond,4.88,"16,450","15,003","15,321",,,,,5/1/2028,
oscf-20240630,2024-06-30,Non-Control/Non-Affiliate Investments,scPharmaceuticals Inc.,Pharmaceuticals,First Lien Term Loan,,—,0,0,(5)(8)(9),SOFR+,8.75,,10/13/2027,
oscf-20240630,2024-06-30,Non-Control/Non-Affiliate Investments,scPharmaceuticals Inc.,Pharmaceuticals,First Lien Term Loan,,—,0,0,(5)(8)(9),SOFR+,8.75,,10/13/2027,
oscf-20240630,2024-06-30,Non-Control/Non-Affiliate Investments,scPharmaceuticals Inc.,Pharmaceuticals,First Lien Term Loan,11.75,"7,654","7,384","7,424",(5)(8),SOFR+,8.75,,10/13/2027,
oscf-20240630,2024-06-30,Non-Control/Non-Affiliate Investments,scPharmaceuticals Inc.,Pharmaceuticals,Warrants,,,258,178,-8,,,,,"79,075"
oscf-20240630,2024-06-30,Non-Control/Non-Affiliate Investments,Secure Acquisition Inc.,Paper & Plastic Packaging Products & Materials,First Lien Term Loan,10.44,"1,745","1,743","1,757",-5,SOFR+,5,,12/16/2028,
oscf-20240630,2024-06-30,Non-Control/Non-Affiliate Investments,SEI Holding I Corporation,Trading Companies & Distributors,First Lien Term Loan,11.58,"2,004","1,978","1,979",(5)(8),SOFR+,6.25,,3/27/2028,
oscf-20240630,2024-06-30,Non-Control/Non-Affiliate Investments,SEI Holding I Corporation,Trading Companies & Distributors,First Lien Term Loan,12.09,"2,487","2,438","2,487",(5)(8),SOFR+,6.75,,3/27/2028,
oscf-20240630,2024-06-30,Non-Control/Non-Affiliate Investments,SEI Holding I Corporation,Trading Companies & Distributors,First Lien Term Loan,12.09,"17,288","16,901","17,288",(5)(8),SOFR+,6.75,,3/27/2028,
oscf-20240630,2024-06-30,Non-Control/Non-Affiliate Investments,SEI Holding I Corporation,Trading Companies & Distributors,First Lien Revolver,14.25,400,367,400,(5)(8)(9),PRIME+,5.75,,3/27/2028,
oscf-20240630,2024-06-30,Non-Control/Non-Affiliate Investments,"Seres Therapeutics, Inc.",Biotechnology,First Lien Term Loan,,—,0,0,(5)(8)(9)(10),SOFR+,7.88,,4/27/2029,
oscf-20240630,2024-06-30,Non-Control/Non-Affiliate Investments,"Seres Therapeutics, Inc.",Biotechnology,First Lien Term Loan,,—,0,0,(5)(8)(9)(10),SOFR+,7.88,,4/27/2029,
oscf-20240630,2024-06-30,Non-Control/Non-Affiliate Investments,"Seres Therapeutics, Inc.",Biotechnology,First Lien Term Loan,12.88,"11,547","11,191","11,547",(5)(8)(10),SOFR+,7.88,,4/27/2029,
oscf-20240630,2024-06-30,Non-Control/Non-Affiliate Investments,"Seres Therapeutics, Inc.",Biotechnology,First Lien Term Loan,12.88,"4,330","4,196","4,330",(5)(8)(10),SOFR+,7.88,,4/27/2029,
oscf-20240630,2024-06-30,Non-Control/Non-Affiliate Investments,"Seres Therapeutics, Inc.",Biotechnology,Warrants,,,293,33,(8)(10),,,,,"93,470"
oscf-20240630,2024-06-30,Non-Control/Non-Affiliate Investments,"SM Wellness Holdings, Inc.",Health Care Services,First Lien Term Loan,10.09,"17,893","17,018","17,692",(5)(8),SOFR+,4.5,,4/17/2028,
oscf-20240630,2024-06-30,Non-Control/Non-Affiliate Investments,"Sorenson Communications, LLC",Communications Equipment,First Lien Term Loan,11.09,"91,516","89,759","89,832",(5)(8),SOFR+,5.75,,4/19/2029,
oscf-20240630,2024-06-30,Non-Control/Non-Affiliate Investments,"Sorenson Communications, LLC",Communications Equipment,First Lien Revolver,,—,-195,-187,(5)(8)(9),SOFR+,5.75,,4/19/2029,
oscf-20240630,2024-06-30,Non-Control/Non-Affiliate Investments,"Southern Veterinary Partners, LLC",Health Care Facilities,First Lien Term Loan,9.09,"25,508","25,383","25,593",-5,SOFR+,3.75,,10/5/2027,
oscf-20240630,2024-06-30,Non-Control/Non-Affiliate Investments,"SPX Flow, Inc.",Industrial Machinery & Supplies & Components,Fixed Rate Bond,8.75,766,742,787,,,,,4/1/2030,
oscf-20240630,2024-06-30,Non-Control/Non-Affiliate Investments,"SPX Flow, Inc.",Industrial Machinery & Supplies & Components,First Lien Term Loan,9.93,"10,406","10,174","10,478",-5,SOFR+,4.5,,4/5/2029,
oscf-20240630,2024-06-30,Non-Control/Non-Affiliate Investments,"Staples, Inc.",Office Services & Supplies,Fixed Rate Bond,10.75,"13,481","13,354","12,828",,,,,9/1/2029,
oscf-20240630,2024-06-30,Non-Control/Non-Affiliate Investments,"Staples, Inc.",Office Services & Supplies,First Lien Term Loan,11.08,"27,181","26,097","25,000",-5,SOFR+,5.75,,9/4/2029,
oscf-20240630,2024-06-30,Non-Control/Non-Affiliate Investments,"Star Parent, Inc.",Life Sciences Tools & Services,First Lien Term Loan,9.08,"45,910","45,100","45,928",-5,SOFR+,3.75,,9/27/2030,
oscf-20240630,2024-06-30,Non-Control/Non-Affiliate Investments,SumUp Holdings Luxembourg,Diversified Financial Services,First Lien Term Loan,10.32,"47,274","50,670","50,033",(5)(8)(9)(10),E+,6.5,,4/25/2031,
oscf-20240630,2024-06-30,Non-Control/Non-Affiliate Investments,"Superior Industries International, Inc.",Auto Parts & Equipment,First Lien Term Loan,13.34,"33,060","32,323","32,729",(5)(8),SOFR+,8,,12/16/2028,
oscf-20240630,2024-06-30,Non-Control/Non-Affiliate Investments,SupplyOne Inc.,Paper & Plastic Packaging Products & Materials,First Lien Term Loan,9.59,"16,958","16,818","17,005",-5,SOFR+,4.25,,4/19/2031,
oscf-20240630,2024-06-30,Non-Control/Non-Affiliate Investments,"Supreme Fitness Group NY Holdings, LLC",Leisure Facilities,First Lien Term Loan,12.56,696,690,662,(5)(8),SOFR+,7,,12/31/2026,
oscf-20240630,2024-06-30,Non-Control/Non-Affiliate Investments,"Supreme Fitness Group NY Holdings, LLC",Leisure Facilities,First Lien Term Loan,12.56,838,808,797,(5)(8),SOFR+,7,,12/31/2026,
oscf-20240630,2024-06-30,Non-Control/Non-Affiliate Investments,"Supreme Fitness Group NY Holdings, LLC",Leisure Facilities,First Lien Term Loan,12.56,"8,134","8,053","7,736",(5)(8),SOFR+,7,,12/31/2026,
oscf-20240630,2024-06-30,Non-Control/Non-Affiliate Investments,"Supreme Fitness Group NY Holdings, LLC",Leisure Facilities,First Lien Revolver,,—,-4,-19,(5)(8)(9),SOFR+,7,,12/31/2026,
oscf-20240630,2024-06-30,Non-Control/Non-Affiliate Investments,"Tacala, LLC",Restaurants,First Lien Term Loan,9.34,"29,925","29,850","30,090",-5,SOFR+,4,,1/31/2031,
oscf-20240630,2024-06-30,Non-Control/Non-Affiliate Investments,"Telephone and Data Systems, Inc.",Wireless Telecommunication Services,Subordinated Debt Term Loan,,—,-269,-279,(5)(8)(9)(10),SOFR+,7,,5/1/2029,
oscf-20240630,2024-06-30,Non-Control/Non-Affiliate Investments,"Telephone and Data Systems, Inc.",Wireless Telecommunication Services,Subordinated Debt Term Loan,12.32,"74,285","72,131","72,205",(5)(8)(10),SOFR+,7,,5/1/2029,
oscf-20240630,2024-06-30,Non-Control/Non-Affiliate Investments,Ten-X LLC,Interactive Media & Services,First Lien Term Loan,11.34,"24,736","23,765","23,907",(5)(8),SOFR+,6,,5/26/2028,
oscf-20240630,2024-06-30,Non-Control/Non-Affiliate Investments,THL Zinc Ventures Ltd,Diversified Metals & Mining,First Lien Term Loan,13,"39,751","39,425","39,751",(8)(10),,,,5/23/2026,
oscf-20240630,2024-06-30,Non-Control/Non-Affiliate Investments,"Touchstone Acquisition, Inc.",Health Care Supplies,First Lien Term Loan,11.43,"8,420","8,311","8,242",(5)(8),SOFR+,6,,12/29/2028,
oscf-20240630,2024-06-30,Non-Control/Non-Affiliate Investments,Transit Buyer LLC,Diversified Support Services,First Lien Term Loan,,—,-61,-98,(5)(8)(9),SOFR+,5,,1/31/2029,
oscf-20240630,2024-06-30,Non-Control/Non-Affiliate Investments,Transit Buyer LLC,Diversified Support Services,First Lien Term Loan,11.4,"1,628","1,569","1,582",(5)(8)(9),SOFR+,6.25,,1/31/2029,
oscf-20240630,2024-06-30,Non-Control/Non-Affiliate Investments,Transit Buyer LLC,Diversified Support Services,First Lien Term Loan,11.4,"8,363","8,235","8,263",(5)(8),SOFR+,6.25,,1/31/2029,
oscf-20240630,2024-06-30,Non-Control/Non-Affiliate Investments,Trident TPI Holdings Inc,"Metal, Glass & Plastic Containers",First Lien Term Loan,9.34,"12,374","12,374","12,408",-5,SOFR+,4,,9/15/2028,
oscf-20240630,2024-06-30,Non-Control/Non-Affiliate Investments,Trinitas CLO VI Ltd.,Multi-Sector Holdings,CLO Notes,12.4,905,851,860,(5)(10),SOFR+,7.08,,1/25/2034,
oscf-20240630,2024-06-30,Non-Control/Non-Affiliate Investments,Trinitas CLO XII,Multi-Sector Holdings,CLO Notes,9.59,"4,500","4,400","4,529",(5)(10),SOFR+,4.26,,4/25/2033,
oscf-20240630,2024-06-30,Non-Control/Non-Affiliate Investments,Trinitas CLO XV DAC,Multi-Sector Holdings,CLO Notes,13.04,"6,500","5,824","6,301",(5)(10),SOFR+,7.71,,4/22/2034,
oscf-20240630,2024-06-30,Non-Control/Non-Affiliate Investments,"Truck-Lite Co., LLC",Construction Machinery & Heavy Transportation Equipment,First Lien Term Loan,,—,-128,-120,(5)(8)(9),SOFR+,5.75,,2/13/2031,
oscf-20240630,2024-06-30,Non-Control/Non-Affiliate Investments,"Truck-Lite Co., LLC",Construction Machinery & Heavy Transportation Equipment,First Lien Term Loan,11.07,"62,380","61,200","61,269",(5)(8),SOFR+,5.75,,2/13/2031,
oscf-20240630,2024-06-30,Non-Control/Non-Affiliate Investments,"Truck-Lite Co., LLC",Construction Machinery & Heavy Transportation Equipment,First Lien Revolver,11.08,301,99,107,(5)(8)(9),SOFR+,5.75,,2/13/2030,
oscf-20240630,2024-06-30,Non-Control/Non-Affiliate Investments,Uniti Group LP,Cable & Satellite,Fixed Rate Bond,4.75,"1,328","1,197","1,087",-10,,,,4/15/2028,
oscf-20240630,2024-06-30,Non-Control/Non-Affiliate Investments,Uniti Group LP,Cable & Satellite,Fixed Rate Bond,6.5,990,919,632,-10,,,,2/15/2029,
oscf-20240630,2024-06-30,Non-Control/Non-Affiliate Investments,Venture 41 CLO,Multi-Sector Holdings,CLO Notes,9.46,"1,500","1,478","1,502",(5)(10),SOFR+,4.13,,1/20/2034,
oscf-20240630,2024-06-30,Non-Control/Non-Affiliate Investments,"Verona Pharma, Inc.",Pharmaceuticals,First Lien Term Loan,11,"4,956","4,860","4,862",(8)(10),,,,5/9/2029,
oscf-20240630,2024-06-30,Non-Control/Non-Affiliate Investments,"Verona Pharma, Inc.",Pharmaceuticals,First Lien Term Loan,11,"6,308","6,182","6,189",(8)(10),,,,5/9/2029,
oscf-20240630,2024-06-30,Non-Control/Non-Affiliate Investments,"Verona Pharma, Inc.",Pharmaceuticals,First Lien Term Loan,,"9,011","9,011","9,011",(8)(10)(13),,,,9/30/2024,
oscf-20240630,2024-06-30,Non-Control/Non-Affiliate Investments,"Verona Pharma, Inc.",Pharmaceuticals,First Lien Term Loan,11,—,0,0,(8)(9)(10),,,,5/9/2029,
oscf-20240630,2024-06-30,Non-Control/Non-Affiliate Investments,"Verona Pharma, Inc.",Pharmaceuticals,First Lien Term Loan,11,—,0,0,(8)(9)(10),,,,5/9/2029,
oscf-20240630,2024-06-30,Non-Control/Non-Affiliate Investments,"Verona Pharma, Inc.",Pharmaceuticals,First Lien Term Loan,,—,0,0,(8)(9)(10)(13),,,,9/30/2025,
oscf-20240630,2024-06-30,Non-Control/Non-Affiliate Investments,Violin Finco Guernsey Limited,Asset Management & Custody Banks,First Lien Term Loan,,—,-20,-20,(5)(8)(9)(10),SONIA+,5.5,,6/6/2031,
oscf-20240630,2024-06-30,Non-Control/Non-Affiliate Investments,Violin Finco Guernsey Limited,Asset Management & Custody Banks,First Lien Term Loan,10.7,"46,900","58,909","58,693",(5)(8)(10),SONIA+,5.5,,6/6/2031,
oscf-20240630,2024-06-30,Non-Control/Non-Affiliate Investments,WAVE 2019-1,Specialized Finance,CLO Notes,3.6,"4,765","3,953","4,234",-10,,,,9/15/2044,
oscf-20240630,2024-06-30,Non-Control/Non-Affiliate Investments,"Wellfleet CLO 2022-2, Ltd.",Multi-Sector Holdings,CLO Notes,13.89,"1,500","1,446","1,531",(5)(10),SOFR+,8.56,,10/18/2035,
oscf-20240630,2024-06-30,Non-Control/Non-Affiliate Investments,Wind River 2020-1 CLO,Multi-Sector Holdings,CLO Notes,12.75,"2,000","1,960","2,010",(5)(10),SOFR+,7.42,,7/20/2037,
oscf-20240630,2024-06-30,Non-Control/Non-Affiliate Investments,Wind River 2024-1 CLO,Multi-Sector Holdings,CLO Notes,9.57,"3,250","3,250","3,297",(5)(10),SOFR+,4.25,,4/20/2037,
oscf-20240630,2024-06-30,Non-Control/Non-Affiliate Investments,"WP CPP Holdings, LLC",Aerospace & Defense,First Lien Term Loan,8.72,"54,029","52,763","53,705",(5)(8),SOFR+,7.5,4.13,11/28/2029,
oscf-20240630,2024-06-30,Non-Control/Non-Affiliate Investments,"WP CPP Holdings, LLC",Aerospace & Defense,First Lien Revolver,,—,-136,-35,(5)(8)(9),SOFR+,6.75,,11/28/2029,
oscf-20240930,2024-09-30,Non-Control/Non-Affiliate Investments,107 Fair Street LLC,Real Estate Development,First Lien Term Loan,13,"1,616","1,613","1,572",(8)(9)(11),,,,11/17/2024,
oscf-20240930,2024-09-30,Non-Control/Non-Affiliate Investments,107-109 Beech OAK22 LLC,Real Estate Development,First Lien Revolver,11,"19,667","19,472","19,531",(8)(9),,,,2/27/2026,
oscf-20240930,2024-09-30,Non-Control/Non-Affiliate Investments,112-126 Van Houten Real22 LLC,Real Estate Development,First Lien Term Loan,13,"4,309","4,306","4,271",(8)(9)(11),,,,11/4/2024,
oscf-20240930,2024-09-30,Non-Control/Non-Affiliate Investments,37 Capital CLO 4,Multi-Sector Holdings,CLO Notes,10.8,"5,000","5,000","5,057",(5)(10),SOFR+,5.5,,1/15/2034,
oscf-20240930,2024-09-30,Non-Control/Non-Affiliate Investments,AB BSL CLO 4,Multi-Sector Holdings,CLO Notes,10.78,"3,800","3,800","3,882",(5)(10),SOFR+,5.5,,4/20/2036,
oscf-20240930,2024-09-30,Non-Control/Non-Affiliate Investments,"Access CIG, LLC",Diversified Support Services,First Lien Term Loan,10.25,"39,127","38,636","39,344",-5,SOFR+,5,,8/18/2028,
oscf-20240930,2024-09-30,Non-Control/Non-Affiliate Investments,"Accession Risk Management Group, Inc.",Insurance Brokers,First Lien Term Loan,,—,-127,-117,(5)(8)(9),SOFR+,4.75,,11/1/2029,
oscf-20240930,2024-09-30,Non-Control/Non-Affiliate Investments,"Accession Risk Management Group, Inc.",Insurance Brokers,First Lien Revolver,,—,-14,-13,(5)(8)(9),SOFR+,4.75,,10/30/2029,
oscf-20240930,2024-09-30,Non-Control/Non-Affiliate Investments,ACESO Holding 4 S.A.R.L.,Health Care Services,First Lien Term Loan,,—,-95,-95,(5)(8)(9)(10),E+,5.75,,9/27/2031,
oscf-20240930,2024-09-30,Non-Control/Non-Affiliate Investments,ACESO Holding 4 S.A.R.L.,Health Care Services,First Lien Term Loan,8.91,"34,034","37,287","37,224",(5)(8)(10),E+,5.75,,9/27/2031,
oscf-20240930,2024-09-30,Non-Control/Non-Affiliate Investments,ACP Falcon Buyer Inc,Systems Software,First Lien Term Loan,10.83,"34,407","33,576","34,407",(5)(8),SOFR+,5.5,,8/1/2029,
oscf-20240930,2024-09-30,Non-Control/Non-Affiliate Investments,ACP Falcon Buyer Inc,Systems Software,First Lien Revolver,,—,-129,0,(5)(8)(9),SOFR+,5.5,,8/1/2029,
oscf-20240930,2024-09-30,Non-Control/Non-Affiliate Investments,Acquia Inc.,Application Software,First Lien Term Loan,12.46,"11,166","11,033","11,166",(5)(8),SOFR+,7,,10/31/2025,
oscf-20240930,2024-09-30,Non-Control/Non-Affiliate Investments,ADC Therapeutics SA,Biotechnology,First Lien Term Loan,12.25,"10,406","10,034","10,146",(5)(8)(10),SOFR+,7.5,,8/15/2029,
oscf-20240930,2024-09-30,Non-Control/Non-Affiliate Investments,ADC Therapeutics SA,Biotechnology,Warrants,,,275,53,(8)(10),,,,,"45,727"
oscf-20240930,2024-09-30,Non-Control/Non-Affiliate Investments,AIMCO CLO 12,Multi-Sector Holdings,CLO Notes,11.39,"1,400","1,392","1,405",(5)(10),SOFR+,6.1,,1/17/2032,
oscf-20240930,2024-09-30,Non-Control/Non-Affiliate Investments,AIP RD Buyer Corp.,Distributors,Common Stock,,,428,567,-8,,,,,"4,560"
oscf-20240930,2024-09-30,Non-Control/Non-Affiliate Investments,Allegro CLO XII,Multi-Sector Holdings,CLO Notes,12.68,"4,400","4,400","4,444",(5)(10),SOFR+,7.4,,7/21/2037,
oscf-20240930,2024-09-30,Non-Control/Non-Affiliate Investments,"Alto Pharmacy Holdings, Inc.",Health Care Technology,First Lien Term Loan,8,"14,881","14,194","13,393",(5)(8),SOFR+,11.5,8.93,10/14/2027,
oscf-20240930,2024-09-30,Non-Control/Non-Affiliate Investments,"Alto Pharmacy Holdings, Inc.",Health Care Technology,Warrants,,,943,"1,177",-8,,,,,"878,545"
oscf-20240930,2024-09-30,Non-Control/Non-Affiliate Investments,"American Auto Auction Group, LLC",Diversified Support Services,First Lien Term Loan,9.75,"2,487","2,469","2,501",-5,SOFR+,5,,12/30/2027,
oscf-20240930,2024-09-30,Non-Control/Non-Affiliate Investments,"American Auto Auction Group, LLC",Diversified Support Services,Second Lien Term Loan,13.5,"6,901","6,816","6,677",(5)(8),SOFR+,8.75,,1/2/2029,
oscf-20240930,2024-09-30,Non-Control/Non-Affiliate Investments,AmSpec Parent LLC,Diversified Support Services,First Lien Term Loan,,—,-127,0,(5)(8)(9),SOFR+,5.5,,12/5/2030,
oscf-20240930,2024-09-30,Non-Control/Non-Affiliate Investments,AmSpec Parent LLC,Diversified Support Services,First Lien Term Loan,10.1,"70,072","68,527","70,072",(5)(8),SOFR+,5.5,,12/5/2030,
oscf-20240930,2024-09-30,Non-Control/Non-Affiliate Investments,AmSpec Parent LLC,Diversified Support Services,First Lien Revolver,,—,-205,0,(5)(8)(9),SOFR+,5.5,,12/5/2029,
oscf-20240930,2024-09-30,Non-Control/Non-Affiliate Investments,"Anchorage Capital CLO 16, LTD",Multi-Sector Holdings,CLO Notes,12.89,"2,000","1,948","2,002",(5)(10),SOFR+,7.61,,1/19/2035,
oscf-20240930,2024-09-30,Non-Control/Non-Affiliate Investments,"Anchorage Capital CLO 20, LTD.",Multi-Sector Holdings,CLO Notes,12.89,750,715,736,(5)(10),SOFR+,7.61,,1/20/2035,
oscf-20240930,2024-09-30,Non-Control/Non-Affiliate Investments,Arches Buyer Inc.,Interactive Media & Services,First Lien Term Loan,10.35,"93,496","92,364","93,450",(5)(8),SOFR+,5.5,,12/6/2027,
oscf-20240930,2024-09-30,Non-Control/Non-Affiliate Investments,Ardonagh Midco 3 PLC,Insurance Brokers,First Lien Term Loan,9.9,"57,299","56,439","56,496",(5)(8)(10),SOFR+,4.75,,2/17/2031,
oscf-20240930,2024-09-30,Non-Control/Non-Affiliate Investments,Ares LXVIII CLO,Multi-Sector Holdings,CLO Notes,11.03,"5,000","5,000","5,079",(5)(10),SOFR+,5.75,,4/25/2035,
oscf-20240930,2024-09-30,Non-Control/Non-Affiliate Investments,Ares XLIV CLO,Multi-Sector Holdings,CLO Notes,12.43,"3,500","3,399","3,509",(5)(10),SOFR+,7.13,,4/15/2034,
oscf-20240930,2024-09-30,Non-Control/Non-Affiliate Investments,"Artera Services, LLC",Construction & Engineering,First Lien Term Loan,9.1,"27,363","27,157","26,742",-5,SOFR+,4.5,,2/15/2031,
oscf-20240930,2024-09-30,Non-Control/Non-Affiliate Investments,"Artera Services, LLC",Construction & Engineering,Fixed Rate Bond,8.5,"12,660","12,660","12,545",,,,,2/15/2031,
oscf-20240930,2024-09-30,Non-Control/Non-Affiliate Investments,ASP-R-PAC Acquisition Co LLC,Paper & Plastic Packaging Products & Materials,First Lien Term Loan,10.66,"4,812","4,760","4,581",(5)(8)(10),SOFR+,6,,12/29/2027,
oscf-20240930,2024-09-30,Non-Control/Non-Affiliate Investments,ASP-R-PAC Acquisition Co LLC,Paper & Plastic Packaging Products & Materials,First Lien Revolver,11.29,341,334,313,(5)(8)(9)(10),SOFR+,6,,12/29/2027,
oscf-20240930,2024-09-30,Non-Control/Non-Affiliate Investments,Astra Acquisition Corp.,Application Software,First Lien Term Loan,11.35,"5,244","5,184","4,348",-5,SOFR+,6.75,,2/25/2028,
oscf-20240930,2024-09-30,Non-Control/Non-Affiliate Investments,Astra Acquisition Corp.,Application Software,First Lien Term Loan,,"8,316","6,514","2,391",(5)(8)(12),SOFR+,5.25,,10/25/2028,
oscf-20240930,2024-09-30,Non-Control/Non-Affiliate Investments,"Asurion, LLC",Property & Casualty Insurance,First Lien Term Loan,8.95,"24,599","24,298","24,235",-5,SOFR+,4,,8/19/2028,
oscf-20240930,2024-09-30,Non-Control/Non-Affiliate Investments,"Asurion, LLC",Property & Casualty Insurance,First Lien Term Loan,9.2,"45,014","44,154","44,419",-5,SOFR+,4.25,,8/19/2028,
oscf-20240930,2024-09-30,Non-Control/Non-Affiliate Investments,athenahealth Group Inc.,Health Care Technology,First Lien Term Loan,,—,0,0,-5,SOFR+,3.25,,2/15/2029,
oscf-20240930,2024-09-30,Non-Control/Non-Affiliate Investments,athenahealth Group Inc.,Health Care Technology,Fixed Rate Bond,6.5,"22,979","20,693","22,092",,,,,2/15/2030,
oscf-20240930,2024-09-30,Non-Control/Non-Affiliate Investments,athenahealth Group Inc.,Health Care Technology,Preferred Equity,,,"5,693","6,565",-8,,,,,"5,809"
oscf-20240930,2024-09-30,Non-Control/Non-Affiliate Investments,Aurelia Netherlands Midco 2 B.V.,Interactive Media & Services,First Lien Term Loan,9.55,"49,005","51,988","53,686",(5)(8)(10),E+,5.75,,5/29/2031,
oscf-20240930,2024-09-30,Non-Control/Non-Affiliate Investments,"Avalara, Inc.",Application Software,First Lien Term Loan,10.85,"19,029","18,708","19,029",(5)(8),SOFR+,6.25,,10/19/2028,
oscf-20240930,2024-09-30,Non-Control/Non-Affiliate Investments,"Avalara, Inc.",Application Software,First Lien Revolver,,—,-32,0,(5)(8)(9),SOFR+,6.25,,10/19/2028,
oscf-20240930,2024-09-30,Non-Control/Non-Affiliate Investments,Bain Capital Credit CLO 2022-3,Multi-Sector Holdings,CLO Notes,8.99,"3,500","3,375","3,506",(5)(10),SOFR+,3.7,,7/17/2035,
oscf-20240930,2024-09-30,Non-Control/Non-Affiliate Investments,"Bain Capital Credit CLO, Limited",Multi-Sector Holdings,CLO Notes,12.82,"1,750","1,733","1,765",(5)(10),SOFR+,7.54,,4/20/2034,
oscf-20240930,2024-09-30,Non-Control/Non-Affiliate Investments,Bain Capital Euro CLO 2021-2,Multi-Sector Holdings,CLO Notes,7.06,"1,210","1,250","1,343",(5)(10),E+,3.4,,7/17/2034,
oscf-20240930,2024-09-30,Non-Control/Non-Affiliate Investments,Ballyrock CLO 19,Multi-Sector Holdings,CLO Notes,12.39,"2,220","2,223","2,196",(5)(10),SOFR+,7.11,,4/20/2035,
oscf-20240930,2024-09-30,Non-Control/Non-Affiliate Investments,Bamboo US Bidco LLC,Health Care Equipment,First Lien Term Loan,8.63,"1,884","1,798","1,826",(5)(8)(9),SOFR+,6.75,3.38,9/30/2030,
oscf-20240930,2024-09-30,Non-Control/Non-Affiliate Investments,Bamboo US Bidco LLC,Health Care Equipment,First Lien Term Loan,8.63,"25,418","24,782","25,037",(5)(8),SOFR+,6.75,3.38,9/30/2030,
oscf-20240930,2024-09-30,Non-Control/Non-Affiliate Investments,Bamboo US Bidco LLC,Health Care Equipment,First Lien Term Loan,7.01,"15,815","16,337","17,385",(5)(8),E+,6.75,3.38,9/30/2030,
oscf-20240930,2024-09-30,Non-Control/Non-Affiliate Investments,Bamboo US Bidco LLC,Health Care Equipment,First Lien Revolver,,—,-130,-78,(5)(8)(9)(10),SOFR+,6.75,,10/1/2029,
oscf-20240930,2024-09-30,Non-Control/Non-Affiliate Investments,Bausch + Lomb Corporation,Health Care Supplies,First Lien Term Loan,8.27,"60,306","59,631","60,164",(5)(10),SOFR+,3.25,,5/10/2027,
oscf-20240930,2024-09-30,Non-Control/Non-Affiliate Investments,"BioXcel Therapeutics, Inc.",Pharmaceuticals,First Lien Term Loan,,—,0,0,(5)(8)(9)(10),SOFR+,7.5,,4/19/2027,
oscf-20240930,2024-09-30,Non-Control/Non-Affiliate Investments,"BioXcel Therapeutics, Inc.",Pharmaceuticals,First Lien Term Loan,,—,0,0,(5)(8)(9)(10),SOFR+,7.5,,4/19/2027,
oscf-20240930,2024-09-30,Non-Control/Non-Affiliate Investments,"BioXcel Therapeutics, Inc.",Pharmaceuticals,First Lien Term Loan,,—,0,0,(5)(8)(9)(10),SOFR+,7.5,,4/19/2027,
oscf-20240930,2024-09-30,Non-Control/Non-Affiliate Investments,"BioXcel Therapeutics, Inc.",Pharmaceuticals,First Lien Term Loan,8,"3,366","3,296","2,987",(5)(8)(10),SOFR+,7.5,4.1,4/19/2027,
oscf-20240930,2024-09-30,Non-Control/Non-Affiliate Investments,"BioXcel Therapeutics, Inc.",Pharmaceuticals,First Lien Term Loan,8,"1,396","1,395","1,239",(5)(8)(10),SOFR+,7.5,4.1,4/19/2027,
oscf-20240930,2024-09-30,Non-Control/Non-Affiliate Investments,"BioXcel Therapeutics, Inc.",Pharmaceuticals,Warrants,,,74,5,(8)(10),,,,,"15,566"
oscf-20240930,2024-09-30,Non-Control/Non-Affiliate Investments,"BioXcel Therapeutics, Inc.",Pharmaceuticals,Warrants,,,0,1,(8)(10),,,,,"4,471"
oscf-20240930,2024-09-30,Non-Control/Non-Affiliate Investments,"Biscuit Parent, LLC",Application Software,First Lien Term Loan,9.35,"49,875","49,127","49,576",(5)(8),SOFR+,4.75,,2/27/2031,
oscf-20240930,2024-09-30,Non-Control/Non-Affiliate Investments,"Biscuit Parent, LLC",Application Software,First Lien Revolver,,—,-225,-90,(5)(8)(9),SOFR+,4.75,,2/27/2031,
oscf-20240930,2024-09-30,Non-Control/Non-Affiliate Investments,"Blackhawk Network Holdings, Inc.",Data Processing & Outsourced Services,First Lien Term Loan,9.85,"56,900","55,825","57,220",-5,SOFR+,5,,3/12/2029,
oscf-20240930,2024-09-30,Non-Control/Non-Affiliate Investments,BMC Software Inc,Systems Software,First Lien Term Loan,9.01,"30,000","29,925","29,976",-5,SOFR+,3.75,,7/30/2031,
oscf-20240930,2024-09-30,Non-Control/Non-Affiliate Investments,Canyon CLO 2020-3,Multi-Sector Holdings,CLO Notes,12.39,"5,490","5,490","5,519",(5)(10),SOFR+,7.15,,10/15/2037,
oscf-20240930,2024-09-30,Non-Control/Non-Affiliate Investments,Carlyle Euro CLO 2021-2,Multi-Sector Holdings,CLO Notes,6.99,"1,400","1,382","1,564",(5)(10),E+,3.3,,10/15/2035,
oscf-20240930,2024-09-30,Non-Control/Non-Affiliate Investments,"CBAM 2017-2, LTD.",Multi-Sector Holdings,CLO Notes,12.65,488,457,462,(5)(10),SOFR+,7.36,,7/17/2034,
oscf-20240930,2024-09-30,Non-Control/Non-Affiliate Investments,CD&R Firefly Bidco Limited,Other Specialty Retail,First Lien Term Loan,10.45,"26,657","32,542","35,812",(5)(10),SONIA+,5.5,,6/21/2028,
oscf-20240930,2024-09-30,Non-Control/Non-Affiliate Investments,CD&R Firefly Bidco Limited,Other Specialty Retail,First Lien Term Loan,10.95,"18,365","22,921","24,655",(5)(10),SONIA+,5.75,,6/21/2028,
oscf-20240930,2024-09-30,Non-Control/Non-Affiliate Investments,"Centralsquare Technologies, LLC",Application Software,First Lien Term Loan,8.1,"30,173","29,489","29,854",(5)(8),SOFR+,6.5,3.5,4/12/2030,
oscf-20240930,2024-09-30,Non-Control/Non-Affiliate Investments,"Centralsquare Technologies, LLC",Application Software,First Lien Revolver,,—,-78,-36,(5)(8)(9),SOFR+,6,,4/12/2030,
oscf-20240930,2024-09-30,Non-Control/Non-Affiliate Investments,CIFC European Funding VI,Multi-Sector Holdings,CLO Notes,9.38,"2,500","2,726","2,740",(5)(10),E+,5.96,,10/15/2037,
oscf-20240930,2024-09-30,Non-Control/Non-Affiliate Investments,"Clear Channel Outdoor Holdings, Inc.",Advertising,First Lien Term Loan,8.96,"14,000","13,983","13,988",(5)(10),SOFR+,4,,8/21/2028,
oscf-20240930,2024-09-30,Non-Control/Non-Affiliate Investments,"Cloud Software Group, Inc.",Application Software,First Lien Term Loan,9.1,"20,000","19,850","20,078",-5,SOFR+,4.5,,3/21/2031,
oscf-20240930,2024-09-30,Non-Control/Non-Affiliate Investments,"Cloud Software Group, Inc.",Application Software,First Lien Term Loan,8.6,"28,488","27,176","28,405",-5,SOFR+,4,,3/30/2029,
oscf-20240930,2024-09-30,Non-Control/Non-Affiliate Investments,"Cloud Software Group, Inc.",Application Software,Fixed Rate Bond,6.5,"8,874","8,141","8,837",,,,,3/31/2029,
oscf-20240930,2024-09-30,Non-Control/Non-Affiliate Investments,Colony Holding Corporation,Distributors,First Lien Term Loan,11.66,"3,900","3,859","3,850",(5)(8),SOFR+,6.6,,5/13/2026,
oscf-20240930,2024-09-30,Non-Control/Non-Affiliate Investments,Colony Holding Corporation,Distributors,First Lien Term Loan,11.85,"11,995","11,817","11,841",(5)(8),SOFR+,6.6,,5/13/2026,
oscf-20240930,2024-09-30,Non-Control/Non-Affiliate Investments,Condor Merger Sub Inc.,Systems Software,Fixed Rate Bond,7.38,"32,277","30,055","31,513",,,,,2/15/2030,
oscf-20240930,2024-09-30,Non-Control/Non-Affiliate Investments,"CoreRx, Inc.",Pharmaceuticals,First Lien Term Loan,12.1,"18,328","17,914","17,916",(5)(8),SOFR+,7.5,,4/6/2029,
oscf-20240930,2024-09-30,Non-Control/Non-Affiliate Investments,"Coupa Holdings, LLC",Application Software,First Lien Term Loan,10.75,"13,430","13,170","13,430",(5)(8),SOFR+,5.5,,2/27/2030,
oscf-20240930,2024-09-30,Non-Control/Non-Affiliate Investments,"Coupa Holdings, LLC",Application Software,First Lien Term Loan,,—,-15,0,(5)(8)(9),SOFR+,5.5,,2/27/2030,
oscf-20240930,2024-09-30,Non-Control/Non-Affiliate Investments,"Coupa Holdings, LLC",Application Software,First Lien Revolver,,—,-17,0,(5)(8)(9),SOFR+,5.5,,2/27/2029,
oscf-20240930,2024-09-30,Non-Control/Non-Affiliate Investments,"Covetrus, Inc.",Health Care Distributors,First Lien Term Loan,9.6,"22,830","21,866","21,703",-5,SOFR+,5,,10/13/2029,
oscf-20240930,2024-09-30,Non-Control/Non-Affiliate Investments,"Crewline Buyer, Inc.",Systems Software,First Lien Term Loan,11.35,"43,911","42,954","43,287",(5)(8),SOFR+,6.75,,11/8/2030,
oscf-20240930,2024-09-30,Non-Control/Non-Affiliate Investments,"Crewline Buyer, Inc.",Systems Software,First Lien Revolver,,—,-100,-65,(5)(8)(9),SOFR+,6.75,,11/8/2030,
oscf-20240930,2024-09-30,Non-Control/Non-Affiliate Investments,Curium Bidco S.à.r.l.,Pharmaceuticals,First Lien Term Loan,,—,0,0,(5)(10),SOFR+,4,,7/31/2029,
oscf-20240930,2024-09-30,Non-Control/Non-Affiliate Investments,"CVAUSA Management, LLC",Health Care Services,First Lien Term Loan,11.79,"21,651","21,337","21,597",(5)(8),SOFR+,6.5,,5/22/2029,
oscf-20240930,2024-09-30,Non-Control/Non-Affiliate Investments,"CVAUSA Management, LLC",Health Care Services,First Lien Term Loan,,—,-100,-8,(5)(8)(9),SOFR+,6.5,,5/22/2029,
oscf-20240930,2024-09-30,Non-Control/Non-Affiliate Investments,"CVAUSA Management, LLC",Health Care Services,First Lien Term Loan,,—,-154,-20,(5)(8)(9),SOFR+,6.5,,5/22/2029,
oscf-20240930,2024-09-30,Non-Control/Non-Affiliate Investments,"CVAUSA Management, LLC",Health Care Services,First Lien Revolver,,—,-59,-6,(5)(8)(9),SOFR+,6.5,,5/22/2029,
oscf-20240930,2024-09-30,Non-Control/Non-Affiliate Investments,CVC Cordatus Loan Fund XXXI,Multi-Sector Holdings,CLO Notes,10.25,"5,000","5,303","5,613",(5)(10),E+,6.64,,6/15/2037,
oscf-20240930,2024-09-30,Non-Control/Non-Affiliate Investments,"Dealer Tire Financial, LLC",Distributors,Fixed Rate Bond,8,"12,920","12,719","12,873",,,,,2/1/2028,
oscf-20240930,2024-09-30,Non-Control/Non-Affiliate Investments,Delta Leasing SPV II LLC,Specialized Finance,Subordinated Debt Term Loan,8,"26,961","26,961","26,961",(8)(9)(10),,,3,8/31/2029,
oscf-20240930,2024-09-30,Non-Control/Non-Affiliate Investments,Delta Leasing SPV II LLC,Specialized Finance,Subordinated Debt Term Loan,3,"27,099","27,099","27,099",(8)(10),,,7,8/31/2029,
oscf-20240930,2024-09-30,Non-Control/Non-Affiliate Investments,Delta Leasing SPV II LLC,Specialized Finance,Preferred Equity,,,330,418,(8)(10),,,,,330
oscf-20240930,2024-09-30,Non-Control/Non-Affiliate Investments,Delta Leasing SPV II LLC,Specialized Finance,Common Stock,,,2,2,(8)(10),,,,,2
oscf-20240930,2024-09-30,Non-Control/Non-Affiliate Investments,Delta Leasing SPV II LLC,Specialized Finance,Warrants,,,0,0,(8)(10),,,,,25
oscf-20240930,2024-09-30,Non-Control/Non-Affiliate Investments,"DirecTV Financing, LLC",Cable & Satellite,First Lien Term Loan,9.96,"1,831","1,815","1,834",-5,SOFR+,5,,8/2/2027,
oscf-20240930,2024-09-30,Non-Control/Non-Affiliate Investments,"DirecTV Financing, LLC",Cable & Satellite,First Lien Term Loan,10.21,"19,540","19,085","19,271",-5,SOFR+,5.25,,8/2/2029,
oscf-20240930,2024-09-30,Non-Control/Non-Affiliate Investments,"DTI Holdco, Inc.",Research & Consulting Services,First Lien Term Loan,9.6,"37,907","36,858","38,103",-5,SOFR+,4.75,,4/26/2029,
oscf-20240930,2024-09-30,Non-Control/Non-Affiliate Investments,Dukes Root Control Inc.,Environmental & Facilities Services,First Lien Term Loan,11.93,"1,049","1,036","1,038",(5)(8),SOFR+,6.5,,12/8/2028,
oscf-20240930,2024-09-30,Non-Control/Non-Affiliate Investments,Dukes Root Control Inc.,Environmental & Facilities Services,First Lien Term Loan,11.71,"11,685","11,502","11,561",(5)(8),SOFR+,6.5,,12/8/2028,
oscf-20240930,2024-09-30,Non-Control/Non-Affiliate Investments,Dukes Root Control Inc.,Environmental & Facilities Services,First Lien Revolver,11.93,598,575,582,(5)(8)(9),SOFR+,6.5,,12/8/2028,
oscf-20240930,2024-09-30,Non-Control/Non-Affiliate Investments,Eagle Parent Corp.,Diversified Support Services,First Lien Term Loan,9.55,"5,225","5,194","4,968",-5,SOFR+,4.25,,4/2/2029,
oscf-20240930,2024-09-30,Non-Control/Non-Affiliate Investments,Engineering Research And Consulting LLC,Construction & Engineering,First Lien Term Loan,10.06,"31,980","31,450","31,780",(5)(8),SOFR+,5,,8/29/2031,
oscf-20240930,2024-09-30,Non-Control/Non-Affiliate Investments,"Entrata, Inc.",Application Software,First Lien Term Loan,10.67,"45,261","44,328","45,261",(5)(8),SOFR+,5.75,,7/10/2030,
oscf-20240930,2024-09-30,Non-Control/Non-Affiliate Investments,"Entrata, Inc.",Application Software,First Lien Revolver,,—,-98,0,(5)(8)(9),SOFR+,5.75,,7/10/2028,
oscf-20240930,2024-09-30,Non-Control/Non-Affiliate Investments,"Enverus Holdings, Inc.",Application Software,First Lien Term Loan,10.35,"53,899","53,195","53,899",(5)(8),SOFR+,5.5,,12/24/2029,
oscf-20240930,2024-09-30,Non-Control/Non-Affiliate Investments,"Enverus Holdings, Inc.",Application Software,First Lien Term Loan,,—,-35,0,(5)(8)(9),SOFR+,5.5,,12/24/2029,
oscf-20240930,2024-09-30,Non-Control/Non-Affiliate Investments,"Enverus Holdings, Inc.",Application Software,First Lien Revolver,10.35,263,209,263,(5)(8)(9),SOFR+,5.5,,12/24/2029,
oscf-20240930,2024-09-30,Non-Control/Non-Affiliate Investments,Establishment Labs Holdings Inc.,Health Care Technology,First Lien Term Loan,9,"1,832","1,815","1,832",(8)(10),,,,4/21/2027,
oscf-20240930,2024-09-30,Non-Control/Non-Affiliate Investments,Establishment Labs Holdings Inc.,Health Care Technology,First Lien Term Loan,9,—,1,0,(8)(9)(10),,,,4/21/2027,
oscf-20240930,2024-09-30,Non-Control/Non-Affiliate Investments,Establishment Labs Holdings Inc.,Health Care Technology,First Lien Term Loan,9,—,1,0,(8)(9)(10),,,,4/21/2027,
oscf-20240930,2024-09-30,Non-Control/Non-Affiliate Investments,Establishment Labs Holdings Inc.,Health Care Technology,First Lien Term Loan,9,"11,437","11,357","11,437",(8)(10),,,,4/21/2027,
oscf-20240930,2024-09-30,Non-Control/Non-Affiliate Investments,"Everbridge, Inc.",Application Software,First Lien Term Loan,10.3,"7,739","7,670","7,693",(5)(8)(9),SOFR+,5,,7/2/2031,
oscf-20240930,2024-09-30,Non-Control/Non-Affiliate Investments,"Everbridge, Inc.",Application Software,First Lien Term Loan,10.33,"78,956","78,561","78,593",(5)(8),SOFR+,5,,7/2/2031,
oscf-20240930,2024-09-30,Non-Control/Non-Affiliate Investments,"Everbridge, Inc.",Application Software,First Lien Revolver,,—,-39,-36,(5)(8)(9),SOFR+,5,,7/2/2031,
oscf-20240930,2024-09-30,Non-Control/Non-Affiliate Investments,"Evergreen IX Borrower 2023, LLC",Application Software,First Lien Term Loan,9.35,"36,034","35,262","35,727",(5)(8),SOFR+,4.75,,9/30/2030,
oscf-20240930,2024-09-30,Non-Control/Non-Affiliate Investments,"Evergreen IX Borrower 2023, LLC",Application Software,First Lien Term Loan,9.35,"9,097","9,006","9,020",(5)(8),SOFR+,4.75,,9/30/2030,
oscf-20240930,2024-09-30,Non-Control/Non-Affiliate Investments,"Evergreen IX Borrower 2023, LLC",Application Software,First Lien Revolver,,—,-83,-34,(5)(8)(9),SOFR+,4.75,,10/1/2029,
oscf-20240930,2024-09-30,Non-Control/Non-Affiliate Investments,Eyesouth Eye Care Holdco LLC,Health Care Services,First Lien Term Loan,10.8,"3,207","3,149","3,146",(5)(8),SOFR+,5.5,,10/5/2029,
oscf-20240930,2024-09-30,Non-Control/Non-Affiliate Investments,Eyesouth Eye Care Holdco LLC,Health Care Services,First Lien Term Loan,,—,-48,-92,(5)(8)(9),SOFR+,5.5,,10/5/2029,
oscf-20240930,2024-09-30,Non-Control/Non-Affiliate Investments,Eyesouth Eye Care Holdco LLC,Health Care Services,Common Stock,,,885,830,(8)(14),,,,,885
oscf-20240930,2024-09-30,Non-Control/Non-Affiliate Investments,"Fiesta Purchaser, Inc.",Packaged Foods & Meats,First Lien Term Loan,8.85,"9,975","9,875","9,994",-5,SOFR+,4,,2/12/2031,
oscf-20240930,2024-09-30,Non-Control/Non-Affiliate Investments,"Fiesta Purchaser, Inc.",Packaged Foods & Meats,Fixed Rate Bond,7.88,"7,940","7,940","8,431",,,,,3/1/2031,
oscf-20240930,2024-09-30,Non-Control/Non-Affiliate Investments,"Finastra USA, Inc.",Application Software,First Lien Term Loan,12.18,"43,513","42,795","42,908",(5)(8)(10),SOFR+,7.25,,9/13/2029,
oscf-20240930,2024-09-30,Non-Control/Non-Affiliate Investments,"Finastra USA, Inc.",Application Software,First Lien Revolver,12.18,"2,102","2,027","2,039",(5)(8)(9)(10),SOFR+,7.25,,9/13/2029,
oscf-20240930,2024-09-30,Non-Control/Non-Affiliate Investments,Fortress Credit BSL XIV,Multi-Sector Holdings,CLO Notes,12.93,"2,300","2,081","2,285",(5)(10),SOFR+,7.65,,10/23/2034,
oscf-20240930,2024-09-30,Non-Control/Non-Affiliate Investments,Fortress Credit BSL XIX,Multi-Sector Holdings,CLO Notes,13.65,"6,750","6,856","6,930",(5)(10),SOFR+,8.37,,7/24/2036,
oscf-20240930,2024-09-30,Non-Control/Non-Affiliate Investments,Fortress Credit BSL XV,Multi-Sector Holdings,CLO Notes,10.03,"5,000","5,000","4,989",(5)(10),SOFR+,4.75,,10/18/2033,
oscf-20240930,2024-09-30,Non-Control/Non-Affiliate Investments,Fortress Credit BSL XX,Multi-Sector Holdings,CLO Notes,13.79,"5,250","5,356","5,456",(5)(10),SOFR+,8.51,,1/23/2037,
oscf-20240930,2024-09-30,Non-Control/Non-Affiliate Investments,Fortress Credit BSL XXV,Multi-Sector Holdings,CLO Notes,9.62,"2,250","2,250","2,283",(5)(10),SOFR+,4.3,,7/24/2037,
oscf-20240930,2024-09-30,Non-Control/Non-Affiliate Investments,"Galileo Parent, Inc.",Aerospace & Defense,First Lien Term Loan,11.85,"20,074","19,614","20,074",(5)(8),SOFR+,7.25,,5/3/2029,
oscf-20240930,2024-09-30,Non-Control/Non-Affiliate Investments,"Galileo Parent, Inc.",Aerospace & Defense,First Lien Revolver,11.85,"2,195","2,090","2,163",(5)(8)(9),SOFR+,7.25,,5/3/2029,
oscf-20240930,2024-09-30,Non-Control/Non-Affiliate Investments,Gallatin CLO X 2023-1,Multi-Sector Holdings,CLO Notes,10.71,"5,000","4,913","5,094",(5)(10),SOFR+,5.41,,10/14/2035,
oscf-20240930,2024-09-30,Non-Control/Non-Affiliate Investments,Global Aircraft Leasing Co Ltd,Trading Companies & Distributors,Fixed Rate Bond,8.75,"60,841","60,841","61,815",-10,,,,9/1/2027,
oscf-20240930,2024-09-30,Non-Control/Non-Affiliate Investments,"Greenway Health, LLC",Health Care Technology,First Lien Term Loan,12.01,"24,875","24,239","24,875",(5)(8),SOFR+,6.75,,4/1/2029,
oscf-20240930,2024-09-30,Non-Control/Non-Affiliate Investments,"Grove Hotel Parcel Owner, LLC","Hotels, Resorts & Cruise Lines",First Lien Term Loan,12.95,"3,537","3,498","3,466",(5)(8),SOFR+,8,,6/21/2027,
oscf-20240930,2024-09-30,Non-Control/Non-Affiliate Investments,"Grove Hotel Parcel Owner, LLC","Hotels, Resorts & Cruise Lines",First Lien Term Loan,12.95,"17,330","17,142","16,984",(5)(8),SOFR+,8,,6/21/2027,
oscf-20240930,2024-09-30,Non-Control/Non-Affiliate Investments,"Grove Hotel Parcel Owner, LLC","Hotels, Resorts & Cruise Lines",First Lien Revolver,,—,-19,-35,(5)(8)(9),SOFR+,8,,6/21/2027,
oscf-20240930,2024-09-30,Non-Control/Non-Affiliate Investments,Harbor Purchaser Inc.,Education Services,First Lien Term Loan,10.2,"6,170","5,971","6,017",-5,SOFR+,5.25,,4/9/2029,
oscf-20240930,2024-09-30,Non-Control/Non-Affiliate Investments,"Harrow, Inc.",Pharmaceuticals,First Lien Term Loan,,—,-50,65,(5)(8)(9)(10),SOFR+,6.5,,1/19/2026,
oscf-20240930,2024-09-30,Non-Control/Non-Affiliate Investments,"Harrow, Inc.",Pharmaceuticals,First Lien Term Loan,11.25,"1,792","1,769","1,819",(5)(8)(10),SOFR+,6.5,,1/19/2026,
oscf-20240930,2024-09-30,Non-Control/Non-Affiliate Investments,"Harrow, Inc.",Pharmaceuticals,First Lien Term Loan,11.25,"9,319","9,211","9,459",(5)(8)(10),SOFR+,6.5,,1/19/2026,
oscf-20240930,2024-09-30,Non-Control/Non-Affiliate Investments,Henley CLO II,Multi-Sector Holdings,CLO Notes,9.4,"3,200","3,495","3,586",(5)(10),E+,5.71,,1/25/2034,
oscf-20240930,2024-09-30,Non-Control/Non-Affiliate Investments,HPS Loan Management 10-2016,Multi-Sector Holdings,CLO Notes,11.95,"2,250","2,136","2,264",(5)(10),SOFR+,6.67,,4/20/2034,
oscf-20240930,2024-09-30,Non-Control/Non-Affiliate Investments,Husky Injection Molding Systems Ltd.,Industrial Machinery & Supplies & Components,Fixed Rate Bond,9,"6,142","6,142","6,417",-10,,,,2/15/2029,
oscf-20240930,2024-09-30,Non-Control/Non-Affiliate Investments,Husky Injection Molding Systems Ltd.,Industrial Machinery & Supplies & Components,First Lien Term Loan,10.33,"33,097","32,730","32,977",(5)(10),SOFR+,5,,2/15/2029,
oscf-20240930,2024-09-30,Non-Control/Non-Affiliate Investments,IAMGOLD Corporation,Gold,Second Lien Term Loan,13.37,"28,394","27,777","29,672",(5)(8)(10),SOFR+,8.25,,5/16/2028,
oscf-20240930,2024-09-30,Non-Control/Non-Affiliate Investments,"Icefall Parent, Inc.",Application Software,First Lien Term Loan,11.35,"27,948","27,453","27,750",(5)(8),SOFR+,6.5,,1/25/2030,
oscf-20240930,2024-09-30,Non-Control/Non-Affiliate Investments,"Icefall Parent, Inc.",Application Software,First Lien Revolver,,—,-47,-19,(5)(8)(9),SOFR+,6.5,,1/25/2030,
oscf-20240930,2024-09-30,Non-Control/Non-Affiliate Investments,"iCIMs, Inc.",Application Software,First Lien Term Loan,,—,0,0,(5)(8)(9),SOFR+,6.25,,8/18/2028,
oscf-20240930,2024-09-30,Non-Control/Non-Affiliate Investments,"iCIMs, Inc.",Application Software,First Lien Term Loan,10.67,"16,302","16,140","15,793",(5)(8),SOFR+,5.75,,8/18/2028,
oscf-20240930,2024-09-30,Non-Control/Non-Affiliate Investments,"iCIMs, Inc.",Application Software,First Lien Term Loan,11.17,"2,325","2,298","2,290",(5)(8),SOFR+,6.25,,8/18/2028,
oscf-20240930,2024-09-30,Non-Control/Non-Affiliate Investments,"iCIMs, Inc.",Application Software,First Lien Revolver,10.67,490,417,388,(5)(8)(9),SOFR+,5.75,,8/18/2028,
oscf-20240930,2024-09-30,Non-Control/Non-Affiliate Investments,Innocoll Pharmaceuticals Limited,Health Care Technology,Warrants,,,85,0,(8)(10),,,,,"57,693"
oscf-20240930,2024-09-30,Non-Control/Non-Affiliate Investments,"Integrity Marketing Acquisition, LLC",Insurance Brokers,First Lien Term Loan,,—,-201,-198,(5)(8)(9),SOFR+,5,,8/28/2028,
oscf-20240930,2024-09-30,Non-Control/Non-Affiliate Investments,"Integrity Marketing Acquisition, LLC",Insurance Brokers,First Lien Term Loan,10.08,"58,184","57,616","57,602",(5)(8),SOFR+,5,,8/25/2028,
oscf-20240930,2024-09-30,Non-Control/Non-Affiliate Investments,"Integrity Marketing Acquisition, LLC",Insurance Brokers,First Lien Revolver,,—,-75,-77,(5)(8)(9),SOFR+,5,,8/28/2028,
oscf-20240930,2024-09-30,Non-Control/Non-Affiliate Investments,"Inventus Power, Inc.",Electrical Components & Equipment,First Lien Term Loan,12.46,"43,326","43,060","42,347",(5)(8),SOFR+,7.5,,6/30/2025,
oscf-20240930,2024-09-30,Non-Control/Non-Affiliate Investments,"Inventus Power, Inc.",Electrical Components & Equipment,First Lien Revolver,,—,-55,-112,(5)(8)(9),SOFR+,7.5,,6/30/2025,
oscf-20240930,2024-09-30,Non-Control/Non-Affiliate Investments,IW Buyer LLC,Electrical Components & Equipment,First Lien Term Loan,9.7,"6,118","6,057","6,061",(5)(8),SOFR+,5,,6/28/2029,
oscf-20240930,2024-09-30,Non-Control/Non-Affiliate Investments,IW Buyer LLC,Electrical Components & Equipment,First Lien Term Loan,9.7,"35,595","34,834","35,264",(5)(8),SOFR+,5,,6/28/2029,
oscf-20240930,2024-09-30,Non-Control/Non-Affiliate Investments,IW Buyer LLC,Electrical Components & Equipment,First Lien Revolver,,—,-160,-70,(5)(8)(9),SOFR+,5,,6/28/2029,
oscf-20240930,2024-09-30,Non-Control/Non-Affiliate Investments,Janus Bidco Limited,Application Software,First Lien Term Loan,,—,-197,-25,(5)(8)(9)(10),SONIA+,6,,4/25/2031,
oscf-20240930,2024-09-30,Non-Control/Non-Affiliate Investments,Janus Bidco Limited,Application Software,First Lien Term Loan,11.04,"2,439","2,998","3,226",(5)(8)(10),SONIA+,6,,4/25/2031,
oscf-20240930,2024-09-30,Non-Control/Non-Affiliate Investments,Janus Bidco Limited,Application Software,First Lien Term Loan,11.29,"54,214","52,936","53,450",(5)(8)(10),SOFR+,6,,4/25/2031,
oscf-20240930,2024-09-30,Non-Control/Non-Affiliate Investments,JN Bidco LLC,Health Care Technology,Common Stock,,—,"3,596","3,596",-8,,,,,
oscf-20240930,2024-09-30,Non-Control/Non-Affiliate Investments,"Kings Buyer, LLC",Environmental & Facilities Services,First Lien Term Loan,10.68,"4,754","4,706","4,689",(5)(8),SOFR+,5,,10/29/2027,
oscf-20240930,2024-09-30,Non-Control/Non-Affiliate Investments,"Kings Buyer, LLC",Environmental & Facilities Services,First Lien Term Loan,9.95,"58,402","57,744","57,608",(5)(8),SOFR+,5,,10/29/2027,
oscf-20240930,2024-09-30,Non-Control/Non-Affiliate Investments,"Kings Buyer, LLC",Environmental & Facilities Services,First Lien Revolver,12,266,259,257,(5)(8)(9),PRIME+,4,,10/29/2027,
oscf-20240930,2024-09-30,Non-Control/Non-Affiliate Investments,"Kings Buyer, LLC",Environmental & Facilities Services,First Lien Revolver,12.5,"1,954","1,899","1,887",(5)(8)(9),PRIME+,4,,10/29/2027,
oscf-20240930,2024-09-30,Non-Control/Non-Affiliate Investments,"LABL, Inc.",Office Services & Supplies,First Lien Term Loan,9.95,"42,297","41,568","41,427",-5,SOFR+,5,,10/29/2028,
oscf-20240930,2024-09-30,Non-Control/Non-Affiliate Investments,Latam Airlines Group S.A.,Passenger Airlines,First Lien Term Loan,14.95,"11,911","11,285","12,093",(5)(10),SOFR+,9.5,,10/12/2027,
oscf-20240930,2024-09-30,Non-Control/Non-Affiliate Investments,"Learfield Communications, LLC",Movies & Entertainment,First Lien Term Loan,10.35,"40,002","39,844","40,011",-5,SOFR+,5.5,,6/30/2028,
oscf-20240930,2024-09-30,Non-Control/Non-Affiliate Investments,"Legends Hospitality Holding Company, LLC",Specialized Consumer Services,First Lien Term Loan,,—,-32,-32,(5)(8)(9),SOFR+,5,,8/22/2031,
oscf-20240930,2024-09-30,Non-Control/Non-Affiliate Investments,"Legends Hospitality Holding Company, LLC",Specialized Consumer Services,First Lien Term Loan,10.13,"55,650","54,555","54,570",(5)(8),SOFR+,5,,8/22/2031,
oscf-20240930,2024-09-30,Non-Control/Non-Affiliate Investments,"Legends Hospitality Holding Company, LLC",Specialized Consumer Services,First Lien Revolver,,—,-128,-127,(5)(8)(9),SOFR+,5,,8/22/2030,
oscf-20240930,2024-09-30,Non-Control/Non-Affiliate Investments,"LSL Holdco, LLC",Health Care Distributors,First Lien Term Loan,10.95,"1,037",990,972,(5)(8),SOFR+,6,,1/31/2028,
oscf-20240930,2024-09-30,Non-Control/Non-Affiliate Investments,"LSL Holdco, LLC",Health Care Distributors,First Lien Term Loan,10.95,"8,906","8,807","8,349",(5)(8),SOFR+,6,,1/31/2028,
oscf-20240930,2024-09-30,Non-Control/Non-Affiliate Investments,"LSL Holdco, LLC",Health Care Distributors,First Lien Revolver,10.95,771,760,708,(5)(8)(9),SOFR+,6,,1/31/2028,
oscf-20240930,2024-09-30,Non-Control/Non-Affiliate Investments,LTI Holdings Inc,Electronic Components,First Lien Term Loan,9.6,"29,269","28,843","28,826",(5)(10),SOFR+,4.75,,7/29/2029,
oscf-20240930,2024-09-30,Non-Control/Non-Affiliate Investments,M2S Group Intermediate Holdings Inc,Multi-Sector Holdings,First Lien Term Loan,9.85,"38,493","36,207","37,050",-5,SOFR+,4.75,,8/25/2031,
oscf-20240930,2024-09-30,Non-Control/Non-Affiliate Investments,Madison Park Euro Funding XIV,Multi-Sector Holdings,CLO Notes,7.29,"6,450","6,780","7,209",(5)(10),E+,3.6,,7/15/2032,
oscf-20240930,2024-09-30,Non-Control/Non-Affiliate Investments,Madison Park Funding LXIII,Multi-Sector Holdings,CLO Notes,10.78,"5,000","5,000","5,088",(5)(10),SOFR+,5.5,,4/21/2035,
oscf-20240930,2024-09-30,Non-Control/Non-Affiliate Investments,Marble Point CLO XVII,Multi-Sector Holdings,CLO Notes,10.53,"3,000","3,000","3,003",(5)(10),SOFR+,3.65,,7/20/2037,
oscf-20240930,2024-09-30,Non-Control/Non-Affiliate Investments,Mauser Packaging Solutions Holding Co,"Metal, Glass & Plastic Containers",Fixed Rate Bond,7.88,"12,500","12,360","12,930",,,,,4/15/2027,
oscf-20240930,2024-09-30,Non-Control/Non-Affiliate Investments,"Mesoblast, Inc.",Biotechnology,First Lien Term Loan,9.75,"1,956","1,878","1,882",(8)(10),,,,11/19/2026,
oscf-20240930,2024-09-30,Non-Control/Non-Affiliate Investments,"Mesoblast, Inc.",Biotechnology,Warrants,,,0,39,(8)(10),,,,,"8,529"
oscf-20240930,2024-09-30,Non-Control/Non-Affiliate Investments,"Mesoblast, Inc.",Biotechnology,Warrants,,,152,106,(8)(10),,,,,"33,174"
oscf-20240930,2024-09-30,Non-Control/Non-Affiliate Investments,"MHE Intermediate Holdings, LLC",Diversified Support Services,First Lien Term Loan,11.4,"5,232","5,128","5,161",(5)(8),SOFR+,6,,7/21/2027,
oscf-20240930,2024-09-30,Non-Control/Non-Affiliate Investments,"MHE Intermediate Holdings, LLC",Diversified Support Services,First Lien Term Loan,11.65,"1,015",998,"1,002",(5)(8),SOFR+,6.25,,7/21/2027,
oscf-20240930,2024-09-30,Non-Control/Non-Affiliate Investments,Microf Funding V LLC,Consumer Finance,First Lien Term Loan,11.43,"14,239","14,086","13,952",(5)(8)(9)(10),SOFR+,6.58,,6/3/2027,
oscf-20240930,2024-09-30,Non-Control/Non-Affiliate Investments,"Minotaur Acquisition, Inc.",Financial Exchanges & Data,First Lien Term Loan,,—,-70,-64,(5)(8)(9)(10),SOFR+,5,,6/3/2030,
oscf-20240930,2024-09-30,Non-Control/Non-Affiliate Investments,"Minotaur Acquisition, Inc.",Financial Exchanges & Data,First Lien Term Loan,9.85,"6,958","6,819","6,841",(5)(8)(10),SOFR+,5,,6/3/2030,
oscf-20240930,2024-09-30,Non-Control/Non-Affiliate Investments,"Minotaur Acquisition, Inc.",Financial Exchanges & Data,First Lien Term Loan,9.85,"41,754","40,965","41,019",(5)(8)(10),SOFR+,5,,6/3/2030,
oscf-20240930,2024-09-30,Non-Control/Non-Affiliate Investments,"Minotaur Acquisition, Inc.",Financial Exchanges & Data,First Lien Revolver,,—,-79,-70,(5)(8)(9)(10),SOFR+,5,,6/3/2030,
oscf-20240930,2024-09-30,Non-Control/Non-Affiliate Investments,Mitchell International Inc,Application Software,Second Lien Term Loan,10.1,"27,135","27,065","26,717",-5,SOFR+,5.25,,6/17/2032,
oscf-20240930,2024-09-30,Non-Control/Non-Affiliate Investments,Mitchell International Inc,Application Software,First Lien Term Loan,8.1,"17,100","17,015","16,870",-5,SOFR+,3.25,,6/17/2031,
oscf-20240930,2024-09-30,Non-Control/Non-Affiliate Investments,Modena Buyer LLC,Application Software,First Lien Term Loan,9.1,"44,741","43,875","42,938",-5,SOFR+,4.5,,7/1/2031,
oscf-20240930,2024-09-30,Non-Control/Non-Affiliate Investments,Monotype Imaging Holdings Inc.,Application Software,First Lien Term Loan,,—,-45,0,(5)(8)(9),SOFR+,5.5,,2/28/2031,
oscf-20240930,2024-09-30,Non-Control/Non-Affiliate Investments,Monotype Imaging Holdings Inc.,Application Software,First Lien Term Loan,10.56,"72,108","71,027","72,108",(5)(8),SOFR+,5.5,,2/28/2031,
oscf-20240930,2024-09-30,Non-Control/Non-Affiliate Investments,Monotype Imaging Holdings Inc.,Application Software,First Lien Revolver,,—,-122,0,(5)(8)(9),SOFR+,5.5,,2/28/2030,
oscf-20240930,2024-09-30,Non-Control/Non-Affiliate Investments,MRI Software LLC,Application Software,First Lien Term Loan,9.35,"26,902","26,610","26,641",(5)(8),SOFR+,4.75,,2/10/2027,
oscf-20240930,2024-09-30,Non-Control/Non-Affiliate Investments,MRI Software LLC,Application Software,First Lien Term Loan,9.35,"1,570","1,530","1,508",(5)(8)(9),SOFR+,4.75,,2/10/2027,
oscf-20240930,2024-09-30,Non-Control/Non-Affiliate Investments,MRI Software LLC,Application Software,First Lien Term Loan,9.35,"7,127","7,122","7,058",(5)(8),SOFR+,4.75,,2/10/2027,
oscf-20240930,2024-09-30,Non-Control/Non-Affiliate Investments,MRI Software LLC,Application Software,First Lien Term Loan,9.35,"29,785","29,441","29,496",(5)(8),SOFR+,4.75,,2/10/2027,
oscf-20240930,2024-09-30,Non-Control/Non-Affiliate Investments,MRI Software LLC,Application Software,First Lien Revolver,,—,-35,-57,(5)(8)(9),SOFR+,4.75,,2/10/2027,
oscf-20240930,2024-09-30,Non-Control/Non-Affiliate Investments,"Neptune Platform Buyer, LLC",Aerospace & Defense,First Lien Term Loan,,—,-13,-137,(5)(8)(9),SOFR+,5.25,,1/19/2031,
oscf-20240930,2024-09-30,Non-Control/Non-Affiliate Investments,"Neptune Platform Buyer, LLC",Aerospace & Defense,First Lien Term Loan,10.58,"30,823","30,360","30,206",(5)(8),SOFR+,5.25,,1/19/2031,
oscf-20240930,2024-09-30,Non-Control/Non-Affiliate Investments,"Next Holdco, LLC",Health Care Technology,First Lien Term Loan,,—,-90,0,(5)(8)(9),SOFR+,6,,11/12/2030,
oscf-20240930,2024-09-30,Non-Control/Non-Affiliate Investments,"Next Holdco, LLC",Health Care Technology,First Lien Term Loan,11.06,"46,391","45,695","46,391",(5)(8),SOFR+,6,,11/12/2030,
oscf-20240930,2024-09-30,Non-Control/Non-Affiliate Investments,"Next Holdco, LLC",Health Care Technology,First Lien Revolver,,—,-67,0,(5)(8)(9),SOFR+,6,,11/9/2029,
oscf-20240930,2024-09-30,Non-Control/Non-Affiliate Investments,"NFM & J, L.P.",Diversified Support Services,First Lien Term Loan,10.59,410,286,187,(5)(8)(9),SOFR+,5.75,,11/10/2029,
oscf-20240930,2024-09-30,Non-Control/Non-Affiliate Investments,"NFM & J, L.P.",Diversified Support Services,First Lien Term Loan,10.96,"22,133","21,691","21,735",(5)(8),SOFR+,5.75,,11/10/2029,
oscf-20240930,2024-09-30,Non-Control/Non-Affiliate Investments,"NFM & J, L.P.",Diversified Support Services,First Lien Revolver,,—,-99,-89,(5)(8)(9),SOFR+,5.75,,11/10/2029,
oscf-20240930,2024-09-30,Non-Control/Non-Affiliate Investments,"North Star Acquisitionco, LLC",Education Services,First Lien Term Loan,,—,-16,-15,(5)(8)(9),SOFR+,5,,5/3/2029,
oscf-20240930,2024-09-30,Non-Control/Non-Affiliate Investments,"North Star Acquisitionco, LLC",Education Services,First Lien Term Loan,9.6,"3,330","3,279","3,314",(5)(8)(9),SOFR+,5,,5/3/2029,
oscf-20240930,2024-09-30,Non-Control/Non-Affiliate Investments,"North Star Acquisitionco, LLC",Education Services,First Lien Term Loan,9.6,"36,350","35,795","36,187",(5)(8),SOFR+,5,,5/3/2029,
oscf-20240930,2024-09-30,Non-Control/Non-Affiliate Investments,"North Star Acquisitionco, LLC",Education Services,First Lien Term Loan,9.95,"3,156","3,931","4,214",(5)(8),SONIA+,5,,5/3/2029,
oscf-20240930,2024-09-30,Non-Control/Non-Affiliate Investments,"North Star Acquisitionco, LLC",Education Services,First Lien Term Loan,9.75,"69,157","6,214","6,536",(5)(8),NIBOR+,5,,5/3/2029,
oscf-20240930,2024-09-30,Non-Control/Non-Affiliate Investments,"North Star Acquisitionco, LLC",Education Services,First Lien Term Loan,9.6,"27,986","27,847","27,861",(5)(8),SOFR+,5,,5/3/2029,
oscf-20240930,2024-09-30,Non-Control/Non-Affiliate Investments,"North Star Acquisitionco, LLC",Education Services,First Lien Revolver,9.83,738,905,963,(5)(8)(9),SOFR+,5,,5/3/2029,
oscf-20240930,2024-09-30,Non-Control/Non-Affiliate Investments,"North Star Acquisitionco, LLC",Education Services,First Lien Revolver,9.67,"2,386","2,319","2,366",(5)(8)(9),SOFR+,5,,5/3/2029,
oscf-20240930,2024-09-30,Non-Control/Non-Affiliate Investments,Northwoods Capital 25 Ltd,Multi-Sector Holdings,CLO Notes,12.68,700,682,681,(5)(10),SOFR+,7.4,,7/20/2034,
oscf-20240930,2024-09-30,Non-Control/Non-Affiliate Investments,Northwoods Capital XV,Multi-Sector Holdings,CLO Notes,8.83,"4,000","3,920","4,011",(5)(10),SOFR+,4.01,,6/20/2034,
oscf-20240930,2024-09-30,Non-Control/Non-Affiliate Investments,Ocean Trails CLO XIV,Multi-Sector Holdings,CLO Notes,11.1,"1,000","1,000","1,015",(5)(10),SOFR+,5.82,,1/20/2035,
oscf-20240930,2024-09-30,Non-Control/Non-Affiliate Investments,Octagon 66,Multi-Sector Holdings,CLO Notes,10.19,"3,000","2,970","3,096",(5)(10),SOFR+,5.09,,11/16/2036,
oscf-20240930,2024-09-30,Non-Control/Non-Affiliate Investments,OFSI BSL XIII CLO,Multi-Sector Holdings,CLO Notes,9.82,"5,000","5,000","5,013",(5)(10),SOFR+,4.5,,4/20/2037,
oscf-20240930,2024-09-30,Non-Control/Non-Affiliate Investments,OFSI Fund Ltd,Multi-Sector Holdings,CLO Notes,12.76,"1,105","1,048","1,079",(5)(10),SOFR+,7.48,,4/20/2034,
oscf-20240930,2024-09-30,Non-Control/Non-Affiliate Investments,"OneOncology, LLC",Health Care Services,First Lien Term Loan,10.08,"11,272","11,130","11,100",(5)(8)(9),SOFR+,5,,6/10/2030,
oscf-20240930,2024-09-30,Non-Control/Non-Affiliate Investments,"OneOncology, LLC",Health Care Services,First Lien Term Loan,10.85,"8,561","8,347","8,561",(5)(8),SOFR+,6.25,,6/10/2030,
oscf-20240930,2024-09-30,Non-Control/Non-Affiliate Investments,"OneOncology, LLC",Health Care Services,First Lien Term Loan,10.85,"22,656","22,196","22,656",(5)(8),SOFR+,6.25,,6/10/2030,
oscf-20240930,2024-09-30,Non-Control/Non-Affiliate Investments,"OneOncology, LLC",Health Care Services,First Lien Revolver,,—,-89,0,(5)(8)(9),SOFR+,6.25,,6/11/2029,
oscf-20240930,2024-09-30,Non-Control/Non-Affiliate Investments,"Oranje Holdco, Inc.",Systems Software,First Lien Term Loan,12.5,"16,868","16,562","16,614",(5)(8),SOFR+,7.25,,2/1/2029,
oscf-20240930,2024-09-30,Non-Control/Non-Affiliate Investments,"Oranje Holdco, Inc.",Systems Software,First Lien Term Loan,12.75,"15,746","15,462","15,746",(5)(8),SOFR+,7.5,,2/1/2029,
oscf-20240930,2024-09-30,Non-Control/Non-Affiliate Investments,"Oranje Holdco, Inc.",Systems Software,First Lien Revolver,,—,-36,0,(5)(8)(9),SOFR+,7.5,,2/1/2029,
oscf-20240930,2024-09-30,Non-Control/Non-Affiliate Investments,OZLM XXIII Ltd,Multi-Sector Holdings,CLO Notes,12.84,"1,000",967,"1,000",(5)(10),SOFR+,7.54,,4/15/2034,
oscf-20240930,2024-09-30,Non-Control/Non-Affiliate Investments,Peraton Corp.,Aerospace & Defense,First Lien Term Loan,8.7,"18,666","18,572","18,003",-5,SOFR+,3.75,,2/1/2028,
oscf-20240930,2024-09-30,Non-Control/Non-Affiliate Investments,PetSmart LLC,Other Specialty Retail,First Lien Term Loan,8.7,"27,690","27,362","27,495",-5,SOFR+,3.75,,2/11/2028,
oscf-20240930,2024-09-30,Non-Control/Non-Affiliate Investments,"PetVet Care Centers, LLC",Health Care Services,First Lien Term Loan,10.85,"73,095","71,816","71,231",(5)(8),SOFR+,6,,11/15/2030,
oscf-20240930,2024-09-30,Non-Control/Non-Affiliate Investments,"PetVet Care Centers, LLC",Health Care Services,First Lien Term Loan,,—,-96,-149,(5)(8)(9),SOFR+,6,,11/15/2030,
oscf-20240930,2024-09-30,Non-Control/Non-Affiliate Investments,"PetVet Care Centers, LLC",Health Care Services,First Lien Revolver,,—,-164,-245,(5)(8)(9),SOFR+,6,,11/15/2029,
oscf-20240930,2024-09-30,Non-Control/Non-Affiliate Investments,"PetVet Care Centers, LLC",Health Care Services,Preferred Equity,,,"6,211","7,025",-8,,,,,"6,338"
oscf-20240930,2024-09-30,Non-Control/Non-Affiliate Investments,"Pluralsight, LLC",Application Software,First Lien Term Loan,,"4,976","4,976","4,976",(5)(8),SOFR+,7.5,12.62,8/22/2029,
oscf-20240930,2024-09-30,Non-Control/Non-Affiliate Investments,"Pluralsight, LLC",Application Software,First Lien Term Loan,,—,0,0,(5)(8)(9),SOFR+,4.5,,8/22/2029,
oscf-20240930,2024-09-30,Non-Control/Non-Affiliate Investments,"Pluralsight, LLC",Application Software,First Lien Term Loan,8.12,"1,915","1,915","1,915",(5)(8),SOFR+,4.5,1.5,8/22/2029,
oscf-20240930,2024-09-30,Non-Control/Non-Affiliate Investments,"Pluralsight, LLC",Application Software,First Lien Term Loan,8.12,"3,317","3,317","3,317",(5)(8),SOFR+,4.5,1.5,8/22/2029,
oscf-20240930,2024-09-30,Non-Control/Non-Affiliate Investments,"Pluralsight, LLC",Application Software,First Lien Revolver,,—,0,0,(5)(8)(9),SOFR+,4.5,,8/22/2029,
oscf-20240930,2024-09-30,Non-Control/Non-Affiliate Investments,"Pluralsight, LLC",Application Software,Common Stock,,,"5,540","5,540",-8,,,,,"1,658,698"
oscf-20240930,2024-09-30,Non-Control/Non-Affiliate Investments,Poseidon Midco AB,Pharmaceuticals,First Lien Term Loan,,—,0,0,(5)(8)(9)(10),E+,5.5,,5/16/2031,
oscf-20240930,2024-09-30,Non-Control/Non-Affiliate Investments,Poseidon Midco AB,Pharmaceuticals,First Lien Term Loan,8.97,"50,768","55,033","55,211",(5)(8)(10),E+,5.5,,5/16/2031,
oscf-20240930,2024-09-30,Non-Control/Non-Affiliate Investments,"PPW Aero Buyer, Inc.",Aerospace & Defense,First Lien Term Loan,,—,-188,-336,(5)(8)(9),SOFR+,5.5,,2/15/2029,
oscf-20240930,2024-09-30,Non-Control/Non-Affiliate Investments,"PPW Aero Buyer, Inc.",Aerospace & Defense,First Lien Term Loan,10.1,"13,382","13,301","13,202",(5)(8),SOFR+,5.5,,2/15/2029,
oscf-20240930,2024-09-30,Non-Control/Non-Affiliate Investments,"PPW Aero Buyer, Inc.",Aerospace & Defense,First Lien Term Loan,11.35,"26,489","25,716","26,489",(5)(8),SOFR+,6.5,,2/15/2029,
oscf-20240930,2024-09-30,Non-Control/Non-Affiliate Investments,"PPW Aero Buyer, Inc.",Aerospace & Defense,First Lien Revolver,11.35,"2,001","1,744","1,849",(5)(8)(9),SOFR+,5.5,,2/15/2029,
oscf-20240930,2024-09-30,Non-Control/Non-Affiliate Investments,"Profrac Holdings II, LLC",Industrial Machinery & Supplies & Components,First Lien Floating Rate Bond,11.84,"65,934","65,275","65,360",(5)(8)(10),SOFR+,7.25,,1/23/2029,
oscf-20240930,2024-09-30,Non-Control/Non-Affiliate Investments,"Project Accelerate Parent, LLC",Systems Software,First Lien Term Loan,10.54,"43,641","43,204","43,641",(5)(8),SOFR+,5.25,,2/24/2031,
oscf-20240930,2024-09-30,Non-Control/Non-Affiliate Investments,"Project Accelerate Parent, LLC",Systems Software,First Lien Revolver,,—,-63,0,(5)(8)(9),SOFR+,5.25,,2/24/2031,
oscf-20240930,2024-09-30,Non-Control/Non-Affiliate Investments,"Protein for Pets Opco, LLC",Packaged Foods & Meats,First Lien Term Loan,10.1,"63,573","62,405","62,359",(5)(8),SOFR+,5.25,,9/20/2030,
oscf-20240930,2024-09-30,Non-Control/Non-Affiliate Investments,"Protein for Pets Opco, LLC",Packaged Foods & Meats,First Lien Revolver,,—,-122,-127,(5)(8)(9),SOFR+,5.25,,9/20/2030,
oscf-20240930,2024-09-30,Non-Control/Non-Affiliate Investments,Quantum Bidco Limited,Food Distributors,First Lien Term Loan,10.73,"9,861","11,591","12,929",(5)(8)(10),SONIA+,5.5,,1/31/2028,
oscf-20240930,2024-09-30,Non-Control/Non-Affiliate Investments,Quantum Bidco Limited,Food Distributors,First Lien Term Loan,10.7,"8,377","10,047","10,712",(5)(8)(9)(10),SONIA+,5.5,,1/31/2028,
oscf-20240930,2024-09-30,Non-Control/Non-Affiliate Investments,Renaissance Holding Corp.,Education Services,First Lien Term Loan,9.1,"37,631","37,154","37,658",-5,SOFR+,4.25,,4/5/2030,
oscf-20240930,2024-09-30,Non-Control/Non-Affiliate Investments,"Resistance Acquisition, Inc.",Pharmaceuticals,First Lien Term Loan,12.35,"18,387","18,022","18,203",(5)(8),SOFR+,7.75,,9/21/2028,
oscf-20240930,2024-09-30,Non-Control/Non-Affiliate Investments,Rockford Tower CLO 2024-1,Multi-Sector Holdings,CLO Notes,12.81,"2,500","2,476","2,564",(5)(10),SOFR+,7.48,,4/20/2037,
oscf-20240930,2024-09-30,Non-Control/Non-Affiliate Investments,RR 24,Multi-Sector Holdings,CLO Notes,13.6,"2,750","2,750","2,776",(5)(10),SOFR+,8.3,,1/15/2036,
oscf-20240930,2024-09-30,Non-Control/Non-Affiliate Investments,"Salus Workers' Compensation, LLC",Diversified Financial Services,First Lien Term Loan,14.85,"13,527","13,250","12,918",(5)(8),SOFR+,10,,10/7/2026,
oscf-20240930,2024-09-30,Non-Control/Non-Affiliate Investments,"Salus Workers' Compensation, LLC",Diversified Financial Services,First Lien Revolver,,—,-39,-85,(5)(8)(9),SOFR+,10,,10/7/2026,
oscf-20240930,2024-09-30,Non-Control/Non-Affiliate Investments,"Salus Workers' Compensation, LLC",Diversified Financial Services,Warrants,,,200,55,-8,,,,,"606,357"
oscf-20240930,2024-09-30,Non-Control/Non-Affiliate Investments,Saratoga,Diversified Financial Services,Credit Linked Note,10.18,"98,000","97,914","97,914",(5)(8)(10)(15),SOFR+,5.33,,12/31/2029,
oscf-20240930,2024-09-30,Non-Control/Non-Affiliate Investments,SCIH Salt Holdings Inc.,Diversified Chemicals,First Lien Term Loan,,—,0,0,-5,SOFR+,4,,3/16/2027,
oscf-20240930,2024-09-30,Non-Control/Non-Affiliate Investments,SCIH Salt Holdings Inc.,Diversified Chemicals,Fixed Rate Bond,4.88,"16,450","15,085","15,875",,,,,5/1/2028,
oscf-20240930,2024-09-30,Non-Control/Non-Affiliate Investments,scPharmaceuticals Inc.,Pharmaceuticals,Warrants,,,258,178,-8,,,,,"79,075"
oscf-20240930,2024-09-30,Non-Control/Non-Affiliate Investments,Secure Acquisition Inc.,Paper & Plastic Packaging Products & Materials,First Lien Term Loan,8.85,"34,658","34,573","34,766",-5,SOFR+,4.25,,12/16/2028,
oscf-20240930,2024-09-30,Non-Control/Non-Affiliate Investments,SEI Holding I Corporation,Trading Companies & Distributors,First Lien Term Loan,10.2,"2,481","2,435","2,458",(5)(8),SOFR+,5,,3/27/2028,
oscf-20240930,2024-09-30,Non-Control/Non-Affiliate Investments,SEI Holding I Corporation,Trading Companies & Distributors,First Lien Term Loan,10.2,"2,550","2,431","2,498",(5)(8)(9),SOFR+,5,,3/27/2028,
oscf-20240930,2024-09-30,Non-Control/Non-Affiliate Investments,SEI Holding I Corporation,Trading Companies & Distributors,First Lien Term Loan,9.85,"17,245","16,884","17,083",(5)(8),SOFR+,5,,3/27/2028,
oscf-20240930,2024-09-30,Non-Control/Non-Affiliate Investments,SEI Holding I Corporation,Trading Companies & Distributors,First Lien Term Loan,,—,-41,-80,(5)(8)(9),SOFR+,5,,3/27/2028,
oscf-20240930,2024-09-30,Non-Control/Non-Affiliate Investments,SEI Holding I Corporation,Trading Companies & Distributors,First Lien Term Loan,12,605,551,569,(5)(8)(9),PRIME+,4,,3/27/2028,
oscf-20240930,2024-09-30,Non-Control/Non-Affiliate Investments,"Seres Therapeutics, Inc.",Biotechnology,Warrants,,,293,47,(8)(10),,,,,"93,470"
oscf-20240930,2024-09-30,Non-Control/Non-Affiliate Investments,"SM Wellness Holdings, Inc.",Health Care Services,First Lien Term Loan,10.01,"17,847","17,032","17,490",(5)(8),SOFR+,4.5,,4/17/2028,
oscf-20240930,2024-09-30,Non-Control/Non-Affiliate Investments,"Sorenson Communications, LLC",Communications Equipment,First Lien Term Loan,10.6,"89,800","88,166","88,327",(5)(8),SOFR+,5.75,,4/19/2029,
oscf-20240930,2024-09-30,Non-Control/Non-Affiliate Investments,"Sorenson Communications, LLC",Communications Equipment,First Lien Revolver,,—,-185,-167,(5)(8)(9),SOFR+,5.75,,4/19/2029,
oscf-20240930,2024-09-30,Non-Control/Non-Affiliate Investments,"Southern Veterinary Partners, LLC",Health Care Facilities,First Lien Term Loan,8,"25,444","25,320","25,524",-5,SOFR+,3.75,,10/5/2027,
oscf-20240930,2024-09-30,Non-Control/Non-Affiliate Investments,"Staples, Inc.",Office Services & Supplies,Fixed Rate Bond,10.75,"13,481","13,354","13,097",,,,,9/1/2029,
oscf-20240930,2024-09-30,Non-Control/Non-Affiliate Investments,"Staples, Inc.",Office Services & Supplies,First Lien Term Loan,10.69,"32,181","30,770","29,319",-5,SOFR+,5.75,,9/4/2029,
oscf-20240930,2024-09-30,Non-Control/Non-Affiliate Investments,"Star Parent, Inc.",Life Sciences Tools & Services,First Lien Term Loan,8.35,"45,795","45,002","44,624",-5,SOFR+,3.75,,9/27/2030,
oscf-20240930,2024-09-30,Non-Control/Non-Affiliate Investments,SumUp Holdings Luxembourg,Diversified Financial Services,First Lien Term Loan,10.04,"47,274","50,670","52,141",(5)(8)(9)(10),E+,6.5,,4/25/2031,
oscf-20240930,2024-09-30,Non-Control/Non-Affiliate Investments,SupplyOne Inc.,Paper & Plastic Packaging Products & Materials,First Lien Term Loan,9.1,"16,915","16,776","16,986",-5,SOFR+,4.25,,4/19/2031,
oscf-20240930,2024-09-30,Non-Control/Non-Affiliate Investments,"Supreme Fitness Group NY Holdings, LLC",Leisure Facilities,First Lien Term Loan,12.58,695,689,667,(5)(8),SOFR+,7,,12/31/2026,
oscf-20240930,2024-09-30,Non-Control/Non-Affiliate Investments,"Supreme Fitness Group NY Holdings, LLC",Leisure Facilities,First Lien Term Loan,12.58,836,807,802,(5)(8),SOFR+,7,,12/31/2026,
oscf-20240930,2024-09-30,Non-Control/Non-Affiliate Investments,"Supreme Fitness Group NY Holdings, LLC",Leisure Facilities,First Lien Term Loan,12.58,"8,113","8,040","7,788",(5)(8),SOFR+,7,,12/31/2026,
oscf-20240930,2024-09-30,Non-Control/Non-Affiliate Investments,"Supreme Fitness Group NY Holdings, LLC",Leisure Facilities,First Lien Revolver,,—,-4,-16,(5)(8)(9),SOFR+,7,,12/31/2026,
oscf-20240930,2024-09-30,Non-Control/Non-Affiliate Investments,"Telephone and Data Systems, Inc.",Wireless Telecommunication Services,Subordinated Debt Term Loan,,—,-255,-279,(5)(8)(9)(10),SOFR+,7,,5/1/2029,
oscf-20240930,2024-09-30,Non-Control/Non-Affiliate Investments,"Telephone and Data Systems, Inc.",Wireless Telecommunication Services,Subordinated Debt Term Loan,12.25,"74,099","72,063","72,247",(5)(8)(10),SOFR+,7,,5/1/2029,
oscf-20240930,2024-09-30,Non-Control/Non-Affiliate Investments,Ten-X LLC,Interactive Media & Services,First Lien Term Loan,10.74,"24,604","23,700","23,546",(5)(8),SOFR+,6,,5/26/2028,
oscf-20240930,2024-09-30,Non-Control/Non-Affiliate Investments,THL Zinc Ventures Ltd,Diversified Metals & Mining,First Lien Term Loan,13,"39,751","39,469","39,751",(8)(10),,,,5/23/2026,
oscf-20240930,2024-09-30,Non-Control/Non-Affiliate Investments,"Touchstone Acquisition, Inc.",Health Care Supplies,First Lien Term Loan,10.95,"8,399","8,296","8,231",(5)(8),SOFR+,6,,12/29/2028,
oscf-20240930,2024-09-30,Non-Control/Non-Affiliate Investments,Transit Buyer LLC,Diversified Support Services,First Lien Term Loan,10.31,"8,142","8,020","8,044",(5)(8),SOFR+,5,,1/31/2029,
oscf-20240930,2024-09-30,Non-Control/Non-Affiliate Investments,Transit Buyer LLC,Diversified Support Services,First Lien Term Loan,10.31,"3,317","3,262","3,271",(5)(8)(9),SOFR+,5,,1/31/2029,
oscf-20240930,2024-09-30,Non-Control/Non-Affiliate Investments,Transit Buyer LLC,Diversified Support Services,First Lien Term Loan,9.85,"8,342","8,221","8,242",(5)(8),SOFR+,5,,1/31/2029,
oscf-20240930,2024-09-30,Non-Control/Non-Affiliate Investments,Trident TPI Holdings Inc,"Metal, Glass & Plastic Containers",First Lien Term Loan,8.6,"12,343","12,343","12,377",-5,SOFR+,4,,9/15/2028,
oscf-20240930,2024-09-30,Non-Control/Non-Affiliate Investments,Trinitas CLO VI Ltd.,Multi-Sector Holdings,CLO Notes,12.36,"2,785","2,618","2,634",(5)(10),SOFR+,7.08,,1/25/2034,
oscf-20240930,2024-09-30,Non-Control/Non-Affiliate Investments,Trinitas CLO XII,Multi-Sector Holdings,CLO Notes,9.55,"4,500","4,401","4,514",(5)(10),SOFR+,4.26,,4/25/2033,
oscf-20240930,2024-09-30,Non-Control/Non-Affiliate Investments,Trinitas CLO XIX,Multi-Sector Holdings,CLO Notes,13.34,"2,000","1,993","2,007",(5)(10),SOFR+,8.06,,10/23/2033,
oscf-20240930,2024-09-30,Non-Control/Non-Affiliate Investments,Trinitas CLO XV DAC,Multi-Sector Holdings,CLO Notes,12.99,"6,500","5,831","6,359",(5)(10),SOFR+,7.71,,4/22/2034,
oscf-20240930,2024-09-30,Non-Control/Non-Affiliate Investments,"Truck-Lite Co., LLC",Construction Machinery & Heavy Transportation Equipment,First Lien Term Loan,,—,-123,0,(5)(8)(9),SOFR+,5.75,,2/13/2031,
oscf-20240930,2024-09-30,Non-Control/Non-Affiliate Investments,"Truck-Lite Co., LLC",Construction Machinery & Heavy Transportation Equipment,First Lien Term Loan,10.86,"62,223","61,091","62,223",(5)(8),SOFR+,5.75,,2/13/2031,
oscf-20240930,2024-09-30,Non-Control/Non-Affiliate Investments,"Truck-Lite Co., LLC",Construction Machinery & Heavy Transportation Equipment,First Lien Revolver,10.85,143,-53,68,(5)(8)(9),SOFR+,5.75,,2/13/2030,
oscf-20240930,2024-09-30,Non-Control/Non-Affiliate Investments,Usalco LLC,Commodity Chemicals,First Lien Term Loan,,—,-16,17,(5)(9),SOFR+,4,,9/30/2031,
oscf-20240930,2024-09-30,Non-Control/Non-Affiliate Investments,Usalco LLC,Commodity Chemicals,First Lien Term Loan,9.2,"31,731","31,572","31,899",-5,SOFR+,4,,9/30/2031,
oscf-20240930,2024-09-30,Non-Control/Non-Affiliate Investments,"USIC Holdings, Inc.",Diversified Support Services,First Lien Term Loan,10.35,71,71,44,(5)(8)(9),SOFR+,5.5,,9/10/2031,
oscf-20240930,2024-09-30,Non-Control/Non-Affiliate Investments,"USIC Holdings, Inc.",Diversified Support Services,First Lien Term Loan,10.35,"46,311","45,852","45,857",(5)(8),SOFR+,5.5,,9/10/2031,
oscf-20240930,2024-09-30,Non-Control/Non-Affiliate Investments,"USIC Holdings, Inc.",Diversified Support Services,First Lien Revolver,10.1,"2,864","2,805","2,806",(5)(8)(9),SOFR+,5.25,,9/10/2031,
oscf-20240930,2024-09-30,Non-Control/Non-Affiliate Investments,Venture 41 CLO,Multi-Sector Holdings,CLO Notes,9.41,"1,500","1,479","1,505",(5)(10),SOFR+,4.13,,1/20/2034,
oscf-20240930,2024-09-30,Non-Control/Non-Affiliate Investments,"Verona Pharma, Inc.",Pharmaceuticals,First Lien Term Loan,11,"4,956","4,865","4,869",(8)(10),,,,5/9/2029,
oscf-20240930,2024-09-30,Non-Control/Non-Affiliate Investments,"Verona Pharma, Inc.",Pharmaceuticals,First Lien Term Loan,11,"6,308","6,182","6,198",(8)(10),,,,5/9/2029,
oscf-20240930,2024-09-30,Non-Control/Non-Affiliate Investments,"Verona Pharma, Inc.",Pharmaceuticals,First Lien Term Loan,,—,0,0,(8)(9)(10)(13),,,,9/30/2025,
oscf-20240930,2024-09-30,Non-Control/Non-Affiliate Investments,"Verona Pharma, Inc.",Pharmaceuticals,First Lien Term Loan,,—,0,0,(8)(9)(10),,,,5/9/2029,
oscf-20240930,2024-09-30,Non-Control/Non-Affiliate Investments,"Verona Pharma, Inc.",Pharmaceuticals,First Lien Term Loan,,—,0,0,(8)(9)(10),,,,5/9/2029,
oscf-20240930,2024-09-30,Non-Control/Non-Affiliate Investments,"Verona Pharma, Inc.",Pharmaceuticals,First Lien Term Loan,,"9,177","9,177","9,269",(8)(10)(13),,,,5/9/2029,
oscf-20240930,2024-09-30,Non-Control/Non-Affiliate Investments,Violin Finco Guernsey Limited,Asset Management & Custody Banks,First Lien Term Loan,,—,-20,-21,(5)(8)(9)(10),SONIA+,5.5,,6/6/2031,
oscf-20240930,2024-09-30,Non-Control/Non-Affiliate Investments,Violin Finco Guernsey Limited,Asset Management & Custody Banks,First Lien Term Loan,10.45,"46,900","58,909","62,280",(5)(8)(10),SONIA+,5.5,,6/6/2031,
oscf-20240930,2024-09-30,Non-Control/Non-Affiliate Investments,WAVE 2019-1,Specialized Finance,CLO Notes,3.6,"4,625","3,843","4,224",-10,,,,9/15/2044,
oscf-20240930,2024-09-30,Non-Control/Non-Affiliate Investments,"Wellfleet CLO 2022-2, Ltd.",Multi-Sector Holdings,CLO Notes,13.84,"1,500","1,446","1,513",(5)(10),SOFR+,8.56,,10/18/2035,
oscf-20240930,2024-09-30,Non-Control/Non-Affiliate Investments,Wind River 2020-1 CLO,Multi-Sector Holdings,CLO Notes,12.7,"2,000","1,960","2,008",(5)(10),SOFR+,7.42,,7/20/2037,
oscf-20240930,2024-09-30,Non-Control/Non-Affiliate Investments,Wind River 2024-1 CLO,Multi-Sector Holdings,CLO Notes,9.55,"3,250","3,250","3,288",(5)(10),SOFR+,4.25,,4/20/2037,
oscf-20240930,2024-09-30,Non-Control/Non-Affiliate Investments,Woodmont 2022-9 Trust,Multi-Sector Holdings,CLO Notes,12.89,"9,385","9,292","9,432",(5)(10),SOFR+,7.77,,10/25/2036,
oscf-20240930,2024-09-30,Non-Control/Non-Affiliate Investments,"WP CPP Holdings, LLC",Aerospace & Defense,First Lien Term Loan,8.39,"2,582","2,582","2,580",(5)(8),SOFR+,7.5,4.13,11/29/2029,
oscf-20240930,2024-09-30,Non-Control/Non-Affiliate Investments,"WP CPP Holdings, LLC",Aerospace & Defense,First Lien Term Loan,8.39,"54,466","53,382","54,145",(5)(8),SOFR+,7.5,4.13,11/28/2029,
oscf-20240930,2024-09-30,Non-Control/Non-Affiliate Investments,"WP CPP Holdings, LLC",Aerospace & Defense,First Lien Revolver,,—,-125,-38,(5)(8)(9),SOFR+,6.75,,11/28/2029,
oscf-20241231,2024-12-31,Non-Control/Non-Affiliate Investments,107 Fair Street LLC,Real Estate Development,First Lien Term Loan,13,"2,475","2,469","2,431",(8)(9)(11),,,,4/17/2025,
oscf-20241231,2024-12-31,Non-Control/Non-Affiliate Investments,107-109 Beech OAK22 LLC,Real Estate Development,First Lien Revolver,11,"19,667","19,474","19,531",(8)(9),,,,2/27/2026,
oscf-20241231,2024-12-31,Non-Control/Non-Affiliate Investments,112-126 Van Houten Real22 LLC,Real Estate Development,First Lien Term Loan,13,"4,440","4,436","4,401",(8)(9)(11),,,,2/18/2025,
oscf-20241231,2024-12-31,Non-Control/Non-Affiliate Investments,"1440 Foods Topco, LLC",Packaged Foods & Meats,First Lien Term Loan,9.36,"62,388","58,973","59,814",-5,SOFR+,5,,11/3/2031,
oscf-20241231,2024-12-31,Non-Control/Non-Affiliate Investments,37 Capital CLO 4,Multi-Sector Holdings,CLO Notes,10.16,"5,000","5,000","5,038",(5)(10),SOFR+,5.5,,1/15/2034,
oscf-20241231,2024-12-31,Non-Control/Non-Affiliate Investments,AB BSL CLO 4,Multi-Sector Holdings,CLO Notes,10.12,"3,800","3,800","3,864",(5)(10),SOFR+,5.5,,4/20/2036,
oscf-20241231,2024-12-31,Non-Control/Non-Affiliate Investments,"Access CIG, LLC",Diversified Support Services,First Lien Term Loan,9.59,"39,028","38,565","39,457",-5,SOFR+,5,,8/18/2028,
oscf-20241231,2024-12-31,Non-Control/Non-Affiliate Investments,"Accession Risk Management Group, Inc.",Insurance Brokers,First Lien Term Loan,,—,-103,66,(5)(8)(9),SOFR+,4.75,,11/1/2029,
oscf-20241231,2024-12-31,Non-Control/Non-Affiliate Investments,"Accession Risk Management Group, Inc.",Insurance Brokers,First Lien Term Loan,9.34,"3,939","3,939","3,951",(5)(8),SOFR+,4.75,,11/1/2029,
oscf-20241231,2024-12-31,Non-Control/Non-Affiliate Investments,"Accession Risk Management Group, Inc.",Insurance Brokers,First Lien Revolver,,—,-13,9,(5)(8)(9),SOFR+,4.75,,10/30/2029,
oscf-20241231,2024-12-31,Non-Control/Non-Affiliate Investments,ACESO Holding 4 S.A.R.L.,Health Care Services,First Lien Term Loan,,—,-92,-82,(5)(8)(9)(10),E+,5.75,,9/27/2031,
oscf-20241231,2024-12-31,Non-Control/Non-Affiliate Investments,ACESO Holding 4 S.A.R.L.,Health Care Services,First Lien Term Loan,8.91,"37,980","37,249","34,590",(5)(8)(10),E+,5.75,,9/27/2031,
oscf-20241231,2024-12-31,Non-Control/Non-Affiliate Investments,ACP Falcon Buyer Inc,Systems Software,First Lien Term Loan,10.09,"34,320","33,534","34,320",(5)(8),SOFR+,5.5,,8/1/2029,
oscf-20241231,2024-12-31,Non-Control/Non-Affiliate Investments,ACP Falcon Buyer Inc,Systems Software,First Lien Revolver,,—,-122,0,(5)(8)(9),SOFR+,5.5,,8/1/2029,
oscf-20241231,2024-12-31,Non-Control/Non-Affiliate Investments,Acquia Inc.,Application Software,First Lien Term Loan,11.73,"11,166","11,064","11,166",(5)(8),SOFR+,7,,10/31/2025,
oscf-20241231,2024-12-31,Non-Control/Non-Affiliate Investments,ADC Therapeutics SA,Biotechnology,First Lien Term Loan,11.98,"10,406","10,053","10,146",(5)(8)(10),SOFR+,7.5,,8/15/2029,
oscf-20241231,2024-12-31,Non-Control/Non-Affiliate Investments,ADC Therapeutics SA,Biotechnology,Warrants,,,275,23,(8)(10),,,,,"45,727"
oscf-20241231,2024-12-31,Non-Control/Non-Affiliate Investments,AIMCO CLO 12,Multi-Sector Holdings,CLO Notes,10.75,"1,400","1,392","1,406",(5)(10),SOFR+,6.1,,1/17/2032,
oscf-20241231,2024-12-31,Non-Control/Non-Affiliate Investments,AIP RD Buyer Corp.,Distributors,Common Stock,,,428,573,-8,,,,,"4,560"
oscf-20241231,2024-12-31,Non-Control/Non-Affiliate Investments,Allegro CLO XII,Multi-Sector Holdings,CLO Notes,12.68,"4,400","4,400","4,492",(5)(10),SOFR+,7.4,,7/21/2037,
oscf-20241231,2024-12-31,Non-Control/Non-Affiliate Investments,"Alto Pharmacy Holdings, Inc.",Health Care Technology,First Lien Term Loan,5.5,"12,609","11,992","10,686",-8,,,5.5,10/14/2027,
oscf-20241231,2024-12-31,Non-Control/Non-Affiliate Investments,"Alto Pharmacy Holdings, Inc.",Health Care Technology,Preferred Equity,,,949,900,-8,,,,,"899,513"
oscf-20241231,2024-12-31,Non-Control/Non-Affiliate Investments,"Alto Pharmacy Holdings, Inc.",Health Care Technology,Warrants,,,943,624,-8,,,,,"878,545"
oscf-20241231,2024-12-31,Non-Control/Non-Affiliate Investments,"American Auto Auction Group, LLC",Diversified Support Services,Second Lien Term Loan,13.23,"6,901","6,821","6,832",(5)(8),SOFR+,8.75,,1/2/2029,
oscf-20241231,2024-12-31,Non-Control/Non-Affiliate Investments,"Anchorage Capital CLO 16, LTD",Multi-Sector Holdings,CLO Notes,12.23,"2,000","1,949","2,008",(5)(10),SOFR+,7.61,,1/19/2035,
oscf-20241231,2024-12-31,Non-Control/Non-Affiliate Investments,Arches Buyer Inc.,Interactive Media & Services,First Lien Term Loan,9.86,"93,496","92,454","93,496",(5)(8),SOFR+,5.5,,12/6/2027,
oscf-20241231,2024-12-31,Non-Control/Non-Affiliate Investments,Ardonagh Midco 3 PLC,Insurance Brokers,First Lien Term Loan,9.9,"57,299","56,439","56,783",(5)(8)(10),SOFR+,4.75,,2/17/2031,
oscf-20241231,2024-12-31,Non-Control/Non-Affiliate Investments,Ares LXVIII CLO,Multi-Sector Holdings,CLO Notes,10.38,"5,000","5,000","5,087",(5)(10),SOFR+,5.75,,4/25/2035,
oscf-20241231,2024-12-31,Non-Control/Non-Affiliate Investments,Ares XLIV CLO,Multi-Sector Holdings,CLO Notes,11.79,"3,500","3,399","3,509",(5)(10),SOFR+,7.13,,4/15/2034,
oscf-20241231,2024-12-31,Non-Control/Non-Affiliate Investments,"Artera Services, LLC",Construction & Engineering,First Lien Term Loan,8.83,"47,363","46,979","47,031",-5,SOFR+,4.5,,2/15/2031,
oscf-20241231,2024-12-31,Non-Control/Non-Affiliate Investments,"Artera Services, LLC",Construction & Engineering,Fixed Rate Bond,8.5,"12,660","12,660","12,216",,,,,2/15/2031,
oscf-20241231,2024-12-31,Non-Control/Non-Affiliate Investments,ASP-R-PAC Acquisition Co LLC,Paper & Plastic Packaging Products & Materials,First Lien Term Loan,10.51,993,983,965,(5)(8)(10),SOFR+,6,,12/29/2027,
oscf-20241231,2024-12-31,Non-Control/Non-Affiliate Investments,ASP-R-PAC Acquisition Co LLC,Paper & Plastic Packaging Products & Materials,First Lien Term Loan,10.85,"4,800","4,752","4,666",(5)(8)(10),SOFR+,6,,12/29/2027,
oscf-20241231,2024-12-31,Non-Control/Non-Affiliate Investments,ASP-R-PAC Acquisition Co LLC,Paper & Plastic Packaging Products & Materials,First Lien Revolver,10.47,118,112,101,(5)(8)(9)(10),SOFR+,6,,12/29/2027,
oscf-20241231,2024-12-31,Non-Control/Non-Affiliate Investments,Astra Acquisition Corp.,Application Software,First Lien Term Loan,11.08,"5,231","5,175","3,923",(5)(8),SOFR+,6.75,,2/25/2028,
oscf-20241231,2024-12-31,Non-Control/Non-Affiliate Investments,Astra Acquisition Corp.,Application Software,First Lien Term Loan,,"8,316","6,305","1,663",(5)(8)(12),SOFR+,5.25,,10/25/2028,
oscf-20241231,2024-12-31,Non-Control/Non-Affiliate Investments,"Asurion, LLC",Property & Casualty Insurance,First Lien Term Loan,8.46,"10,572","10,506","10,558",-5,SOFR+,4,,8/19/2028,
oscf-20241231,2024-12-31,Non-Control/Non-Affiliate Investments,"Asurion, LLC",Property & Casualty Insurance,First Lien Term Loan,8.71,"23,953","23,348","24,004",-5,SOFR+,4.25,,8/19/2028,
oscf-20241231,2024-12-31,Non-Control/Non-Affiliate Investments,athenahealth Group Inc.,Health Care Technology,First Lien Term Loan,,—,0,0,-5,SOFR+,3.25,,2/15/2029,
oscf-20241231,2024-12-31,Non-Control/Non-Affiliate Investments,athenahealth Group Inc.,Health Care Technology,Fixed Rate Bond,6.5,"22,979","20,777","21,861",,,,,2/15/2030,
oscf-20241231,2024-12-31,Non-Control/Non-Affiliate Investments,athenahealth Group Inc.,Health Care Technology,Preferred Equity,,,"5,693","6,947",-8,,,,,"5,809"
oscf-20241231,2024-12-31,Non-Control/Non-Affiliate Investments,Aurelia Netherlands Midco 2 B.V.,Interactive Media & Services,First Lien Term Loan,8.93,"52,991","52,021","50,111",(5)(8)(10),E+,5.75,,5/29/2031,
oscf-20241231,2024-12-31,Non-Control/Non-Affiliate Investments,"Avalara, Inc.",Application Software,First Lien Term Loan,10.58,"19,029","18,728","19,029",(5)(8),SOFR+,6.25,,10/19/2028,
oscf-20241231,2024-12-31,Non-Control/Non-Affiliate Investments,"Avalara, Inc.",Application Software,First Lien Revolver,,—,-30,0,(5)(8)(9),SOFR+,6.25,,10/19/2028,
oscf-20241231,2024-12-31,Non-Control/Non-Affiliate Investments,AVSC Holding Corp.,Specialized Consumer Services,First Lien Term Loan,9.36,"121,929","119,517","119,540",(5)(8),SOFR+,5,,12/5/2031,
oscf-20241231,2024-12-31,Non-Control/Non-Affiliate Investments,AVSC Holding Corp.,Specialized Consumer Services,First Lien Revolver,,—,-257,-253,(5)(8)(9),SOFR+,5,,12/5/2029,
oscf-20241231,2024-12-31,Non-Control/Non-Affiliate Investments,Bain Capital Credit CLO 2022-3,Multi-Sector Holdings,CLO Notes,8.35,"3,500","3,376","3,515",(5)(10),SOFR+,3.7,,7/17/2035,
oscf-20241231,2024-12-31,Non-Control/Non-Affiliate Investments,"Bain Capital Credit CLO, Limited",Multi-Sector Holdings,CLO Notes,12.16,"1,750","1,733","1,764",(5)(10),SOFR+,7.54,,4/20/2034,
oscf-20241231,2024-12-31,Non-Control/Non-Affiliate Investments,Bain Capital Euro CLO 2021-2,Multi-Sector Holdings,CLO Notes,6.62,"1,307","1,251","1,248",(5)(10),E+,3.4,,7/17/2034,
oscf-20241231,2024-12-31,Non-Control/Non-Affiliate Investments,Ballyrock CLO 19,Multi-Sector Holdings,CLO Notes,11.73,"2,220","2,223","2,230",(5)(10),SOFR+,7.11,,4/20/2035,
oscf-20241231,2024-12-31,Non-Control/Non-Affiliate Investments,Bamboo US Bidco LLC,Health Care Equipment,First Lien Term Loan,9.77,"25,574","24,966","25,318",(5)(8),SOFR+,5.25,,9/30/2030,
oscf-20241231,2024-12-31,Non-Control/Non-Affiliate Investments,Bamboo US Bidco LLC,Health Care Equipment,First Lien Term Loan,8.25,"16,859","16,458","16,312",(5)(8),E+,5.25,,9/30/2030,
oscf-20241231,2024-12-31,Non-Control/Non-Affiliate Investments,Bamboo US Bidco LLC,Health Care Equipment,First Lien Term Loan,9.77,"2,304","2,251","2,265",(5)(8)(9),SOFR+,5.25,,9/30/2030,
oscf-20241231,2024-12-31,Non-Control/Non-Affiliate Investments,Bamboo US Bidco LLC,Health Care Equipment,First Lien Term Loan,,—,-16,-33,(5)(8)(9),SOFR+,5.25,,9/30/2030,
oscf-20241231,2024-12-31,Non-Control/Non-Affiliate Investments,Bamboo US Bidco LLC,Health Care Equipment,First Lien Term Loan,,—,0,-33,(5)(8)(9),SOFR+,5.25,,9/30/2030,
oscf-20241231,2024-12-31,Non-Control/Non-Affiliate Investments,Bamboo US Bidco LLC,Health Care Equipment,First Lien Revolver,,—,-124,-52,(5)(8)(9),SOFR+,5.25,,9/30/2030,
oscf-20241231,2024-12-31,Non-Control/Non-Affiliate Investments,"BioXcel Therapeutics, Inc.",Pharmaceuticals,First Lien Term Loan,3,—,0,0,(8)(9)(10),,,10,4/19/2027,
oscf-20241231,2024-12-31,Non-Control/Non-Affiliate Investments,"BioXcel Therapeutics, Inc.",Pharmaceuticals,First Lien Term Loan,3,—,0,0,(8)(9)(10),,,10,4/19/2027,
oscf-20241231,2024-12-31,Non-Control/Non-Affiliate Investments,"BioXcel Therapeutics, Inc.",Pharmaceuticals,First Lien Term Loan,3,—,0,0,(8)(9)(10),,,10,4/19/2027,
oscf-20241231,2024-12-31,Non-Control/Non-Affiliate Investments,"BioXcel Therapeutics, Inc.",Pharmaceuticals,First Lien Term Loan,3,"3,373","3,312","2,918",(8)(10),,,10,4/19/2027,
oscf-20241231,2024-12-31,Non-Control/Non-Affiliate Investments,"BioXcel Therapeutics, Inc.",Pharmaceuticals,First Lien Term Loan,3,"1,398","1,397","1,210",(8)(10),,,10,4/19/2027,
oscf-20241231,2024-12-31,Non-Control/Non-Affiliate Investments,"BioXcel Therapeutics, Inc.",Pharmaceuticals,Warrants,,,0,81,-10,,,,,"223,550"
oscf-20241231,2024-12-31,Non-Control/Non-Affiliate Investments,"BioXcel Therapeutics, Inc.",Pharmaceuticals,Warrants,,,74,5,(8)(10),,,,,"15,566"
oscf-20241231,2024-12-31,Non-Control/Non-Affiliate Investments,"BioXcel Therapeutics, Inc.",Pharmaceuticals,Warrants,,,0,1,(8)(10),,,,,"4,471"
oscf-20241231,2024-12-31,Non-Control/Non-Affiliate Investments,"Biscuit Parent, LLC",Application Software,First Lien Term Loan,,—,-80,-165,(5)(8)(9),SOFR+,4.75,,2/27/2031,
oscf-20241231,2024-12-31,Non-Control/Non-Affiliate Investments,"Biscuit Parent, LLC",Application Software,First Lien Term Loan,9.08,"32,949","32,631","32,719",(5)(8),SOFR+,4.75,,2/27/2031,
oscf-20241231,2024-12-31,Non-Control/Non-Affiliate Investments,"Biscuit Parent, LLC",Application Software,First Lien Term Loan,9.08,"49,750","49,004","49,402",(5)(8),SOFR+,4.75,,2/27/2031,
oscf-20241231,2024-12-31,Non-Control/Non-Affiliate Investments,"Biscuit Parent, LLC",Application Software,First Lien Revolver,,—,-225,-105,(5)(8)(9),SOFR+,4.75,,2/27/2031,
oscf-20241231,2024-12-31,Non-Control/Non-Affiliate Investments,"Blackhawk Network Holdings, Inc.",Data Processing & Outsourced Services,First Lien Term Loan,9.36,"56,758","55,746","57,528",-5,SOFR+,5,,3/12/2029,
oscf-20241231,2024-12-31,Non-Control/Non-Affiliate Investments,BMC Software Inc,Systems Software,First Lien Term Loan,8.34,"30,000","29,925","30,285",-5,SOFR+,3.75,,7/30/2031,
oscf-20241231,2024-12-31,Non-Control/Non-Affiliate Investments,Canyon CLO 2020-3,Multi-Sector Holdings,CLO Notes,11.81,"5,490","5,490","5,631",(5)(10),SOFR+,7.15,,10/15/2037,
oscf-20241231,2024-12-31,Non-Control/Non-Affiliate Investments,Carlyle Euro CLO 2021-2,Multi-Sector Holdings,CLO Notes,6.48,"1,510","1,383","1,453",(5)(10),E+,3.3,,10/15/2035,
oscf-20241231,2024-12-31,Non-Control/Non-Affiliate Investments,"CBAM 2017-2, LTD.",Multi-Sector Holdings,CLO Notes,12.01,488,458,472,(5)(10),SOFR+,7.36,,7/17/2034,
oscf-20241231,2024-12-31,Non-Control/Non-Affiliate Investments,CD&R Firefly Bidco Limited,Other Specialty Retail,First Lien Term Loan,10.2,"33,265","32,586","33,419",(5)(10),SONIA+,5.5,,6/21/2028,
oscf-20241231,2024-12-31,Non-Control/Non-Affiliate Investments,CD&R Firefly Bidco Limited,Other Specialty Retail,First Lien Term Loan,10.2,"23,239","22,939","23,028",(5)(10),SONIA+,5.25,,4/29/2029,
oscf-20241231,2024-12-31,Non-Control/Non-Affiliate Investments,"Centralsquare Technologies, LLC",Application Software,First Lien Term Loan,7.25,"30,371","29,719","30,219",(5)(8),SOFR+,6.25,3.38,4/12/2030,
oscf-20241231,2024-12-31,Non-Control/Non-Affiliate Investments,"Centralsquare Technologies, LLC",Application Software,First Lien Revolver,,—,-74,-17,(5)(8)(9),SOFR+,5.75,,4/12/2030,
oscf-20241231,2024-12-31,Non-Control/Non-Affiliate Investments,CIFC European Funding VI,Multi-Sector Holdings,CLO Notes,9.38,"2,733","2,726","2,588",(5)(10),E+,5.96,,10/15/2037,
oscf-20241231,2024-12-31,Non-Control/Non-Affiliate Investments,"Cloud Software Group, Inc.",Application Software,First Lien Term Loan,8.08,"20,000","19,854","20,089",-5,SOFR+,3.75,,3/21/2031,
oscf-20241231,2024-12-31,Non-Control/Non-Affiliate Investments,"Cloud Software Group, Inc.",Application Software,Fixed Rate Bond,6.5,"8,874","8,176","8,721",,,,,3/31/2029,
oscf-20241231,2024-12-31,Non-Control/Non-Affiliate Investments,Colony Holding Corporation,Distributors,First Lien Term Loan,11.11,"3,890","3,856","3,848",(5)(8),SOFR+,6.5,,5/13/2026,
oscf-20241231,2024-12-31,Non-Control/Non-Affiliate Investments,Colony Holding Corporation,Distributors,First Lien Term Loan,11.19,"11,965","11,815","11,832",(5)(8),SOFR+,6.5,,5/13/2026,
oscf-20241231,2024-12-31,Non-Control/Non-Affiliate Investments,Condor Merger Sub Inc.,Systems Software,Fixed Rate Bond,7.38,"32,277","30,136","31,389",,,,,2/15/2030,
oscf-20241231,2024-12-31,Non-Control/Non-Affiliate Investments,"CoreRx, Inc.",Pharmaceuticals,First Lien Term Loan,11.83,"18,328","17,937","17,932",(5)(8),SOFR+,7.5,,4/6/2029,
oscf-20241231,2024-12-31,Non-Control/Non-Affiliate Investments,"Coupa Holdings, LLC",Application Software,First Lien Term Loan,,—,-15,0,(5)(8)(9),SOFR+,5.25,,2/27/2030,
oscf-20241231,2024-12-31,Non-Control/Non-Affiliate Investments,"Coupa Holdings, LLC",Application Software,First Lien Term Loan,9.84,"13,397","13,149","13,397",(5)(8),SOFR+,5.25,,2/27/2030,
oscf-20241231,2024-12-31,Non-Control/Non-Affiliate Investments,"Coupa Holdings, LLC",Application Software,First Lien Revolver,,—,-16,0,(5)(8)(9),SOFR+,5.25,,2/27/2029,
oscf-20241231,2024-12-31,Non-Control/Non-Affiliate Investments,"Creek Parent, Inc.",Life Sciences Tools & Services,First Lien Term Loan,9.63,"106,479","104,626","104,616",(5)(8),SOFR+,5.25,,12/18/2031,
oscf-20241231,2024-12-31,Non-Control/Non-Affiliate Investments,"Creek Parent, Inc.",Life Sciences Tools & Services,First Lien Revolver,,—,-266,-267,(5)(8)(9),SOFR+,5.25,,12/18/2031,
oscf-20241231,2024-12-31,Non-Control/Non-Affiliate Investments,"Crewline Buyer, Inc.",Systems Software,First Lien Term Loan,11.11,"3,080","3,005","3,034",(5)(8),SOFR+,6.75,,11/8/2030,
oscf-20241231,2024-12-31,Non-Control/Non-Affiliate Investments,"Crewline Buyer, Inc.",Systems Software,First Lien Term Loan,11.11,"43,911","42,994","43,252",(5)(8),SOFR+,6.75,,11/8/2030,
oscf-20241231,2024-12-31,Non-Control/Non-Affiliate Investments,"Crewline Buyer, Inc.",Systems Software,First Lien Revolver,,—,-96,-69,(5)(8)(9),SOFR+,6.75,,11/8/2030,
oscf-20241231,2024-12-31,Non-Control/Non-Affiliate Investments,"CVAUSA Management, LLC",Health Care Services,First Lien Term Loan,,—,-154,0,(5)(8)(9),SOFR+,6.5,,5/22/2029,
oscf-20241231,2024-12-31,Non-Control/Non-Affiliate Investments,"CVAUSA Management, LLC",Health Care Services,First Lien Term Loan,,—,-100,0,(5)(8)(9),SOFR+,6.5,,5/22/2029,
oscf-20241231,2024-12-31,Non-Control/Non-Affiliate Investments,"CVAUSA Management, LLC",Health Care Services,First Lien Term Loan,11.02,"21,596","21,300","21,596",(5)(8),SOFR+,6.5,,5/22/2029,
oscf-20241231,2024-12-31,Non-Control/Non-Affiliate Investments,"CVAUSA Management, LLC",Health Care Services,First Lien Revolver,,—,-56,0,(5)(8)(9),SOFR+,6.5,,5/22/2029,
oscf-20241231,2024-12-31,Non-Control/Non-Affiliate Investments,CVC Cordatus Loan Fund XXXI,Multi-Sector Holdings,CLO Notes,10.25,"5,357","5,303","5,225",(5)(10),E+,6.64,,6/15/2037,
oscf-20241231,2024-12-31,Non-Control/Non-Affiliate Investments,"Dealer Tire Financial, LLC",Distributors,Fixed Rate Bond,8,"31,354","31,081","30,833",,,,,2/1/2028,
oscf-20241231,2024-12-31,Non-Control/Non-Affiliate Investments,Delta Leasing SPV II LLC,Specialized Finance,Subordinated Debt Term Loan,3,"27,573","27,573","27,573",(8)(10),,,7,8/31/2029,
oscf-20241231,2024-12-31,Non-Control/Non-Affiliate Investments,Delta Leasing SPV II LLC,Specialized Finance,Subordinated Debt Term Loan,8,"38,591","38,591","38,591",(8)(10),,,3,8/31/2029,
oscf-20241231,2024-12-31,Non-Control/Non-Affiliate Investments,Delta Leasing SPV II LLC,Specialized Finance,Preferred Equity,,,330,430,(8)(10),,,,,330
oscf-20241231,2024-12-31,Non-Control/Non-Affiliate Investments,Delta Leasing SPV II LLC,Specialized Finance,Warrants,,,0,0,(8)(10),,,,,25
oscf-20241231,2024-12-31,Non-Control/Non-Affiliate Investments,Delta Leasing SPV II LLC,Specialized Finance,Common Stock,,,2,2,(8)(10),,,,,2
oscf-20241231,2024-12-31,Non-Control/Non-Affiliate Investments,"DirecTV Financing, LLC",Cable & Satellite,First Lien Term Loan,9.85,"1,831","1,817","1,840",-5,SOFR+,5,,8/2/2027,
oscf-20241231,2024-12-31,Non-Control/Non-Affiliate Investments,"DirecTV Financing, LLC",Cable & Satellite,First Lien Term Loan,10.1,"19,069","18,644","18,760",-5,SOFR+,5.25,,8/2/2029,
oscf-20241231,2024-12-31,Non-Control/Non-Affiliate Investments,"DTI Holdco, Inc.",Research & Consulting Services,First Lien Term Loan,9.11,"37,810","36,820","38,164",-5,SOFR+,4.75,,4/26/2029,
oscf-20241231,2024-12-31,Non-Control/Non-Affiliate Investments,Dukes Root Control Inc.,Environmental & Facilities Services,First Lien Term Loan,11.27,"1,047","1,033","1,041",(5)(8),SOFR+,6.5,,12/8/2028,
oscf-20241231,2024-12-31,Non-Control/Non-Affiliate Investments,Dukes Root Control Inc.,Environmental & Facilities Services,First Lien Term Loan,11.16,"11,656","11,484","11,594",(5)(8),SOFR+,6.5,,12/8/2028,
oscf-20241231,2024-12-31,Non-Control/Non-Affiliate Investments,Dukes Root Control Inc.,Environmental & Facilities Services,First Lien Revolver,11.28,551,530,546,(5)(8)(9),SOFR+,6.5,,12/8/2028,
oscf-20241231,2024-12-31,Non-Control/Non-Affiliate Investments,Eagle Parent Corp.,Diversified Support Services,First Lien Term Loan,9.55,"5,211","5,180","5,128",-5,SOFR+,4.25,,4/2/2029,
oscf-20241231,2024-12-31,Non-Control/Non-Affiliate Investments,Engineering Research And Consulting LLC,Construction & Engineering,First Lien Term Loan,9.51,"31,980","31,466","31,900",(5)(8),SOFR+,5,,8/29/2031,
oscf-20241231,2024-12-31,Non-Control/Non-Affiliate Investments,"Entrata, Inc.",Application Software,First Lien Term Loan,10.09,"45,147","44,257","45,147",(5)(8),SOFR+,5.75,,7/10/2030,
oscf-20241231,2024-12-31,Non-Control/Non-Affiliate Investments,"Entrata, Inc.",Application Software,First Lien Revolver,,—,-92,0,(5)(8)(9),SOFR+,5.75,,7/10/2028,
oscf-20241231,2024-12-31,Non-Control/Non-Affiliate Investments,"Enverus Holdings, Inc.",Application Software,First Lien Term Loan,,—,-34,0,(5)(8)(9),SOFR+,5.5,,12/24/2029,
oscf-20241231,2024-12-31,Non-Control/Non-Affiliate Investments,"Enverus Holdings, Inc.",Application Software,First Lien Term Loan,9.86,"53,764","53,095","53,764",(5)(8),SOFR+,5.5,,12/24/2029,
oscf-20241231,2024-12-31,Non-Control/Non-Affiliate Investments,"Enverus Holdings, Inc.",Application Software,First Lien Revolver,9.86,123,72,123,(5)(8)(9),SOFR+,5.5,,12/24/2029,
oscf-20241231,2024-12-31,Non-Control/Non-Affiliate Investments,Establishment Labs Holdings Inc.,Health Care Technology,First Lien Term Loan,9,"1,832","1,816","1,832",(8)(10),,,,4/21/2027,
oscf-20241231,2024-12-31,Non-Control/Non-Affiliate Investments,Establishment Labs Holdings Inc.,Health Care Technology,First Lien Term Loan,10,"1,689","1,656","1,723",(8)(10),,,,4/21/2027,
oscf-20241231,2024-12-31,Non-Control/Non-Affiliate Investments,Establishment Labs Holdings Inc.,Health Care Technology,First Lien Term Loan,10,—,0,0,(8)(9)(10),,,,4/21/2027,
oscf-20241231,2024-12-31,Non-Control/Non-Affiliate Investments,Establishment Labs Holdings Inc.,Health Care Technology,First Lien Term Loan,9,"11,437","11,365","11,437",(8)(10),,,,4/21/2027,
oscf-20241231,2024-12-31,Non-Control/Non-Affiliate Investments,"Everbridge, Inc.",Application Software,First Lien Term Loan,9.59,"7,739","7,670","7,654",(5)(8)(9),SOFR+,5,,7/2/2031,
oscf-20241231,2024-12-31,Non-Control/Non-Affiliate Investments,"Everbridge, Inc.",Application Software,First Lien Term Loan,9.59,"78,956","78,561","78,617",(5)(8),SOFR+,5,,7/2/2031,
oscf-20241231,2024-12-31,Non-Control/Non-Affiliate Investments,"Everbridge, Inc.",Application Software,First Lien Revolver,,—,-39,-34,(5)(8)(9),SOFR+,5,,7/2/2031,
oscf-20241231,2024-12-31,Non-Control/Non-Affiliate Investments,"Evergreen IX Borrower 2023, LLC",Application Software,First Lien Term Loan,9.08,"9,075","8,984","9,075",(5)(8),SOFR+,4.75,,9/30/2030,
oscf-20241231,2024-12-31,Non-Control/Non-Affiliate Investments,"Evergreen IX Borrower 2023, LLC",Application Software,First Lien Term Loan,9.08,"35,943","35,206","35,943",(5)(8),SOFR+,4.75,,9/30/2030,
oscf-20241231,2024-12-31,Non-Control/Non-Affiliate Investments,"Evergreen IX Borrower 2023, LLC",Application Software,First Lien Revolver,,—,-79,0,(5)(8)(9),SOFR+,4.75,,10/1/2029,
oscf-20241231,2024-12-31,Non-Control/Non-Affiliate Investments,Eyesouth Eye Care Holdco LLC,Health Care Services,First Lien Term Loan,10.15,"3,199","3,144","3,151",(5)(8),SOFR+,5.5,,10/5/2029,
oscf-20241231,2024-12-31,Non-Control/Non-Affiliate Investments,Eyesouth Eye Care Holdco LLC,Health Care Services,First Lien Term Loan,10,49,0,-23,(5)(8)(9),SOFR+,5.5,,10/5/2029,
oscf-20241231,2024-12-31,Non-Control/Non-Affiliate Investments,Eyesouth Eye Care Holdco LLC,Health Care Services,Common Stock,,,885,913,-8,,,,,885
oscf-20241231,2024-12-31,Non-Control/Non-Affiliate Investments,"Finastra USA, Inc.",Application Software,First Lien Term Loan,11.65,"43,404","42,724","43,044",(5)(8)(10),SOFR+,7.25,,9/13/2029,
oscf-20241231,2024-12-31,Non-Control/Non-Affiliate Investments,"Finastra USA, Inc.",Application Software,First Lien Revolver,11.65,"2,822","2,751","2,784",(5)(8)(9)(10),SOFR+,7.25,,9/13/2029,
oscf-20241231,2024-12-31,Non-Control/Non-Affiliate Investments,Fortress Credit BSL XIX,Multi-Sector Holdings,CLO Notes,13,"6,750","6,854","6,938",(5)(10),SOFR+,8.37,,7/24/2036,
oscf-20241231,2024-12-31,Non-Control/Non-Affiliate Investments,Fortress Credit BSL XV,Multi-Sector Holdings,CLO Notes,9.38,"5,000","5,000","5,013",(5)(10),SOFR+,4.75,,10/18/2033,
oscf-20241231,2024-12-31,Non-Control/Non-Affiliate Investments,Fortress Credit BSL XX,Multi-Sector Holdings,CLO Notes,13.14,"5,250","5,356","5,436",(5)(10),SOFR+,8.51,,1/23/2037,
oscf-20241231,2024-12-31,Non-Control/Non-Affiliate Investments,Fortress Credit BSL XXV,Multi-Sector Holdings,CLO Notes,8.93,"2,250","2,250","2,297",(5)(10),SOFR+,4.3,,7/24/2037,
oscf-20241231,2024-12-31,Non-Control/Non-Affiliate Investments,"Galileo Parent, Inc.",Aerospace & Defense,First Lien Term Loan,10.08,"83,616","83,158","83,616",(5)(8),SOFR+,5.75,,5/3/2030,
oscf-20241231,2024-12-31,Non-Control/Non-Affiliate Investments,"Galileo Parent, Inc.",Aerospace & Defense,First Lien Revolver,10.08,"6,022","5,995","6,022",(5)(8)(9),SOFR+,5.75,,5/3/2029,
oscf-20241231,2024-12-31,Non-Control/Non-Affiliate Investments,Gallatin CLO X 2023-1,Multi-Sector Holdings,CLO Notes,10.07,"5,000","4,913","5,075",(5)(10),SOFR+,5.41,,10/14/2035,
oscf-20241231,2024-12-31,Non-Control/Non-Affiliate Investments,Geo Topco Corporation,Building Products,First Lien Term Loan,,—,-101,-98,(5)(8)(9),SOFR+,4.75,,10/15/2031,
oscf-20241231,2024-12-31,Non-Control/Non-Affiliate Investments,Geo Topco Corporation,Building Products,First Lien Term Loan,9.41,"56,177","55,632","55,649",(5)(8),SOFR+,4.75,,10/15/2031,
oscf-20241231,2024-12-31,Non-Control/Non-Affiliate Investments,Geo Topco Corporation,Building Products,First Lien Revolver,9.27,"2,601","2,525","2,528",(5)(8)(9),SOFR+,4.75,,10/15/2031,
oscf-20241231,2024-12-31,Non-Control/Non-Affiliate Investments,Global Aircraft Leasing Co Ltd,Trading Companies & Distributors,Fixed Rate Bond,8.75,"50,841","50,841","51,916",-10,,,,9/1/2027,
oscf-20241231,2024-12-31,Non-Control/Non-Affiliate Investments,"Greenway Health, LLC",Health Care Technology,First Lien Term Loan,11.08,"24,813","24,214","24,813",(5)(8),SOFR+,6.75,,4/1/2029,
oscf-20241231,2024-12-31,Non-Control/Non-Affiliate Investments,"Grove Hotel Parcel Owner, LLC","Hotels, Resorts & Cruise Lines",First Lien Term Loan,12.46,"3,537","3,502","3,456",(5)(8),SOFR+,8,,6/21/2027,
oscf-20241231,2024-12-31,Non-Control/Non-Affiliate Investments,"Grove Hotel Parcel Owner, LLC","Hotels, Resorts & Cruise Lines",First Lien Term Loan,12.46,"17,286","17,115","16,894",(5)(8),SOFR+,8,,6/21/2027,
oscf-20241231,2024-12-31,Non-Control/Non-Affiliate Investments,"Grove Hotel Parcel Owner, LLC","Hotels, Resorts & Cruise Lines",First Lien Revolver,12.65,707,690,667,(5)(8)(9),SOFR+,8,,6/21/2027,
oscf-20241231,2024-12-31,Non-Control/Non-Affiliate Investments,Harbor Purchaser Inc.,Education Services,First Lien Term Loan,9.71,"25,105","24,658","24,790",-5,SOFR+,5.25,,4/9/2029,
oscf-20241231,2024-12-31,Non-Control/Non-Affiliate Investments,"Harrow, Inc.",Pharmaceuticals,First Lien Term Loan,11.28,"4,301","4,261","4,366",(5)(8)(10),SOFR+,6.5,,1/19/2026,
oscf-20241231,2024-12-31,Non-Control/Non-Affiliate Investments,"Harrow, Inc.",Pharmaceuticals,First Lien Term Loan,10.97,"1,792","1,773","1,819",(5)(8)(10),SOFR+,6.5,,1/19/2026,
oscf-20241231,2024-12-31,Non-Control/Non-Affiliate Investments,"Harrow, Inc.",Pharmaceuticals,First Lien Term Loan,10.98,"9,319","9,232","9,459",(5)(8)(10),SOFR+,6.5,,1/19/2026,
oscf-20241231,2024-12-31,Non-Control/Non-Affiliate Investments,Henley CLO II,Multi-Sector Holdings,CLO Notes,8.8,"3,495","3,495","3,330",(5)(10),E+,5.71,,1/25/2034,
oscf-20241231,2024-12-31,Non-Control/Non-Affiliate Investments,Husky Injection Molding Systems Ltd.,Industrial Machinery & Supplies & Components,First Lien Term Loan,9.57,"33,014","32,664","33,334",(5)(10),SOFR+,5,,2/15/2029,
oscf-20241231,2024-12-31,Non-Control/Non-Affiliate Investments,Husky Injection Molding Systems Ltd.,Industrial Machinery & Supplies & Components,Fixed Rate Bond,9,"6,142","6,142","6,420",-10,,,,2/15/2029,
oscf-20241231,2024-12-31,Non-Control/Non-Affiliate Investments,IAMGOLD Corporation,Gold,Second Lien Term Loan,12.77,"28,394","27,820","29,581",(5)(8)(10),SOFR+,8.25,,5/16/2028,
oscf-20241231,2024-12-31,Non-Control/Non-Affiliate Investments,"Icefall Parent, Inc.",Application Software,First Lien Term Loan,10.86,"27,948","27,476","27,948",(5)(8),SOFR+,6.5,,1/25/2030,
oscf-20241231,2024-12-31,Non-Control/Non-Affiliate Investments,"Icefall Parent, Inc.",Application Software,First Lien Revolver,,—,-45,0,(5)(8)(9),SOFR+,6.5,,1/25/2030,
oscf-20241231,2024-12-31,Non-Control/Non-Affiliate Investments,"iCIMs, Inc.",Application Software,First Lien Term Loan,10.88,"2,325","2,300","2,292",(5)(8),SOFR+,6.25,,8/18/2028,
oscf-20241231,2024-12-31,Non-Control/Non-Affiliate Investments,"iCIMs, Inc.",Application Software,First Lien Term Loan,,—,0,0,(5)(8)(9),SOFR+,6.25,,8/18/2028,
oscf-20241231,2024-12-31,Non-Control/Non-Affiliate Investments,"iCIMs, Inc.",Application Software,First Lien Term Loan,10.38,"16,314","16,163","15,824",(5)(8),SOFR+,5.75,,8/18/2028,
oscf-20241231,2024-12-31,Non-Control/Non-Affiliate Investments,"iCIMs, Inc.",Application Software,First Lien Revolver,10.34,289,274,246,(5)(8)(9),SOFR+,5.75,,8/18/2028,
oscf-20241231,2024-12-31,Non-Control/Non-Affiliate Investments,Inmar Inc,Application Software,First Lien Term Loan,9.51,"48,402","48,164","48,621",-5,SOFR+,5,,10/30/2031,
oscf-20241231,2024-12-31,Non-Control/Non-Affiliate Investments,Innocoll Pharmaceuticals Limited,Health Care Technology,Warrants,,,85,0,(8)(10),,,,,"57,693"
oscf-20241231,2024-12-31,Non-Control/Non-Affiliate Investments,"Integrity Marketing Acquisition, LLC",Insurance Brokers,First Lien Term Loan,9.51,"61,469","60,939","61,272",(5)(8),SOFR+,5,,8/25/2028,
oscf-20241231,2024-12-31,Non-Control/Non-Affiliate Investments,"Integrity Marketing Acquisition, LLC",Insurance Brokers,First Lien Term Loan,,—,-188,-121,(5)(8)(9),SOFR+,5,,8/25/2028,
oscf-20241231,2024-12-31,Non-Control/Non-Affiliate Investments,"Integrity Marketing Acquisition, LLC",Insurance Brokers,First Lien Revolver,,—,-70,-25,(5)(8)(9),SOFR+,5,,8/25/2028,
oscf-20241231,2024-12-31,Non-Control/Non-Affiliate Investments,"Inventus Power, Inc.",Electrical Components & Equipment,First Lien Term Loan,11.97,"43,216","43,114","42,568",(5)(8),SOFR+,7.5,,6/30/2025,
oscf-20241231,2024-12-31,Non-Control/Non-Affiliate Investments,"Inventus Power, Inc.",Electrical Components & Equipment,First Lien Revolver,,—,-37,-74,(5)(8)(9),SOFR+,7.5,,6/30/2025,
oscf-20241231,2024-12-31,Non-Control/Non-Affiliate Investments,IW Buyer LLC,Electrical Components & Equipment,First Lien Term Loan,9.43,"5,522","5,467","5,474",(5)(8),SOFR+,5,,6/28/2029,
oscf-20241231,2024-12-31,Non-Control/Non-Affiliate Investments,IW Buyer LLC,Electrical Components & Equipment,First Lien Term Loan,9.43,"32,124","31,471","31,845",(5)(8),SOFR+,5,,6/28/2029,
oscf-20241231,2024-12-31,Non-Control/Non-Affiliate Investments,IW Buyer LLC,Electrical Components & Equipment,First Lien Revolver,,—,-152,-65,(5)(8)(9),SOFR+,5,,6/28/2029,
oscf-20241231,2024-12-31,Non-Control/Non-Affiliate Investments,Janus Bidco Limited,Application Software,First Lien Term Loan,,—,-197,0,(5)(8)(9)(10),SONIA+,6,,4/25/2031,
oscf-20241231,2024-12-31,Non-Control/Non-Affiliate Investments,Janus Bidco Limited,Application Software,First Lien Term Loan,10.52,"54,214","52,983","53,992",(5)(8)(10),SOFR+,6,,4/25/2031,
oscf-20241231,2024-12-31,Non-Control/Non-Affiliate Investments,Janus Bidco Limited,Application Software,First Lien Term Loan,10.7,"3,064","2,994","3,042",(5)(8)(10),SONIA+,6,,4/25/2031,
oscf-20241231,2024-12-31,Non-Control/Non-Affiliate Investments,JN Bidco LLC,Health Care Technology,Common Stock,,,"3,596","3,596",-8,,,,,
oscf-20241231,2024-12-31,Non-Control/Non-Affiliate Investments,"Kings Buyer, LLC",Environmental & Facilities Services,First Lien Term Loan,9.18,"4,742","4,694","4,623",(5)(8),SOFR+,5,,10/29/2027,
oscf-20241231,2024-12-31,Non-Control/Non-Affiliate Investments,"Kings Buyer, LLC",Environmental & Facilities Services,First Lien Term Loan,9.18,"58,255","57,652","56,798",(5)(8),SOFR+,5,,10/29/2027,
oscf-20241231,2024-12-31,Non-Control/Non-Affiliate Investments,"Kings Buyer, LLC",Environmental & Facilities Services,First Lien Revolver,11.5,"1,221","1,170","1,099",(5)(8)(9),PRIME+,4,,10/29/2027,
oscf-20241231,2024-12-31,Non-Control/Non-Affiliate Investments,"Kings Buyer, LLC",Environmental & Facilities Services,First Lien Revolver,11.5,166,160,150,(5)(8)(9),PRIME+,4,,10/29/2027,
oscf-20241231,2024-12-31,Non-Control/Non-Affiliate Investments,Kite Midco II Inc.,Research & Consulting Services,First Lien Term Loan,,—,-71,-70,(5)(8)(9),SOFR+,5,,12/2/2031,
oscf-20241231,2024-12-31,Non-Control/Non-Affiliate Investments,Kite Midco II Inc.,Research & Consulting Services,First Lien Term Loan,9.43,"39,033","38,455","38,463",(5)(8),SOFR+,5,,11/28/2031,
oscf-20241231,2024-12-31,Non-Control/Non-Affiliate Investments,"LABL, Inc.",Office Services & Supplies,First Lien Term Loan,9.46,"42,188","41,503","40,896",-5,SOFR+,5,,10/29/2028,
oscf-20241231,2024-12-31,Non-Control/Non-Affiliate Investments,Latam Airlines Group S.A.,Passenger Airlines,Fixed Rate Bond,7.88,"7,775","7,775","7,881",-10,,,,4/15/2030,
oscf-20241231,2024-12-31,Non-Control/Non-Affiliate Investments,Learfield Communications LLC,Movies & Entertainment,First Lien Term Loan,9.36,"47,502","47,353","48,031",-5,SOFR+,5,,6/30/2028,
oscf-20241231,2024-12-31,Non-Control/Non-Affiliate Investments,"Legends Hospitality Holding Company, LLC",Specialized Consumer Services,First Lien Term Loan,7.27,"56,041","54,986","55,038",(5)(8),SOFR+,5.5,2.75,8/22/2031,
oscf-20241231,2024-12-31,Non-Control/Non-Affiliate Investments,"Legends Hospitality Holding Company, LLC",Specialized Consumer Services,First Lien Term Loan,,—,-31,-33,(5)(8)(9),SOFR+,5.5,,8/22/2031,
oscf-20241231,2024-12-31,Non-Control/Non-Affiliate Investments,"Legends Hospitality Holding Company, LLC",Specialized Consumer Services,First Lien Revolver,9.44,655,532,538,(5)(8)(9),SOFR+,5,,8/22/2030,
oscf-20241231,2024-12-31,Non-Control/Non-Affiliate Investments,Lsf12 Crown US Commercial Bidco LLC,Building Products,First Lien Term Loan,8.8,"39,459","39,066","39,459",-5,SOFR+,4.25,,12/2/2031,
oscf-20241231,2024-12-31,Non-Control/Non-Affiliate Investments,"LSL Holdco, LLC",Health Care Distributors,First Lien Term Loan,10.46,"1,034",991,985,(5)(8),SOFR+,6,,1/31/2028,
oscf-20241231,2024-12-31,Non-Control/Non-Affiliate Investments,"LSL Holdco, LLC",Health Care Distributors,First Lien Term Loan,10.46,"8,883","8,792","8,461",(5)(8),SOFR+,6,,1/31/2028,
oscf-20241231,2024-12-31,Non-Control/Non-Affiliate Investments,"LSL Holdco, LLC",Health Care Distributors,First Lien Revolver,10.46,284,274,236,(5)(8)(9),SOFR+,6,,1/31/2028,
oscf-20241231,2024-12-31,Non-Control/Non-Affiliate Investments,LTI Holdings Inc,Electronic Components,First Lien Term Loan,9.11,"29,196","28,793","29,280",(5)(10),SOFR+,4.75,,7/29/2029,
oscf-20241231,2024-12-31,Non-Control/Non-Affiliate Investments,M2S Group Intermediate Holdings Inc,Multi-Sector Holdings,First Lien Term Loan,9.09,"37,608","35,455","36,386",-5,SOFR+,4.75,,8/25/2031,
oscf-20241231,2024-12-31,Non-Control/Non-Affiliate Investments,Madison Park Euro Funding XIV,Multi-Sector Holdings,CLO Notes,6.78,"7,036","6,783","6,692",(5)(10),E+,3.6,,7/15/2032,
oscf-20241231,2024-12-31,Non-Control/Non-Affiliate Investments,Madison Park Funding LXIII,Multi-Sector Holdings,CLO Notes,10.13,"5,000","5,000","5,078",(5)(10),SOFR+,5.5,,4/21/2035,
oscf-20241231,2024-12-31,Non-Control/Non-Affiliate Investments,Marble Point CLO XVII,Multi-Sector Holdings,CLO Notes,8.27,"3,000","3,000","3,016",(5)(10),SOFR+,3.65,,7/20/2037,
oscf-20241231,2024-12-31,Non-Control/Non-Affiliate Investments,Mauser Packaging Solutions Holding Co,"Metal, Glass & Plastic Containers",Fixed Rate Bond,7.88,"12,500","12,372","12,768",,,,,4/15/2027,
oscf-20241231,2024-12-31,Non-Control/Non-Affiliate Investments,"Mesoblast, Inc.",Biotechnology,First Lien Term Loan,9.75,"1,858","1,793","1,853",(8)(10),,,,11/19/2026,
oscf-20241231,2024-12-31,Non-Control/Non-Affiliate Investments,"Mesoblast, Inc.",Biotechnology,Common Stock,,,62,169,-10,,,,,"8,529"
oscf-20241231,2024-12-31,Non-Control/Non-Affiliate Investments,"Mesoblast, Inc.",Biotechnology,Warrants,,,152,385,(8)(10),,,,,"33,174"
oscf-20241231,2024-12-31,Non-Control/Non-Affiliate Investments,"MHE Intermediate Holdings, LLC",Diversified Support Services,First Lien Term Loan,10.74,"5,219","5,115","5,154",(5)(8),SOFR+,6,,7/21/2027,
oscf-20241231,2024-12-31,Non-Control/Non-Affiliate Investments,"MHE Intermediate Holdings, LLC",Diversified Support Services,First Lien Term Loan,10.99,"1,015",999,"1,003",(5)(8),SOFR+,6,,7/21/2027,
oscf-20241231,2024-12-31,Non-Control/Non-Affiliate Investments,Microf Funding V LLC,Consumer Finance,First Lien Term Loan,10.91,"14,239","13,986","14,319",(5)(8)(9)(10),SOFR+,6.58,,6/3/2027,
oscf-20241231,2024-12-31,Non-Control/Non-Affiliate Investments,"Minotaur Acquisition, Inc.",Financial Exchanges & Data,First Lien Term Loan,,—,-70,-70,(5)(8)(9)(10),SOFR+,5,,6/3/2030,
oscf-20241231,2024-12-31,Non-Control/Non-Affiliate Investments,"Minotaur Acquisition, Inc.",Financial Exchanges & Data,First Lien Term Loan,9.36,"6,958","6,819","6,888",(5)(8)(10),SOFR+,5,,6/3/2030,
oscf-20241231,2024-12-31,Non-Control/Non-Affiliate Investments,"Minotaur Acquisition, Inc.",Financial Exchanges & Data,First Lien Term Loan,9.36,"41,649","40,897","41,233",(5)(8)(10),SOFR+,5,,6/3/2030,
oscf-20241231,2024-12-31,Non-Control/Non-Affiliate Investments,"Minotaur Acquisition, Inc.",Financial Exchanges & Data,First Lien Revolver,,—,-75,-42,(5)(8)(9)(10),SOFR+,5,,6/3/2030,
oscf-20241231,2024-12-31,Non-Control/Non-Affiliate Investments,Mitchell International Inc,Application Software,Second Lien Term Loan,9.61,"27,135","27,065","26,909",-5,SOFR+,5.25,,6/17/2032,
oscf-20241231,2024-12-31,Non-Control/Non-Affiliate Investments,Mitchell International Inc,Application Software,First Lien Term Loan,7.61,"17,057","16,972","17,088",-5,SOFR+,3.25,,6/17/2031,
oscf-20241231,2024-12-31,Non-Control/Non-Affiliate Investments,Modena Buyer LLC,Application Software,First Lien Term Loan,8.86,"42,650","41,856","41,416",-5,SOFR+,4.5,,7/1/2031,
oscf-20241231,2024-12-31,Non-Control/Non-Affiliate Investments,Monotype Imaging Holdings Inc.,Application Software,First Lien Term Loan,10.02,"1,404","1,348","1,404",(5)(8)(9),SOFR+,5.5,,2/28/2031,
oscf-20241231,2024-12-31,Non-Control/Non-Affiliate Investments,Monotype Imaging Holdings Inc.,Application Software,First Lien Term Loan,10.01,"71,928","70,849","71,928",(5)(8),SOFR+,5.5,,2/28/2031,
oscf-20241231,2024-12-31,Non-Control/Non-Affiliate Investments,Monotype Imaging Holdings Inc.,Application Software,First Lien Revolver,,—,-117,0,(5)(8)(9),SOFR+,5.5,,2/28/2030,
oscf-20241231,2024-12-31,Non-Control/Non-Affiliate Investments,MRI Software LLC,Application Software,First Lien Term Loan,9.08,460,426,417,(5)(8)(9),SOFR+,4.75,,2/10/2027,
oscf-20241231,2024-12-31,Non-Control/Non-Affiliate Investments,MRI Software LLC,Application Software,First Lien Term Loan,9.08,"7,109","7,104","7,046",(5)(8),SOFR+,4.75,,2/10/2027,
oscf-20241231,2024-12-31,Non-Control/Non-Affiliate Investments,MRI Software LLC,Application Software,First Lien Term Loan,9.08,"58,105","57,507","57,593",(5)(8),SOFR+,4.75,,2/10/2027,
oscf-20241231,2024-12-31,Non-Control/Non-Affiliate Investments,MRI Software LLC,Application Software,First Lien Revolver,9.08,328,297,276,(5)(8)(9),SOFR+,4.75,,2/10/2027,
oscf-20241231,2024-12-31,Non-Control/Non-Affiliate Investments,"Neptune Platform Buyer, LLC",Aerospace & Defense,First Lien Term Loan,,—,-13,0,(5)(8)(9),SOFR+,5.25,,1/19/2031,
oscf-20241231,2024-12-31,Non-Control/Non-Affiliate Investments,"Neptune Platform Buyer, LLC",Aerospace & Defense,First Lien Term Loan,9.58,"32,899","32,401","32,754",(5)(8),SOFR+,5.25,,1/19/2031,
oscf-20241231,2024-12-31,Non-Control/Non-Affiliate Investments,"Next Holdco, LLC",Health Care Technology,First Lien Term Loan,,—,-90,0,(5)(8)(9),SOFR+,5.75,,11/12/2030,
oscf-20241231,2024-12-31,Non-Control/Non-Affiliate Investments,"Next Holdco, LLC",Health Care Technology,First Lien Term Loan,10.27,"46,274","45,580","46,274",(5)(8),SOFR+,5.75,,11/12/2030,
oscf-20241231,2024-12-31,Non-Control/Non-Affiliate Investments,"Next Holdco, LLC",Health Care Technology,First Lien Revolver,,—,-67,0,(5)(8)(9),SOFR+,5.75,,11/9/2029,
oscf-20241231,2024-12-31,Non-Control/Non-Affiliate Investments,"NFM & J, L.P.",Diversified Support Services,First Lien Term Loan,10.59,"1,382","1,249","1,234",(5)(8)(9),SOFR+,5.75,,11/10/2029,
oscf-20241231,2024-12-31,Non-Control/Non-Affiliate Investments,"NFM & J, L.P.",Diversified Support Services,First Lien Term Loan,10.37,"22,071","21,630","21,806",(5)(8),SOFR+,5.75,,11/10/2029,
oscf-20241231,2024-12-31,Non-Control/Non-Affiliate Investments,"NFM & J, L.P.",Diversified Support Services,First Lien Revolver,,—,-99,-60,(5)(8)(9),SOFR+,5.75,,11/10/2029,
oscf-20241231,2024-12-31,Non-Control/Non-Affiliate Investments,"North Star Acquisitionco, LLC",Education Services,First Lien Term Loan,9.1,"5,744","6,148","6,082",(5)(8)(9),SOFR+,5,,5/3/2029,
oscf-20241231,2024-12-31,Non-Control/Non-Affiliate Investments,"North Star Acquisitionco, LLC",Education Services,First Lien Term Loan,9.08,"3,322","3,273","3,313",(5)(8)(9),SOFR+,4.75,,5/3/2029,
oscf-20241231,2024-12-31,Non-Control/Non-Affiliate Investments,"North Star Acquisitionco, LLC",Education Services,First Lien Term Loan,9.08,"36,259","35,735","36,168",(5)(8),SOFR+,4.75,,5/3/2029,
oscf-20241231,2024-12-31,Non-Control/Non-Affiliate Investments,"North Star Acquisitionco, LLC",Education Services,First Lien Term Loan,9.08,"27,916","27,777","27,847",(5)(8),SOFR+,5,,5/3/2029,
oscf-20241231,2024-12-31,Non-Control/Non-Affiliate Investments,"North Star Acquisitionco, LLC",Education Services,First Lien Term Loan,9.45,"6,229","6,198","6,059",(5)(8),NIBOR+,5,,5/3/2029,
oscf-20241231,2024-12-31,Non-Control/Non-Affiliate Investments,"North Star Acquisitionco, LLC",Education Services,First Lien Term Loan,9.45,"3,941","3,917","3,932",(5)(8),SONIA+,5,,5/3/2029,
oscf-20241231,2024-12-31,Non-Control/Non-Affiliate Investments,"North Star Acquisitionco, LLC",Education Services,First Lien Revolver,,—,-31,-15,(5)(8)(9),SONIA+,5,,5/3/2029,
oscf-20241231,2024-12-31,Non-Control/Non-Affiliate Investments,"North Star Acquisitionco, LLC",Education Services,First Lien Revolver,,—,-63,-11,(5)(8)(9),SOFR+,4.75,,5/3/2029,
oscf-20241231,2024-12-31,Non-Control/Non-Affiliate Investments,Northwoods Capital 25 Ltd,Multi-Sector Holdings,CLO Notes,12.02,700,682,698,(5)(10),SOFR+,7.4,,7/20/2034,
oscf-20241231,2024-12-31,Non-Control/Non-Affiliate Investments,Northwoods Capital XV,Multi-Sector Holdings,CLO Notes,8.37,"4,000","3,922","4,014",(5)(10),SOFR+,4.01,,6/20/2034,
oscf-20241231,2024-12-31,Non-Control/Non-Affiliate Investments,Octagon 66,Multi-Sector Holdings,CLO Notes,9.58,"3,000","2,970","3,091",(5)(10),SOFR+,5.09,,11/16/2036,
oscf-20241231,2024-12-31,Non-Control/Non-Affiliate Investments,OFSI BSL XIII CLO,Multi-Sector Holdings,CLO Notes,9.12,"5,000","5,000","5,034",(5)(10),SOFR+,4.5,,4/20/2037,
oscf-20241231,2024-12-31,Non-Control/Non-Affiliate Investments,OFSI Fund Ltd,Multi-Sector Holdings,CLO Notes,12.1,"1,105","1,049","1,093",(5)(10),SOFR+,7.48,,4/20/2034,
oscf-20241231,2024-12-31,Non-Control/Non-Affiliate Investments,"OneOncology, LLC",Health Care Services,First Lien Term Loan,9.33,"17,122","16,951","16,951",(5)(8),SOFR+,5,,6/10/2030,
oscf-20241231,2024-12-31,Non-Control/Non-Affiliate Investments,"OneOncology, LLC",Health Care Services,First Lien Term Loan,9.68,"11,500","11,334","11,271",(5)(8)(9),SOFR+,5,,6/10/2030,
oscf-20241231,2024-12-31,Non-Control/Non-Affiliate Investments,"OneOncology, LLC",Health Care Services,First Lien Term Loan,10.58,"8,539","8,326","8,539",(5)(8),SOFR+,6.25,,6/10/2030,
oscf-20241231,2024-12-31,Non-Control/Non-Affiliate Investments,"OneOncology, LLC",Health Care Services,First Lien Term Loan,10.58,"22,599","22,160","22,599",(5)(8),SOFR+,6.25,,6/10/2030,
oscf-20241231,2024-12-31,Non-Control/Non-Affiliate Investments,"OneOncology, LLC",Health Care Services,First Lien Revolver,,—,-85,0,(5)(8)(9),SOFR+,6.25,,6/11/2029,
oscf-20241231,2024-12-31,Non-Control/Non-Affiliate Investments,Optimizely North America Inc.,Application Software,First Lien Term Loan,9.36,"47,774","47,308","47,320",(5)(8)(10),SOFR+,5,,10/30/2031,
oscf-20241231,2024-12-31,Non-Control/Non-Affiliate Investments,Optimizely North America Inc.,Application Software,First Lien Revolver,,—,-69,-68,(5)(8)(9)(10),SOFR+,5,,10/30/2031,
oscf-20241231,2024-12-31,Non-Control/Non-Affiliate Investments,Optimizely Sweden Holdings AB,Application Software,First Lien Term Loan,10.2,"7,397","7,325","7,053",(5)(8)(10),SONIA+,5.5,,10/30/2031,
oscf-20241231,2024-12-31,Non-Control/Non-Affiliate Investments,Optimizely Sweden Holdings AB,Application Software,First Lien Term Loan,8.33,"18,532","18,351","17,497",(5)(8)(10),E+,5.25,,10/30/2031,
oscf-20241231,2024-12-31,Non-Control/Non-Affiliate Investments,"Oranje Holdco, Inc.",Systems Software,First Lien Term Loan,11.58,"16,868","16,580","16,614",(5)(8),SOFR+,7.25,,2/1/2029,
oscf-20241231,2024-12-31,Non-Control/Non-Affiliate Investments,"Oranje Holdco, Inc.",Systems Software,First Lien Term Loan,12.32,"15,746","15,478","15,746",(5)(8),SOFR+,7.75,,2/1/2029,
oscf-20241231,2024-12-31,Non-Control/Non-Affiliate Investments,"Oranje Holdco, Inc.",Systems Software,First Lien Revolver,,—,-33,0,(5)(8)(9),SOFR+,7.75,,2/1/2029,
oscf-20241231,2024-12-31,Non-Control/Non-Affiliate Investments,Peraton Corp.,Aerospace & Defense,First Lien Term Loan,8.21,"7,433","7,399","6,936",-5,SOFR+,3.75,,2/1/2028,
oscf-20241231,2024-12-31,Non-Control/Non-Affiliate Investments,PetSmart LLC,Other Specialty Retail,First Lien Term Loan,8.21,"27,619","27,309","27,561",-5,SOFR+,3.75,,2/11/2028,
oscf-20241231,2024-12-31,Non-Control/Non-Affiliate Investments,"PetVet Care Centers, LLC",Health Care Services,First Lien Term Loan,10.36,"72,911","71,688","71,598",(5)(8),SOFR+,6,,11/15/2030,
oscf-20241231,2024-12-31,Non-Control/Non-Affiliate Investments,"PetVet Care Centers, LLC",Health Care Services,First Lien Term Loan,,—,-96,-173,(5)(8)(9),SOFR+,6,,11/15/2030,
oscf-20241231,2024-12-31,Non-Control/Non-Affiliate Investments,"PetVet Care Centers, LLC",Health Care Services,First Lien Revolver,,—,-156,-173,(5)(8)(9),SOFR+,6,,11/15/2029,
oscf-20241231,2024-12-31,Non-Control/Non-Affiliate Investments,"PetVet Care Centers, LLC",Health Care Services,Preferred Equity,,,"6,211","7,352",-8,,,,,"6,338"
oscf-20241231,2024-12-31,Non-Control/Non-Affiliate Investments,"Pluralsight, LLC",Application Software,First Lien Term Loan,7.51,"1,922","1,922","1,922",(5)(8),SOFR+,4.5,1.5,8/22/2029,
oscf-20241231,2024-12-31,Non-Control/Non-Affiliate Investments,"Pluralsight, LLC",Application Software,First Lien Term Loan,7.51,"3,330","3,330","3,330",(5)(8),SOFR+,4.5,1.5,8/22/2029,
oscf-20241231,2024-12-31,Non-Control/Non-Affiliate Investments,"Pluralsight, LLC",Application Software,First Lien Term Loan,,"5,137","5,137","5,137",(5)(8),SOFR+,7.5,12.01,8/22/2029,
oscf-20241231,2024-12-31,Non-Control/Non-Affiliate Investments,"Pluralsight, LLC",Application Software,First Lien Term Loan,,—,0,0,(5)(8)(9),SOFR+,4.5,,8/22/2029,
oscf-20241231,2024-12-31,Non-Control/Non-Affiliate Investments,"Pluralsight, LLC",Application Software,First Lien Revolver,,—,0,0,(5)(8)(9),SOFR+,4.5,,8/22/2029,
oscf-20241231,2024-12-31,Non-Control/Non-Affiliate Investments,"Pluralsight, LLC",Application Software,Common Stock,,,"5,540","4,064",-8,,,,,"1,658,698"
oscf-20241231,2024-12-31,Non-Control/Non-Affiliate Investments,Poseidon Midco AB,Pharmaceuticals,First Lien Term Loan,8.34,"56,472","55,084","51,561",(5)(8)(10),E+,5.5,,5/16/2031,
oscf-20241231,2024-12-31,Non-Control/Non-Affiliate Investments,Poseidon Midco AB,Pharmaceuticals,First Lien Term Loan,,—,0,-299,(5)(8)(9)(10),E+,5.5,,5/16/2031,
oscf-20241231,2024-12-31,Non-Control/Non-Affiliate Investments,"PPW Aero Buyer, Inc.",Aerospace & Defense,First Lien Term Loan,11.01,"26,421","25,695","26,421",(5)(8),SOFR+,6.5,,2/15/2029,
oscf-20241231,2024-12-31,Non-Control/Non-Affiliate Investments,"PPW Aero Buyer, Inc.",Aerospace & Defense,First Lien Term Loan,10.16,"14,790","14,710","14,606",(5)(8),SOFR+,5.5,,2/15/2029,
oscf-20241231,2024-12-31,Non-Control/Non-Affiliate Investments,"PPW Aero Buyer, Inc.",Aerospace & Defense,First Lien Term Loan,,—,-187,-295,(5)(8)(9),SOFR+,5.5,,2/15/2029,
oscf-20241231,2024-12-31,Non-Control/Non-Affiliate Investments,"PPW Aero Buyer, Inc.",Aerospace & Defense,First Lien Revolver,13,"1,898","1,799","1,898",(5)(8)(9),PRIME+,5.5,,2/15/2029,
oscf-20241231,2024-12-31,Non-Control/Non-Affiliate Investments,"Profrac Holdings II, LLC",Industrial Machinery & Supplies & Components,First Lien Floating Rate Bond,11.56,"64,614","63,968","64,447",(5)(8)(10),SOFR+,7.25,,1/23/2029,
oscf-20241231,2024-12-31,Non-Control/Non-Affiliate Investments,"Project Accelerate Parent, LLC",Systems Software,First Lien Term Loan,9.61,"43,531","43,096","43,531",(5)(8),SOFR+,5.25,,2/24/2031,
oscf-20241231,2024-12-31,Non-Control/Non-Affiliate Investments,"Project Accelerate Parent, LLC",Systems Software,First Lien Revolver,,—,-63,0,(5)(8)(9),SOFR+,5.25,,2/24/2031,
oscf-20241231,2024-12-31,Non-Control/Non-Affiliate Investments,Prosper Credit Card 2024-1,Specialized Finance,CLO Notes,7.15,"5,240","5,227","5,217",(8)(10),,,,10/15/2034,
oscf-20241231,2024-12-31,Non-Control/Non-Affiliate Investments,Prosper Credit Card 2024-1,Specialized Finance,CLO Notes,10.05,"5,471","5,387","5,383",(8)(10),,,,10/15/2034,
oscf-20241231,2024-12-31,Non-Control/Non-Affiliate Investments,Prosper Credit Card 2024-1,Specialized Finance,CLO Notes,14.64,"7,289","7,289","7,276",(8)(10),,,,10/15/2034,
oscf-20241231,2024-12-31,Non-Control/Non-Affiliate Investments,"Protein for Pets Opco, LLC",Packaged Foods & Meats,First Lien Term Loan,9.61,"63,414","62,298","62,260",(5)(8),SOFR+,5.25,,9/20/2030,
oscf-20241231,2024-12-31,Non-Control/Non-Affiliate Investments,"Protein for Pets Opco, LLC",Packaged Foods & Meats,First Lien Revolver,,—,-117,-121,(5)(8)(9),SOFR+,5.25,,9/20/2030,
oscf-20241231,2024-12-31,Non-Control/Non-Affiliate Investments,Quantum Bidco Limited,Food Distributors,First Lien Term Loan,10.21,"21,631","20,881","20,527",(5)(8)(9)(10),SONIA+,5.5,,1/31/2028,
oscf-20241231,2024-12-31,Non-Control/Non-Affiliate Investments,"Resistance Acquisition, Inc.",Pharmaceuticals,First Lien Term Loan,12.08,"18,387","18,045","18,203",(5)(8),SOFR+,7.75,,9/21/2028,
oscf-20241231,2024-12-31,Non-Control/Non-Affiliate Investments,Rockford Tower CLO 2024-1,Multi-Sector Holdings,CLO Notes,12.1,"2,500","2,477","2,550",(5)(10),SOFR+,7.48,,4/20/2037,
oscf-20241231,2024-12-31,Non-Control/Non-Affiliate Investments,"Salus Workers' Compensation, LLC",Diversified Financial Services,First Lien Term Loan,14.36,"13,484","13,243","12,877",(5)(8),SOFR+,10,,10/7/2026,
oscf-20241231,2024-12-31,Non-Control/Non-Affiliate Investments,"Salus Workers' Compensation, LLC",Diversified Financial Services,First Lien Revolver,14.38,"1,367","1,333","1,281",(5)(8)(9),SOFR+,10,,10/7/2026,
oscf-20241231,2024-12-31,Non-Control/Non-Affiliate Investments,"Salus Workers' Compensation, LLC",Diversified Financial Services,Warrants,,,200,30,-8,,,,,"606,357"
oscf-20241231,2024-12-31,Non-Control/Non-Affiliate Investments,Saratoga,Diversified Financial Services,Credit Linked Note,9.86,"98,000","97,914","98,000",(5)(8)(10)(14),SOFR+,5.33,,12/31/2029,
oscf-20241231,2024-12-31,Non-Control/Non-Affiliate Investments,scPharmaceuticals Inc.,Pharmaceuticals,Warrants,,,258,119,-8,,,,,"79,075"
oscf-20241231,2024-12-31,Non-Control/Non-Affiliate Investments,Secure Acquisition Inc.,Paper & Plastic Packaging Products & Materials,First Lien Term Loan,8.58,"34,571","34,487","34,701",-5,SOFR+,4.25,,12/16/2028,
oscf-20241231,2024-12-31,Non-Control/Non-Affiliate Investments,SEI Holding I Corporation,Trading Companies & Distributors,First Lien Term Loan,9.52,"2,475","2,432","2,450",(5)(8),SOFR+,5,,3/27/2028,
oscf-20241231,2024-12-31,Non-Control/Non-Affiliate Investments,SEI Holding I Corporation,Trading Companies & Distributors,First Lien Term Loan,9.52,"3,078","3,001","3,024",(5)(8)(9),SOFR+,5,,3/27/2028,
oscf-20241231,2024-12-31,Non-Control/Non-Affiliate Investments,SEI Holding I Corporation,Trading Companies & Distributors,First Lien Term Loan,,—,-50,-38,(5)(8)(9),SOFR+,5,,3/27/2028,
oscf-20241231,2024-12-31,Non-Control/Non-Affiliate Investments,SEI Holding I Corporation,Trading Companies & Distributors,First Lien Term Loan,,—,-38,-85,(5)(8)(9),SOFR+,5,,3/27/2028,
oscf-20241231,2024-12-31,Non-Control/Non-Affiliate Investments,SEI Holding I Corporation,Trading Companies & Distributors,First Lien Term Loan,9.36,"17,201","16,867","17,029",(5)(8),SOFR+,5,,3/27/2028,
oscf-20241231,2024-12-31,Non-Control/Non-Affiliate Investments,"Seres Therapeutics, Inc.",Biotechnology,Warrants,,,293,42,(8)(10),,,,,"93,470"
oscf-20241231,2024-12-31,Non-Control/Non-Affiliate Investments,"Sorenson Communications, LLC",Communications Equipment,First Lien Term Loan,10.11,"88,084","86,570","86,745",(5)(8),SOFR+,5.75,,4/19/2029,
oscf-20241231,2024-12-31,Non-Control/Non-Affiliate Investments,"Sorenson Communications, LLC",Communications Equipment,First Lien Revolver,,—,-175,-155,(5)(8)(9),SOFR+,5.75,,4/19/2029,
oscf-20241231,2024-12-31,Non-Control/Non-Affiliate Investments,"Staples, Inc.",Office Services & Supplies,First Lien Term Loan,10.18,"32,101","30,765","30,761",-5,SOFR+,5.75,,9/4/2029,
oscf-20241231,2024-12-31,Non-Control/Non-Affiliate Investments,"Staples, Inc.",Office Services & Supplies,Fixed Rate Bond,10.75,"13,481","13,354","13,279",,,,,9/1/2029,
oscf-20241231,2024-12-31,Non-Control/Non-Affiliate Investments,"Star Parent, Inc.",Life Sciences Tools & Services,First Lien Term Loan,8.33,"45,680","44,905","44,703",-5,SOFR+,4,,9/27/2030,
oscf-20241231,2024-12-31,Non-Control/Non-Affiliate Investments,SumUp Holdings Luxembourg,Diversified Financial Services,First Lien Term Loan,9.5,"63,977","50,670","48,341",(5)(8)(9)(10),E+,6.5,,4/25/2031,
oscf-20241231,2024-12-31,Non-Control/Non-Affiliate Investments,"Supreme Fitness Group NY Holdings, LLC",Leisure Facilities,First Lien Term Loan,11.87,693,687,674,(5)(8),SOFR+,7,,12/31/2026,
oscf-20241231,2024-12-31,Non-Control/Non-Affiliate Investments,"Supreme Fitness Group NY Holdings, LLC",Leisure Facilities,First Lien Term Loan,11.87,834,805,811,(5)(8),SOFR+,7,,12/31/2026,
oscf-20241231,2024-12-31,Non-Control/Non-Affiliate Investments,"Supreme Fitness Group NY Holdings, LLC",Leisure Facilities,First Lien Term Loan,11.87,"8,092","8,028","7,874",(5)(8),SOFR+,7,,12/31/2026,
oscf-20241231,2024-12-31,Non-Control/Non-Affiliate Investments,"Supreme Fitness Group NY Holdings, LLC",Leisure Facilities,First Lien Revolver,,—,-3,-11,(5)(8)(9),SOFR+,7,,12/31/2026,
oscf-20241231,2024-12-31,Non-Control/Non-Affiliate Investments,"TBRS, Inc.",Health Care Supplies,First Lien Revolver,9.26,453,379,378,(5)(8)(9),SOFR+,4.75,,11/22/2030,
oscf-20241231,2024-12-31,Non-Control/Non-Affiliate Investments,"TBRS, Inc.",Health Care Supplies,First Lien Term Loan,9.26,"49,860","49,369","49,362",(5)(8),SOFR+,4.75,,11/22/2031,
oscf-20241231,2024-12-31,Non-Control/Non-Affiliate Investments,"TBRS, Inc.",Health Care Supplies,First Lien Term Loan,,—,-67,-68,(5)(8)(9),SOFR+,4.75,,11/22/2031,
oscf-20241231,2024-12-31,Non-Control/Non-Affiliate Investments,"Telephone and Data Systems, Inc.",Wireless Telecommunication Services,Subordinated Debt Term Loan,11.57,"73,914","71,994","73,234",(5)(8)(10),SOFR+,7,,5/1/2029,
oscf-20241231,2024-12-31,Non-Control/Non-Affiliate Investments,"Telephone and Data Systems, Inc.",Wireless Telecommunication Services,Subordinated Debt Term Loan,,—,-241,0,(5)(8)(9)(10),SOFR+,7,,5/1/2029,
oscf-20241231,2024-12-31,Non-Control/Non-Affiliate Investments,Ten-X LLC,Interactive Media & Services,First Lien Term Loan,10.27,"24,538","23,699","22,084",(5)(8),SOFR+,6,,5/26/2028,
oscf-20241231,2024-12-31,Non-Control/Non-Affiliate Investments,"THG Acquisition, LLC",Insurance Brokers,First Lien Term Loan,,—,-55,-57,(5)(8)(9)(10),SOFR+,4.75,,10/31/2031,
oscf-20241231,2024-12-31,Non-Control/Non-Affiliate Investments,"THG Acquisition, LLC",Insurance Brokers,First Lien Term Loan,9.11,"50,833","50,337","50,325",(5)(8)(10),SOFR+,4.75,,10/31/2031,
oscf-20241231,2024-12-31,Non-Control/Non-Affiliate Investments,"THG Acquisition, LLC",Insurance Brokers,First Lien Revolver,9.11,421,366,364,(5)(8)(9)(10),SOFR+,4.75,,10/31/2031,
oscf-20241231,2024-12-31,Non-Control/Non-Affiliate Investments,THL Zinc Ventures Ltd,Diversified Metals & Mining,First Lien Term Loan,13,"39,751","39,512","39,751",(8)(10),,,,5/23/2026,
oscf-20241231,2024-12-31,Non-Control/Non-Affiliate Investments,Transit Buyer LLC,Diversified Support Services,First Lien Term Loan,9.45,"8,121","8,000","8,030",(5)(8),SOFR+,5,,1/31/2029,
oscf-20241231,2024-12-31,Non-Control/Non-Affiliate Investments,Transit Buyer LLC,Diversified Support Services,First Lien Term Loan,9.45,"3,309","3,257","3,266",(5)(8)(9),SOFR+,5,,1/31/2029,
oscf-20241231,2024-12-31,Non-Control/Non-Affiliate Investments,Transit Buyer LLC,Diversified Support Services,First Lien Term Loan,9.36,"8,321","8,207","8,228",(5)(8),SOFR+,5,,1/31/2029,
oscf-20241231,2024-12-31,Non-Control/Non-Affiliate Investments,Trident TPI Holdings Inc,"Metal, Glass & Plastic Containers",First Lien Term Loan,8.11,"12,343","12,343","12,469",-5,SOFR+,3.75,,9/15/2028,
oscf-20241231,2024-12-31,Non-Control/Non-Affiliate Investments,Trinitas CLO VI Ltd.,Multi-Sector Holdings,CLO Notes,11.7,"2,785","2,620","2,653",(5)(10),SOFR+,7.08,,1/25/2034,
oscf-20241231,2024-12-31,Non-Control/Non-Affiliate Investments,Trinitas CLO XII,Multi-Sector Holdings,CLO Notes,8.89,"4,500","4,402","4,518",(5)(10),SOFR+,4.26,,4/25/2033,
oscf-20241231,2024-12-31,Non-Control/Non-Affiliate Investments,Trinitas CLO XV DAC,Multi-Sector Holdings,CLO Notes,12.34,"6,500","5,838","6,428",(5)(10),SOFR+,7.71,,4/22/2034,
oscf-20241231,2024-12-31,Non-Control/Non-Affiliate Investments,"Truck-Lite Co., LLC",Construction Machinery & Heavy Transportation Equipment,First Lien Term Loan,10.27,"62,067","60,982","61,750",(5)(8),SOFR+,5.75,,2/13/2031,
oscf-20241231,2024-12-31,Non-Control/Non-Affiliate Investments,"Truck-Lite Co., LLC",Construction Machinery & Heavy Transportation Equipment,First Lien Term Loan,,—,-118,-34,(5)(8)(9),SOFR+,5.75,,2/13/2031,
oscf-20241231,2024-12-31,Non-Control/Non-Affiliate Investments,"Truck-Lite Co., LLC",Construction Machinery & Heavy Transportation Equipment,First Lien Revolver,,—,-115,-39,(5)(8)(9),SOFR+,5.75,,2/13/2030,
oscf-20241231,2024-12-31,Non-Control/Non-Affiliate Investments,Usalco LLC,Commodity Chemicals,First Lien Term Loan,8.36,"31,731","31,578","31,572",(5)(8),SOFR+,4,,9/30/2031,
oscf-20241231,2024-12-31,Non-Control/Non-Affiliate Investments,Usalco LLC,Commodity Chemicals,First Lien Term Loan,,—,-16,-16,(5)(8)(9),SOFR+,4,,9/30/2031,
oscf-20241231,2024-12-31,Non-Control/Non-Affiliate Investments,"USIC Holdings, Inc.",Diversified Support Services,First Lien Term Loan,10.09,180,180,175,(5)(8)(9),SOFR+,5.5,,9/10/2031,
oscf-20241231,2024-12-31,Non-Control/Non-Affiliate Investments,"USIC Holdings, Inc.",Diversified Support Services,First Lien Term Loan,10.09,"46,311","45,868","46,218",(5)(8),SOFR+,5.5,,9/10/2031,
oscf-20241231,2024-12-31,Non-Control/Non-Affiliate Investments,"USIC Holdings, Inc.",Diversified Support Services,First Lien Revolver,9.84,"1,348","1,291","1,312",(5)(8)(9),SOFR+,5.25,,9/10/2031,
oscf-20241231,2024-12-31,Non-Control/Non-Affiliate Investments,Venture 41 CLO,Multi-Sector Holdings,CLO Notes,8.75,"1,500","1,479","1,509",(5)(10),SOFR+,4.13,,1/20/2034,
oscf-20241231,2024-12-31,Non-Control/Non-Affiliate Investments,"Verde Purchaser, LLC",Trading Companies & Distributors,First Lien Term Loan,8.83,"21,001","20,896","21,093",(5)(10),SOFR+,4.5,,11/30/2030,
oscf-20241231,2024-12-31,Non-Control/Non-Affiliate Investments,"Verona Pharma, Inc.",Pharmaceuticals,First Lien Term Loan,11,"6,308","6,182","6,292",(8)(10),,,,5/9/2029,
oscf-20241231,2024-12-31,Non-Control/Non-Affiliate Investments,"Verona Pharma, Inc.",Pharmaceuticals,First Lien Term Loan,11,"4,956","4,870","4,944",(8)(10),,,,5/9/2029,
oscf-20241231,2024-12-31,Non-Control/Non-Affiliate Investments,"Verona Pharma, Inc.",Pharmaceuticals,First Lien Term Loan,,—,0,0,(8)(9)(10),,,,5/9/2029,
oscf-20241231,2024-12-31,Non-Control/Non-Affiliate Investments,"Verona Pharma, Inc.",Pharmaceuticals,First Lien Term Loan,,—,0,0,(8)(9)(10),,,,5/9/2029,
oscf-20241231,2024-12-31,Non-Control/Non-Affiliate Investments,"Verona Pharma, Inc.",Pharmaceuticals,First Lien Term Loan,,—,0,0,(8)(9)(10)(13),,,,9/30/2025,
oscf-20241231,2024-12-31,Non-Control/Non-Affiliate Investments,Violin Finco Guernsey Limited,Asset Management & Custody Banks,First Lien Term Loan,10.2,"59,504","58,909","58,561",(5)(8)(10),SONIA+,5.5,,6/6/2031,
oscf-20241231,2024-12-31,Non-Control/Non-Affiliate Investments,Violin Finco Guernsey Limited,Asset Management & Custody Banks,First Lien Term Loan,,—,-20,-19,(5)(8)(9)(10),SONIA+,5.5,,6/6/2031,
oscf-20241231,2024-12-31,Non-Control/Non-Affiliate Investments,WAVE 2019-1,Specialized Finance,CLO Notes,3.6,"4,061","3,379","3,803",-10,,,,9/15/2044,
oscf-20241231,2024-12-31,Non-Control/Non-Affiliate Investments,Wind River 2020-1 CLO,Multi-Sector Holdings,CLO Notes,12.04,"2,000","1,960","2,025",(5)(10),SOFR+,7.42,,7/20/2037,
oscf-20241231,2024-12-31,Non-Control/Non-Affiliate Investments,Wind River 2024-1 CLO,Multi-Sector Holdings,CLO Notes,8.87,"3,250","3,250","3,343",(5)(10),SOFR+,4.25,,4/20/2037,
oscf-20241231,2024-12-31,Non-Control/Non-Affiliate Investments,Woodmont 2022-9 Trust,Multi-Sector Holdings,CLO Notes,12.89,"9,385","9,296","9,433",(5)(10),SOFR+,7.77,,10/25/2036,
oscf-20241231,2024-12-31,Non-Control/Non-Affiliate Investments,"WP CPP Holdings, LLC",Aerospace & Defense,First Lien Term Loan,7.84,"2,602","2,602","2,602",(5)(8),SOFR+,7.5,4.13,11/29/2029,
oscf-20241231,2024-12-31,Non-Control/Non-Affiliate Investments,"WP CPP Holdings, LLC",Aerospace & Defense,First Lien Term Loan,7.84,"54,901","53,946","54,901",(5)(8),SOFR+,7.5,4.13,11/28/2029,
oscf-20241231,2024-12-31,Non-Control/Non-Affiliate Investments,"WP CPP Holdings, LLC",Aerospace & Defense,First Lien Revolver,,—,-119,0,(5)(8)(9),SOFR+,6.75,,11/28/2029,
oscf-20250331,2025-03-31,Non-Control/Non-Affiliate Investments,107 Fair Street LLC,Real Estate Development,First Lien Term Loan,13,"2,869","2,868","2,824",(8)(9)(11),,,,4/17/2025,
oscf-20250331,2025-03-31,Non-Control/Non-Affiliate Investments,107-109 Beech OAK22 LLC,Real Estate Development,First Lien Revolver,11,"18,624","18,495","18,488",(8)(9),,,,2/27/2026,
oscf-20250331,2025-03-31,Non-Control/Non-Affiliate Investments,112-126 Van Houten Real22 LLC,Real Estate Development,First Lien Term Loan,13,"4,633","4,629","4,581",(8)(9)(11),,,,5/19/2025,
oscf-20250331,2025-03-31,Non-Control/Non-Affiliate Investments,1261229 BC LTD,Pharmaceuticals,Fixed Rate Bond,10,"22,200","22,200","22,088",-10,,,,4/15/2032,
oscf-20250331,2025-03-31,Non-Control/Non-Affiliate Investments,1261229 BC LTD,Pharmaceuticals,First Lien Term Loan,10.57,"47,800","46,605","46,067",(5)(10),SOFR+,6.25,,9/25/2030,
oscf-20250331,2025-03-31,Non-Control/Non-Affiliate Investments,"1440 Foods Topco, LLC",Packaged Foods & Meats,First Lien Term Loan,9.32,"62,388","59,109","60,263",-5,SOFR+,5,,10/31/2031,
oscf-20250331,2025-03-31,Non-Control/Non-Affiliate Investments,AB BSL CLO 4,Multi-Sector Holdings,CLO Notes,9.79,"3,800","3,800","3,805",(5)(10),SOFR+,5.5,,4/20/2036,
oscf-20250331,2025-03-31,Non-Control/Non-Affiliate Investments,"Access CIG, LLC",Diversified Support Services,First Lien Term Loan,8.54,"48,206","47,791","48,280",-5,SOFR+,4.25,,8/18/2028,
oscf-20250331,2025-03-31,Non-Control/Non-Affiliate Investments,"Accession Risk Management Group, Inc.",Insurance Brokers,First Lien Term Loan,9.05,725,651,725,(5)(8)(9),SOFR+,4.75,,11/1/2029,
oscf-20250331,2025-03-31,Non-Control/Non-Affiliate Investments,"Accession Risk Management Group, Inc.",Insurance Brokers,First Lien Term Loan,9.05,"9,420","9,420","9,420",(5)(8),SOFR+,4.75,,11/1/2029,
oscf-20250331,2025-03-31,Non-Control/Non-Affiliate Investments,"Accession Risk Management Group, Inc.",Insurance Brokers,First Lien Revolver,,—,-13,0,(5)(8)(9),SOFR+,4.75,,10/30/2029,
oscf-20250331,2025-03-31,Non-Control/Non-Affiliate Investments,ACESO Holding 4 S.A.R.L.,Health Care Services,First Lien Term Loan,,—,-88,-85,(5)(8)(9)(10),E+,5.75,,9/27/2031,
oscf-20250331,2025-03-31,Non-Control/Non-Affiliate Investments,ACESO Holding 4 S.A.R.L.,Health Care Services,First Lien Term Loan,8.13,"34,034","37,276","36,083",(5)(8)(10),E+,5.75,,9/27/2031,
oscf-20250331,2025-03-31,Non-Control/Non-Affiliate Investments,ACP Falcon Buyer Inc,Systems Software,First Lien Term Loan,9.81,"34,233","33,492","34,203",(5)(8),SOFR+,5.5,,8/1/2029,
oscf-20250331,2025-03-31,Non-Control/Non-Affiliate Investments,ACP Falcon Buyer Inc,Systems Software,First Lien Revolver,,—,-116,-5,(5)(8)(9),SOFR+,5.5,,8/1/2029,
oscf-20250331,2025-03-31,Non-Control/Non-Affiliate Investments,Acquia Inc.,Application Software,First Lien Term Loan,11.44,"11,166","11,040","11,166",(5)(8),SOFR+,7,,10/30/2026,
oscf-20250331,2025-03-31,Non-Control/Non-Affiliate Investments,ADC Therapeutics SA,Biotechnology,First Lien Term Loan,11.94,"10,406","10,072","10,146",(5)(8)(10),SOFR+,7.5,,8/15/2029,
oscf-20250331,2025-03-31,Non-Control/Non-Affiliate Investments,ADC Therapeutics SA,Biotechnology,Warrants,,—,275,9,(8)(10),,,,,"45,727"
oscf-20250331,2025-03-31,Non-Control/Non-Affiliate Investments,AIP RD Buyer Corp.,Distributors,Common Stock,,—,428,573,-8,,,,,"4,560"
oscf-20250331,2025-03-31,Non-Control/Non-Affiliate Investments,Allegro CLO XII,Multi-Sector Holdings,CLO Notes,11.69,"4,400","4,400","4,408",(5)(10),SOFR+,7.4,,7/21/2037,
oscf-20250331,2025-03-31,Non-Control/Non-Affiliate Investments,"Alto Pharmacy Holdings, Inc.",Health Care Technology,First Lien Term Loan,5.5,"12,782","12,220","12,175",-8,,,5.5,10/14/2027,
oscf-20250331,2025-03-31,Non-Control/Non-Affiliate Investments,"Alto Pharmacy Holdings, Inc.",Health Care Technology,Preferred Equity,,—,949,935,-8,,,,,"899,513"
oscf-20250331,2025-03-31,Non-Control/Non-Affiliate Investments,"Alto Pharmacy Holdings, Inc.",Health Care Technology,Warrants,,—,943,676,-8,,,,,"878,545"
oscf-20250331,2025-03-31,Non-Control/Non-Affiliate Investments,"American Auto Auction Group, LLC",Diversified Support Services,Second Lien Term Loan,13.2,"6,901","6,826","6,832",(5)(8),SOFR+,8.75,,1/2/2029,
oscf-20250331,2025-03-31,Non-Control/Non-Affiliate Investments,Arches Buyer Inc.,Interactive Media & Services,First Lien Term Loan,9.82,"93,261","92,309","93,261",(5)(8),SOFR+,5.5,,12/6/2027,
oscf-20250331,2025-03-31,Non-Control/Non-Affiliate Investments,Ares LXVIII CLO,Multi-Sector Holdings,CLO Notes,10.05,"5,000","5,000","5,006",(5)(10),SOFR+,5.75,,4/25/2035,
oscf-20250331,2025-03-31,Non-Control/Non-Affiliate Investments,Ares XLIV CLO,Multi-Sector Holdings,CLO Notes,11.43,"3,500","3,402","3,495",(5)(10),SOFR+,7.13,,4/15/2034,
oscf-20250331,2025-03-31,Non-Control/Non-Affiliate Investments,"Artera Services, LLC",Construction & Engineering,First Lien Term Loan,8.8,"53,805","53,372","51,167",-5,SOFR+,4.5,,2/15/2031,
oscf-20250331,2025-03-31,Non-Control/Non-Affiliate Investments,"Artera Services, LLC",Construction & Engineering,Fixed Rate Bond,8.5,"12,660","12,660","11,826",,,,,2/15/2031,
oscf-20250331,2025-03-31,Non-Control/Non-Affiliate Investments,ASP Integrity Acquisition Co LLC,Diversified Support Services,First Lien Term Loan,,—,-59,-117,(5)(8)(9),SOFR+,5,,3/6/2032,
oscf-20250331,2025-03-31,Non-Control/Non-Affiliate Investments,ASP Integrity Acquisition Co LLC,Diversified Support Services,First Lien Term Loan,9.3,"47,861","47,150","47,157",(5)(8),SOFR+,5,,3/6/2032,
oscf-20250331,2025-03-31,Non-Control/Non-Affiliate Investments,ASP Integrity Acquisition Co LLC,Diversified Support Services,First Lien Revolver,,—,-133,-132,(5)(8)(9),SOFR+,5,,3/6/2032,
oscf-20250331,2025-03-31,Non-Control/Non-Affiliate Investments,ASP-R-PAC Acquisition Co LLC,Paper & Plastic Packaging Products & Materials,First Lien Term Loan,10.29,993,984,965,(5)(8)(10),SOFR+,6,,12/29/2027,
oscf-20250331,2025-03-31,Non-Control/Non-Affiliate Investments,ASP-R-PAC Acquisition Co LLC,Paper & Plastic Packaging Products & Materials,First Lien Term Loan,10.55,"4,788","4,744","4,654",(5)(8)(10),SOFR+,6,,12/29/2027,
oscf-20250331,2025-03-31,Non-Control/Non-Affiliate Investments,ASP-R-PAC Acquisition Co LLC,Paper & Plastic Packaging Products & Materials,First Lien Revolver,10.44,270,265,254,(5)(8)(9)(10),SOFR+,6,,12/29/2027,
oscf-20250331,2025-03-31,Non-Control/Non-Affiliate Investments,Astra Acquisition Corp.,Application Software,First Lien Term Loan,,"7,355","6,469","4,487",(5)(8)(12),SOFR+,6.75,,2/25/2028,
oscf-20250331,2025-03-31,Non-Control/Non-Affiliate Investments,Astra Acquisition Corp.,Application Software,First Lien Term Loan,,"8,316","6,305",0,(5)(8)(12),SOFR+,5.25,,10/25/2028,
oscf-20250331,2025-03-31,Non-Control/Non-Affiliate Investments,"Asurion, LLC",Property & Casualty Insurance,First Lien Term Loan,8.42,"25,507","25,431","25,282",-5,SOFR+,4,,8/19/2028,
oscf-20250331,2025-03-31,Non-Control/Non-Affiliate Investments,"Asurion, LLC",Property & Casualty Insurance,First Lien Term Loan,8.67,"33,867","33,283","33,606",-5,SOFR+,4.25,,8/19/2028,
oscf-20250331,2025-03-31,Non-Control/Non-Affiliate Investments,athenahealth Group Inc.,Health Care Technology,First Lien Term Loan,,—,0,0,-5,SOFR+,3.25,,2/15/2029,
oscf-20250331,2025-03-31,Non-Control/Non-Affiliate Investments,athenahealth Group Inc.,Health Care Technology,Fixed Rate Bond,6.5,"30,000","28,468","28,167",,,,,2/15/2030,
oscf-20250331,2025-03-31,Non-Control/Non-Affiliate Investments,athenahealth Group Inc.,Health Care Technology,Preferred Equity,,—,"5,693","7,901",-8,,,,,"5,809"
oscf-20250331,2025-03-31,Non-Control/Non-Affiliate Investments,Aurelia Netherlands Midco 2 B.V.,Interactive Media & Services,First Lien Term Loan,8.54,"49,005","52,062","52,803",(5)(8)(10),E+,5.75,,5/29/2031,
oscf-20250331,2025-03-31,Non-Control/Non-Affiliate Investments,AVSC Holding Corp.,Specialized Consumer Services,First Lien Term Loan,9.32,"121,929","119,602","119,674",(5)(8),SOFR+,5,,12/5/2031,
oscf-20250331,2025-03-31,Non-Control/Non-Affiliate Investments,AVSC Holding Corp.,Specialized Consumer Services,First Lien Revolver,9.32,"1,044",800,810,(5)(8)(9),SOFR+,5,,12/5/2029,
oscf-20250331,2025-03-31,Non-Control/Non-Affiliate Investments,Bain Capital Credit CLO 2022-3,Multi-Sector Holdings,CLO Notes,8,"3,500","3,379","3,498",(5)(10),SOFR+,3.7,,7/17/2035,
oscf-20250331,2025-03-31,Non-Control/Non-Affiliate Investments,"Bain Capital Credit CLO, Limited",Multi-Sector Holdings,CLO Notes,11.83,"1,750","1,733","1,756",(5)(10),SOFR+,7.54,,4/20/2034,
oscf-20250331,2025-03-31,Non-Control/Non-Affiliate Investments,Bain Capital Euro CLO 2021-2,Multi-Sector Holdings,CLO Notes,6.15,"1,210","1,252","1,303",(5)(10),E+,3.4,,7/17/2034,
oscf-20250331,2025-03-31,Non-Control/Non-Affiliate Investments,Ballyrock CLO 19,Multi-Sector Holdings,CLO Notes,11.4,"2,220","2,223","2,229",(5)(10),SOFR+,7.11,,4/20/2035,
oscf-20250331,2025-03-31,Non-Control/Non-Affiliate Investments,Bamboo US Bidco LLC,Health Care Equipment,First Lien Term Loan,,—,-15,-33,(5)(8)(9),SOFR+,5.25,,9/30/2030,
oscf-20250331,2025-03-31,Non-Control/Non-Affiliate Investments,Bamboo US Bidco LLC,Health Care Equipment,First Lien Term Loan,,—,0,-33,(5)(8)(9),SOFR+,5.25,,9/30/2030,
oscf-20250331,2025-03-31,Non-Control/Non-Affiliate Investments,Bamboo US Bidco LLC,Health Care Equipment,First Lien Term Loan,9.58,"3,904","3,829","3,865",(5)(8),SOFR+,5.25,,9/30/2030,
oscf-20250331,2025-03-31,Non-Control/Non-Affiliate Investments,Bamboo US Bidco LLC,Health Care Equipment,First Lien Term Loan,9.54,"25,574","24,992","25,318",(5)(8),SOFR+,5.25,,9/30/2030,
oscf-20250331,2025-03-31,Non-Control/Non-Affiliate Investments,Bamboo US Bidco LLC,Health Care Equipment,First Lien Term Loan,7.86,"15,873","16,435","16,975",(5)(8),E+,5.25,,9/30/2030,
oscf-20250331,2025-03-31,Non-Control/Non-Affiliate Investments,Bamboo US Bidco LLC,Health Care Equipment,First Lien Revolver,,—,-117,-52,(5)(8)(9),SOFR+,5.25,,10/1/2029,
oscf-20250331,2025-03-31,Non-Control/Non-Affiliate Investments,"Barracuda Parent, LLC",Systems Software,First Lien Term Loan,10.83,"48,886","47,430","47,419",(5)(8),SOFR+,6.5,,8/15/2029,
oscf-20250331,2025-03-31,Non-Control/Non-Affiliate Investments,"BioXcel Therapeutics, Inc.",Pharmaceuticals,First Lien Term Loan,3,"3,458","3,403","3,026",(8)(10),,,10,4/19/2027,
oscf-20250331,2025-03-31,Non-Control/Non-Affiliate Investments,"BioXcel Therapeutics, Inc.",Pharmaceuticals,First Lien Term Loan,3,"1,433","1,432","1,254",(8)(10),,,10,4/19/2027,
oscf-20250331,2025-03-31,Non-Control/Non-Affiliate Investments,"BioXcel Therapeutics, Inc.",Pharmaceuticals,First Lien Term Loan,3,—,0,0,(8)(9)(10),,,10,4/19/2027,
oscf-20250331,2025-03-31,Non-Control/Non-Affiliate Investments,"BioXcel Therapeutics, Inc.",Pharmaceuticals,First Lien Term Loan,3,—,0,0,(8)(9)(10),,,10,4/19/2027,
oscf-20250331,2025-03-31,Non-Control/Non-Affiliate Investments,"BioXcel Therapeutics, Inc.",Pharmaceuticals,Warrants,,—,0,26,-10,,,,,"13,971"
oscf-20250331,2025-03-31,Non-Control/Non-Affiliate Investments,"BioXcel Therapeutics, Inc.",Pharmaceuticals,Warrants,,—,74,1,(8)(10),,,,,972
oscf-20250331,2025-03-31,Non-Control/Non-Affiliate Investments,"BioXcel Therapeutics, Inc.",Pharmaceuticals,Warrants,,—,0,0,(8)(10),,,,,279
oscf-20250331,2025-03-31,Non-Control/Non-Affiliate Investments,"Biscuit Parent, LLC",Application Software,First Lien Term Loan,,—,-77,0,(5)(8)(9),SOFR+,4.75,,2/27/2031,
oscf-20250331,2025-03-31,Non-Control/Non-Affiliate Investments,"Biscuit Parent, LLC",Application Software,First Lien Term Loan,9.05,"32,866","32,562","32,866",(5)(8),SOFR+,4.75,,2/27/2031,
oscf-20250331,2025-03-31,Non-Control/Non-Affiliate Investments,"Biscuit Parent, LLC",Application Software,First Lien Term Loan,9.05,"49,625","48,997","49,625",(5)(8),SOFR+,4.75,,2/27/2031,
oscf-20250331,2025-03-31,Non-Control/Non-Affiliate Investments,"Biscuit Parent, LLC",Application Software,First Lien Revolver,,—,-190,0,(5)(8)(9),SOFR+,4.75,,2/27/2031,
oscf-20250331,2025-03-31,Non-Control/Non-Affiliate Investments,"Blackhawk Network Holdings, Inc.",Data Processing & Outsourced Services,First Lien Term Loan,8.32,"40,187","39,505","40,079",(5)(10),SOFR+,4,,3/12/2029,
oscf-20250331,2025-03-31,Non-Control/Non-Affiliate Investments,BOTA BIDCO GMBH,Diversified Chemicals,First Lien Term Loan,6.38,"12,027","11,755","12,326",(5)(8)(10),E+,4,,10/31/2030,
oscf-20250331,2025-03-31,Non-Control/Non-Affiliate Investments,BOTA BIDCO GMBH,Diversified Chemicals,First Lien Term Loan,6.88,"36,081","35,265","36,979",(5)(8)(10),E+,4.5,,10/31/2030,
oscf-20250331,2025-03-31,Non-Control/Non-Affiliate Investments,Canyon CLO 2020-3,Multi-Sector Holdings,CLO Notes,11.45,"5,490","5,490","5,513",(5)(10),SOFR+,7.15,,10/15/2037,
oscf-20250331,2025-03-31,Non-Control/Non-Affiliate Investments,Carlyle Euro CLO 2021-2,Multi-Sector Holdings,CLO Notes,6.09,"1,400","1,385","1,508",(5)(10),E+,3.3,,10/15/2035,
oscf-20250331,2025-03-31,Non-Control/Non-Affiliate Investments,"CBAM 2017-2, LTD.",Multi-Sector Holdings,CLO Notes,11.66,488,458,475,(5)(10),SOFR+,7.36,,7/17/2034,
oscf-20250331,2025-03-31,Non-Control/Non-Affiliate Investments,CD&R Firefly Bidco Limited,Other Specialty Retail,First Lien Term Loan,9.96,"26,657","32,641","34,482",(5)(10),SONIA+,5.5,,6/21/2028,
oscf-20250331,2025-03-31,Non-Control/Non-Affiliate Investments,CD&R Firefly Bidco Limited,Other Specialty Retail,First Lien Term Loan,9.71,"18,365","22,964","23,723",(5)(10),SONIA+,5.25,,6/21/2028,
oscf-20250331,2025-03-31,Non-Control/Non-Affiliate Investments,"Centralsquare Technologies, LLC",Application Software,First Lien Term Loan,7.2,"30,562","29,943","30,517",(5)(8),SOFR+,6.25,3.38,4/12/2030,
oscf-20250331,2025-03-31,Non-Control/Non-Affiliate Investments,"Centralsquare Technologies, LLC",Application Software,First Lien Revolver,,—,-71,-5,(5)(8)(9),SOFR+,5.75,,4/12/2030,
oscf-20250331,2025-03-31,Non-Control/Non-Affiliate Investments,CIFC European Funding VI,Multi-Sector Holdings,CLO Notes,9.38,"2,500","2,726","2,685",(5)(10),E+,5.96,,10/15/2037,
oscf-20250331,2025-03-31,Non-Control/Non-Affiliate Investments,Clear Channel Outdoor Holdings Inc,Advertising,First Lien Term Loan,8.44,"13,716","13,707","13,649",(5)(10),SOFR+,4,,8/21/2028,
oscf-20250331,2025-03-31,Non-Control/Non-Affiliate Investments,"Cloud Software Group, Inc.",Application Software,First Lien Term Loan,8.05,"13,965","13,871","13,848",-5,SOFR+,3.75,,3/21/2031,
oscf-20250331,2025-03-31,Non-Control/Non-Affiliate Investments,Colony Holding Corporation,Distributors,First Lien Term Loan,10.91,"3,881","3,852","3,845",(5)(8),SOFR+,6.5,,5/13/2026,
oscf-20250331,2025-03-31,Non-Control/Non-Affiliate Investments,Colony Holding Corporation,Distributors,First Lien Term Loan,10.89,"11,934","11,812","11,825",(5)(8),SOFR+,6.5,,5/13/2026,
oscf-20250331,2025-03-31,Non-Control/Non-Affiliate Investments,Condor Merger Sub Inc.,Systems Software,Fixed Rate Bond,7.38,"32,277","30,218","28,595",,,,,2/15/2030,
oscf-20250331,2025-03-31,Non-Control/Non-Affiliate Investments,Connect Finco SARL,Alternative Carriers,First Lien Term Loan,8.82,"56,292","49,876","49,757",(5)(10),SOFR+,4.5,,9/27/2029,
oscf-20250331,2025-03-31,Non-Control/Non-Affiliate Investments,"CoreRx, Inc.",Pharmaceuticals,First Lien Term Loan,11.8,"18,328","17,960","17,932",(5)(8),SOFR+,7.5,,4/6/2029,
oscf-20250331,2025-03-31,Non-Control/Non-Affiliate Investments,"Coupa Holdings, LLC",Application Software,First Lien Term Loan,,—,-11,0,(5)(8)(9),SOFR+,5.25,,2/27/2030,
oscf-20250331,2025-03-31,Non-Control/Non-Affiliate Investments,"Coupa Holdings, LLC",Application Software,First Lien Term Loan,9.54,"13,363","13,128","13,363",(5)(8),SOFR+,5.25,,2/27/2030,
oscf-20250331,2025-03-31,Non-Control/Non-Affiliate Investments,"Coupa Holdings, LLC",Application Software,First Lien Revolver,,—,-15,0,(5)(8)(9),SOFR+,5.25,,2/27/2029,
oscf-20250331,2025-03-31,Non-Control/Non-Affiliate Investments,"Creek Parent, Inc.",Life Sciences Tools & Services,First Lien Term Loan,9.57,"106,479","104,691","104,743",(5)(8),SOFR+,5.25,,12/18/2031,
oscf-20250331,2025-03-31,Non-Control/Non-Affiliate Investments,"Creek Parent, Inc.",Life Sciences Tools & Services,First Lien Revolver,,—,-256,-249,(5)(8)(9),SOFR+,5.25,,12/18/2031,
oscf-20250331,2025-03-31,Non-Control/Non-Affiliate Investments,"Crewline Buyer, Inc.",Application Software,First Lien Term Loan,11.07,"3,080","3,008","3,046",(5)(8),SOFR+,6.75,,11/8/2030,
oscf-20250331,2025-03-31,Non-Control/Non-Affiliate Investments,"Crewline Buyer, Inc.",Application Software,First Lien Term Loan,11.07,"43,911","43,032","43,424",(5)(8),SOFR+,6.75,,11/8/2030,
oscf-20250331,2025-03-31,Non-Control/Non-Affiliate Investments,"Crewline Buyer, Inc.",Application Software,First Lien Revolver,,—,-92,-51,(5)(8)(9),SOFR+,6.75,,11/8/2030,
oscf-20250331,2025-03-31,Non-Control/Non-Affiliate Investments,CVC Cordatus Loan Fund XXXI,Multi-Sector Holdings,CLO Notes,9.14,"5,000","5,303","5,455",(5)(10),E+,6.64,,6/15/2037,
oscf-20250331,2025-03-31,Non-Control/Non-Affiliate Investments,"Dealer Tire Financial, LLC",Distributors,Fixed Rate Bond,8,"41,354","40,864","40,349",,,,,2/1/2028,
oscf-20250331,2025-03-31,Non-Control/Non-Affiliate Investments,Delta Leasing SPV II LLC,Specialized Finance,Subordinated Debt Term Loan,3,"28,056","28,056","28,056",(8)(10),,,7,8/31/2029,
oscf-20250331,2025-03-31,Non-Control/Non-Affiliate Investments,Delta Leasing SPV II LLC,Specialized Finance,Subordinated Debt Term Loan,8,"38,881","38,881","38,881",(8)(10),,,3,8/31/2029,
oscf-20250331,2025-03-31,Non-Control/Non-Affiliate Investments,Delta Leasing SPV II LLC,Specialized Finance,Preferred Equity,,—,330,442,(8)(10),,,,,330
oscf-20250331,2025-03-31,Non-Control/Non-Affiliate Investments,Delta Leasing SPV II LLC,Specialized Finance,Common Stock,,—,2,2,(8)(10),,,,,2
oscf-20250331,2025-03-31,Non-Control/Non-Affiliate Investments,Delta Leasing SPV II LLC,Specialized Finance,Warrants,,—,0,0,(8)(10),,,,,25
oscf-20250331,2025-03-31,Non-Control/Non-Affiliate Investments,"DirecTV Financing, LLC",Cable & Satellite,Fixed Rate Bond,10,"21,198","21,198","20,372",,,,,2/15/2031,
oscf-20250331,2025-03-31,Non-Control/Non-Affiliate Investments,"DirecTV Financing, LLC",Cable & Satellite,First Lien Term Loan,9.55,571,567,573,-5,SOFR+,5,,8/2/2027,
oscf-20250331,2025-03-31,Non-Control/Non-Affiliate Investments,"DirecTV Financing, LLC",Cable & Satellite,First Lien Term Loan,9.8,"28,350","27,924","27,988",-5,SOFR+,5.25,,8/2/2029,
oscf-20250331,2025-03-31,Non-Control/Non-Affiliate Investments,"DirecTV Financing, LLC",Cable & Satellite,First Lien Term Loan,9.82,"21,491","21,061","20,568",-5,SOFR+,5.5,,2/17/2031,
oscf-20250331,2025-03-31,Non-Control/Non-Affiliate Investments,"DTI Holdco, Inc.",Research & Consulting Services,First Lien Term Loan,8.32,"57,795","56,830","57,404",-5,SOFR+,4,,4/26/2029,
oscf-20250331,2025-03-31,Non-Control/Non-Affiliate Investments,Dukes Root Control Inc.,Environmental & Facilities Services,First Lien Term Loan,10.96,"1,044","1,034","1,039",(5)(8)(9),SOFR+,6.5,,12/8/2028,
oscf-20250331,2025-03-31,Non-Control/Non-Affiliate Investments,Dukes Root Control Inc.,Environmental & Facilities Services,First Lien Term Loan,10.96,"11,626","11,465","11,564",(5)(8),SOFR+,6.5,,12/8/2028,
oscf-20250331,2025-03-31,Non-Control/Non-Affiliate Investments,Dukes Root Control Inc.,Environmental & Facilities Services,First Lien Revolver,10.97,690,670,685,(5)(8)(9),SOFR+,6.5,,12/8/2028,
oscf-20250331,2025-03-31,Non-Control/Non-Affiliate Investments,Eagle Parent Corp.,Diversified Support Services,First Lien Term Loan,8.55,"5,198","5,167","4,958",-5,SOFR+,4.25,,4/2/2029,
oscf-20250331,2025-03-31,Non-Control/Non-Affiliate Investments,Engineering Research And Consulting LLC,Construction & Engineering,First Lien Term Loan,9.31,"31,900","31,402","31,820",(5)(8),SOFR+,5,,8/29/2031,
oscf-20250331,2025-03-31,Non-Control/Non-Affiliate Investments,"Entrata, Inc.",Application Software,First Lien Term Loan,10.07,"45,033","44,185","45,033",(5)(8),SOFR+,5.75,,7/10/2030,
oscf-20250331,2025-03-31,Non-Control/Non-Affiliate Investments,"Entrata, Inc.",Application Software,First Lien Revolver,,—,-85,0,(5)(8)(9),SOFR+,5.75,,7/10/2028,
oscf-20250331,2025-03-31,Non-Control/Non-Affiliate Investments,"Enverus Holdings, Inc.",Application Software,First Lien Term Loan,9.82,"55,307","54,503","55,307",(5)(8),SOFR+,5.5,,12/24/2029,
oscf-20250331,2025-03-31,Non-Control/Non-Affiliate Investments,"Enverus Holdings, Inc.",Application Software,First Lien Term Loan,,—,-19,0,(5)(8)(9),SOFR+,5.5,,12/24/2029,
oscf-20250331,2025-03-31,Non-Control/Non-Affiliate Investments,"Enverus Holdings, Inc.",Application Software,First Lien Revolver,,—,-49,0,(5)(8)(9),SOFR+,5.5,,12/24/2029,
oscf-20250331,2025-03-31,Non-Control/Non-Affiliate Investments,Establishment Labs Holdings Inc.,Health Care Technology,First Lien Term Loan,9,"1,832","1,818","1,832",(8)(10),,,,4/21/2027,
oscf-20250331,2025-03-31,Non-Control/Non-Affiliate Investments,Establishment Labs Holdings Inc.,Health Care Technology,First Lien Term Loan,10,"1,689","1,656","1,723",(8)(10),,,,4/21/2027,
oscf-20250331,2025-03-31,Non-Control/Non-Affiliate Investments,Establishment Labs Holdings Inc.,Health Care Technology,First Lien Term Loan,10,—,0,0,(8)(9)(10),,,,4/21/2027,
oscf-20250331,2025-03-31,Non-Control/Non-Affiliate Investments,Establishment Labs Holdings Inc.,Health Care Technology,First Lien Term Loan,9,"11,437","11,373","11,437",(8)(10),,,,4/21/2027,
oscf-20250331,2025-03-31,Non-Control/Non-Affiliate Investments,"Everbridge, Inc.",Application Software,First Lien Term Loan,9.31,"7,719","7,656","7,719",(5)(8)(9),SOFR+,5,,7/2/2031,
oscf-20250331,2025-03-31,Non-Control/Non-Affiliate Investments,"Everbridge, Inc.",Application Software,First Lien Term Loan,9.31,"78,759","78,407","78,759",(5)(8),SOFR+,5,,7/2/2031,
oscf-20250331,2025-03-31,Non-Control/Non-Affiliate Investments,"Everbridge, Inc.",Application Software,First Lien Revolver,,—,-35,0,(5)(8)(9),SOFR+,5,,7/2/2031,
oscf-20250331,2025-03-31,Non-Control/Non-Affiliate Investments,"Evergreen IX Borrower 2023, LLC",Application Software,First Lien Term Loan,9.05,"9,052","8,971","9,052",(5)(8),SOFR+,4.75,,9/30/2030,
oscf-20250331,2025-03-31,Non-Control/Non-Affiliate Investments,"Evergreen IX Borrower 2023, LLC",Application Software,First Lien Term Loan,9.05,"35,852","35,149","35,852",(5)(8),SOFR+,4.75,,9/30/2030,
oscf-20250331,2025-03-31,Non-Control/Non-Affiliate Investments,"Evergreen IX Borrower 2023, LLC",Application Software,First Lien Revolver,,—,-75,0,(5)(8)(9),SOFR+,4.75,,10/1/2029,
oscf-20250331,2025-03-31,Non-Control/Non-Affiliate Investments,Eyesouth Eye Care Holdco LLC,Health Care Services,First Lien Term Loan,9.92,"3,199","3,147","3,154",(5)(8),SOFR+,5.5,,10/5/2029,
oscf-20250331,2025-03-31,Non-Control/Non-Affiliate Investments,Eyesouth Eye Care Holdco LLC,Health Care Services,First Lien Term Loan,9.92,49,9,-19,(5)(8)(9),SOFR+,5.5,,10/5/2029,
oscf-20250331,2025-03-31,Non-Control/Non-Affiliate Investments,Eyesouth Eye Care Holdco LLC,Health Care Services,Common Stock,,—,885,928,-8,,,,,885
oscf-20250331,2025-03-31,Non-Control/Non-Affiliate Investments,F&M BUYER LLC,Systems Software,First Lien Term Loan,,—,-40,-40,(5)(8)(9),SOFR+,4.75,,3/18/2032,
oscf-20250331,2025-03-31,Non-Control/Non-Affiliate Investments,F&M BUYER LLC,Systems Software,First Lien Term Loan,9.05,"23,866","23,627","23,627",(5)(8),SOFR+,4.75,,3/18/2032,
oscf-20250331,2025-03-31,Non-Control/Non-Affiliate Investments,F&M BUYER LLC,Systems Software,First Lien Revolver,,—,-35,-35,(5)(8)(9),SOFR+,4.75,,3/18/2032,
oscf-20250331,2025-03-31,Non-Control/Non-Affiliate Investments,"Finastra USA, Inc.",Application Software,First Lien Term Loan,11.43,"43,294","42,652","43,294",(5)(8)(10),SOFR+,7.25,,9/13/2029,
oscf-20250331,2025-03-31,Non-Control/Non-Affiliate Investments,"Finastra USA, Inc.",Application Software,First Lien Revolver,11.43,"1,141","1,074","1,141",(5)(8)(9)(10),SOFR+,7.25,,9/13/2029,
oscf-20250331,2025-03-31,Non-Control/Non-Affiliate Investments,Fortress Credit BSL XIX,Multi-Sector Holdings,CLO Notes,12.67,"6,750","6,855","6,878",(5)(10),SOFR+,8.37,,7/24/2036,
oscf-20250331,2025-03-31,Non-Control/Non-Affiliate Investments,Fortress Credit BSL XV,Multi-Sector Holdings,CLO Notes,9.04,"5,000","5,000","5,006",(5)(10),SOFR+,4.75,,10/18/2033,
oscf-20250331,2025-03-31,Non-Control/Non-Affiliate Investments,Fortress Credit BSL XV,Multi-Sector Holdings,CLO Notes,12.74,"6,000","6,038","5,982",(5)(10),SOFR+,8.45,,10/18/2033,
oscf-20250331,2025-03-31,Non-Control/Non-Affiliate Investments,Fortress Credit BSL XX,Multi-Sector Holdings,CLO Notes,12.8,"5,250","5,356","5,365",(5)(10),SOFR+,8.51,,1/23/2037,
oscf-20250331,2025-03-31,Non-Control/Non-Affiliate Investments,Fortress Credit BSL XXV,Multi-Sector Holdings,CLO Notes,8.6,"2,250","2,250","2,280",(5)(10),SOFR+,4.3,,7/24/2037,
oscf-20250331,2025-03-31,Non-Control/Non-Affiliate Investments,"Galileo Parent, Inc.",Aerospace & Defense,First Lien Term Loan,10.05,"83,404","82,969","83,404",(5)(8),SOFR+,5.75,,5/3/2030,
oscf-20250331,2025-03-31,Non-Control/Non-Affiliate Investments,"Galileo Parent, Inc.",Aerospace & Defense,First Lien Revolver,10.05,"7,151","7,126","7,151",(5)(8)(9),SOFR+,5.75,,5/3/2029,
oscf-20250331,2025-03-31,Non-Control/Non-Affiliate Investments,Gallatin CLO X 2023-1,Multi-Sector Holdings,CLO Notes,9.7,"5,000","4,913","5,010",(5)(10),SOFR+,5.41,,10/14/2035,
oscf-20250331,2025-03-31,Non-Control/Non-Affiliate Investments,Geo Topco Corporation,Building Products,First Lien Term Loan,9.04,"3,121","3,005","2,927",(5)(8)(9),SOFR+,4.75,,10/15/2031,
oscf-20250331,2025-03-31,Non-Control/Non-Affiliate Investments,Geo Topco Corporation,Building Products,First Lien Term Loan,9.05,"56,177","55,652","55,655",(5)(8),SOFR+,4.75,,10/15/2031,
oscf-20250331,2025-03-31,Non-Control/Non-Affiliate Investments,Geo Topco Corporation,Building Products,First Lien Revolver,9.07,"2,601","2,528","2,528",(5)(8)(9),SOFR+,4.75,,10/15/2031,
oscf-20250331,2025-03-31,Non-Control/Non-Affiliate Investments,Global Aircraft Leasing Co Ltd,Trading Companies & Distributors,Fixed Rate Bond,8.75,"50,841","50,841","51,740",-10,,,,9/1/2027,
oscf-20250331,2025-03-31,Non-Control/Non-Affiliate Investments,"Grand River Aseptic Manufacturing, Inc.",Health Care Equipment,First Lien Term Loan,9.29,"30,022","29,725","29,728",(5)(8),SOFR+,5,,3/10/2031,
oscf-20250331,2025-03-31,Non-Control/Non-Affiliate Investments,"Grand River Aseptic Manufacturing, Inc.",Health Care Equipment,First Lien Revolver,,—,-91,-91,(5)(8)(9),SOFR+,5,,3/10/2031,
oscf-20250331,2025-03-31,Non-Control/Non-Affiliate Investments,"Greenway Health, LLC",Health Care Technology,First Lien Term Loan,11.05,"24,750","24,188","24,750",(5)(8),SOFR+,6.75,,4/1/2029,
oscf-20250331,2025-03-31,Non-Control/Non-Affiliate Investments,"Grove Hotel Parcel Owner, LLC","Hotels, Resorts & Cruise Lines",First Lien Term Loan,12.42,"3,537","3,505","3,473",(5)(8),SOFR+,8,,6/21/2027,
oscf-20250331,2025-03-31,Non-Control/Non-Affiliate Investments,"Grove Hotel Parcel Owner, LLC","Hotels, Resorts & Cruise Lines",First Lien Term Loan,12.42,"17,242","17,089","16,931",(5)(8),SOFR+,8,,6/21/2027,
oscf-20250331,2025-03-31,Non-Control/Non-Affiliate Investments,"Grove Hotel Parcel Owner, LLC","Hotels, Resorts & Cruise Lines",First Lien Revolver,12.42,"1,238","1,222","1,206",(5)(8)(9),SOFR+,8,,6/21/2027,
oscf-20250331,2025-03-31,Non-Control/Non-Affiliate Investments,Harbor Purchaser Inc.,Education Services,First Lien Term Loan,9.67,"40,003","39,307","39,607",-5,SOFR+,5.25,,4/9/2029,
oscf-20250331,2025-03-31,Non-Control/Non-Affiliate Investments,"Harrow, Inc.",Pharmaceuticals,First Lien Term Loan,10.95,"4,301","4,270","4,366",(5)(8)(10),SOFR+,6.5,,1/19/2026,
oscf-20250331,2025-03-31,Non-Control/Non-Affiliate Investments,"Harrow, Inc.",Pharmaceuticals,First Lien Term Loan,10.95,"1,792","1,778","1,819",(5)(8)(10),SOFR+,6.5,,1/19/2026,
oscf-20250331,2025-03-31,Non-Control/Non-Affiliate Investments,"Harrow, Inc.",Pharmaceuticals,First Lien Term Loan,10.95,"9,319","9,253","9,459",(5)(8)(10),SOFR+,6.5,,1/19/2026,
oscf-20250331,2025-03-31,Non-Control/Non-Affiliate Investments,Henley CLO II,Multi-Sector Holdings,CLO Notes,8.38,"3,200","3,495","3,462",(5)(10),E+,5.71,,1/25/2034,
oscf-20250331,2025-03-31,Non-Control/Non-Affiliate Investments,Husky Injection Molding Systems Ltd.,Industrial Machinery & Supplies & Components,Fixed Rate Bond,9,"6,142","6,142","6,161",-10,,,,2/15/2029,
oscf-20250331,2025-03-31,Non-Control/Non-Affiliate Investments,Husky Injection Molding Systems Ltd.,Industrial Machinery & Supplies & Components,First Lien Term Loan,8.78,"32,931","32,653","32,832",(5)(10),SOFR+,4.5,,2/15/2029,
oscf-20250331,2025-03-31,Non-Control/Non-Affiliate Investments,IAMGOLD Corporation,Gold,Second Lien Term Loan,12.57,"28,394","27,862","29,530",(5)(8)(10),SOFR+,8.25,,5/16/2028,
oscf-20250331,2025-03-31,Non-Control/Non-Affiliate Investments,"Icefall Parent, Inc.",Application Software,First Lien Term Loan,10.79,"27,948","27,499","27,948",(5)(8),SOFR+,6.5,,1/25/2030,
oscf-20250331,2025-03-31,Non-Control/Non-Affiliate Investments,"Icefall Parent, Inc.",Application Software,First Lien Revolver,,—,-43,0,(5)(8)(9),SOFR+,6.5,,1/25/2030,
oscf-20250331,2025-03-31,Non-Control/Non-Affiliate Investments,"iCIMs, Inc.",Application Software,First Lien Term Loan,10.54,"2,325","2,302","2,294",(5)(8),SOFR+,6.25,,8/18/2028,
oscf-20250331,2025-03-31,Non-Control/Non-Affiliate Investments,"iCIMs, Inc.",Application Software,First Lien Term Loan,,—,0,0,(5)(8)(9),SOFR+,6.25,,8/18/2028,
oscf-20250331,2025-03-31,Non-Control/Non-Affiliate Investments,"iCIMs, Inc.",Application Software,First Lien Term Loan,10.04,"16,314","16,173","15,855",(5)(8),SOFR+,5.75,,8/18/2028,
oscf-20250331,2025-03-31,Non-Control/Non-Affiliate Investments,"iCIMs, Inc.",Application Software,First Lien Revolver,10.04,159,145,118,(5)(8)(9),SOFR+,5.75,,8/18/2028,
oscf-20250331,2025-03-31,Non-Control/Non-Affiliate Investments,Inmar Inc,Application Software,First Lien Term Loan,9.32,"48,280","48,039","48,326",-5,SOFR+,5,,10/30/2031,
oscf-20250331,2025-03-31,Non-Control/Non-Affiliate Investments,"Integrity Marketing Acquisition, LLC",Insurance Brokers,First Lien Term Loan,,—,-177,0,(5)(8)(9),SOFR+,5,,8/25/2028,
oscf-20250331,2025-03-31,Non-Control/Non-Affiliate Investments,"Integrity Marketing Acquisition, LLC",Insurance Brokers,First Lien Term Loan,9.31,"61,315","60,822","61,315",(5)(8),SOFR+,5,,8/25/2028,
oscf-20250331,2025-03-31,Non-Control/Non-Affiliate Investments,"Integrity Marketing Acquisition, LLC",Insurance Brokers,First Lien Revolver,,—,-66,0,(5)(8)(9),SOFR+,5,,8/25/2028,
oscf-20250331,2025-03-31,Non-Control/Non-Affiliate Investments,"Inventus Power, Inc.",Electrical Components & Equipment,First Lien Revolver,,—,-46,-74,(5)(8)(9),SOFR+,7.5,,1/15/2026,
oscf-20250331,2025-03-31,Non-Control/Non-Affiliate Investments,"Inventus Power, Inc.",Electrical Components & Equipment,First Lien Term Loan,11.94,"43,107","42,922","42,460",(5)(8),SOFR+,7.5,,1/15/2026,
oscf-20250331,2025-03-31,Non-Control/Non-Affiliate Investments,IW Buyer LLC,Electrical Components & Equipment,First Lien Term Loan,9.4,"5,394","5,348","5,381",(5)(8),SOFR+,5,,6/28/2029,
oscf-20250331,2025-03-31,Non-Control/Non-Affiliate Investments,IW Buyer LLC,Electrical Components & Equipment,First Lien Revolver,,—,-144,-19,(5)(8)(9),SOFR+,5,,6/28/2029,
oscf-20250331,2025-03-31,Non-Control/Non-Affiliate Investments,IW Buyer LLC,Electrical Components & Equipment,First Lien Term Loan,9.4,"31,384","30,778","31,305",(5)(8),SOFR+,5,,6/28/2029,
oscf-20250331,2025-03-31,Non-Control/Non-Affiliate Investments,Janus Bidco Limited,Application Software,First Lien Term Loan,,—,-171,0,(5)(8)(9)(10),SONIA+,6,,4/25/2031,
oscf-20250331,2025-03-31,Non-Control/Non-Affiliate Investments,Janus Bidco Limited,Application Software,First Lien Term Loan,10.32,"54,214","53,031","53,992",(5)(8)(10),SOFR+,6,,4/25/2031,
oscf-20250331,2025-03-31,Non-Control/Non-Affiliate Investments,Janus Bidco Limited,Application Software,First Lien Term Loan,10.46,"2,439","2,997","3,135",(5)(8)(10),SONIA+,6,,4/25/2031,
oscf-20250331,2025-03-31,Non-Control/Non-Affiliate Investments,JN Bidco LLC,Health Care Technology,Common Stock,,—,"3,596","5,753",-8,,,,,"3,595,500"
oscf-20250331,2025-03-31,Non-Control/Non-Affiliate Investments,Kaseya Inc.,Systems Software,Second Lien Term Loan,9.32,"24,319","24,198","24,365",-5,SOFR+,5,,3/21/2033,
oscf-20250331,2025-03-31,Non-Control/Non-Affiliate Investments,Keel Platform LLC,Aerospace & Defense,First Lien Term Loan,9.05,"30,740","30,292","30,740",(5)(8),SOFR+,4.75,,1/19/2031,
oscf-20250331,2025-03-31,Non-Control/Non-Affiliate Investments,"Kings Buyer, LLC",Environmental & Facilities Services,First Lien Term Loan,9.65,"58,107","57,558","56,364",(5)(8),SOFR+,5.25,,10/29/2027,
oscf-20250331,2025-03-31,Non-Control/Non-Affiliate Investments,"Kings Buyer, LLC",Environmental & Facilities Services,First Lien Term Loan,9.65,"4,729","4,708","4,588",(5)(8),SOFR+,5.25,,10/29/2027,
oscf-20250331,2025-03-31,Non-Control/Non-Affiliate Investments,"Kings Buyer, LLC",Environmental & Facilities Services,First Lien Revolver,11.75,"2,676","2,583","2,422",(5)(8)(9),PRIME+,4.25,,10/29/2027,
oscf-20250331,2025-03-31,Non-Control/Non-Affiliate Investments,Kite Midco II Inc.,Research & Consulting Services,First Lien Term Loan,,—,-69,-70,(5)(8)(9),SOFR+,5,,11/28/2031,
oscf-20250331,2025-03-31,Non-Control/Non-Affiliate Investments,Kite Midco II Inc.,Research & Consulting Services,First Lien Term Loan,9.43,"39,033","38,476","38,463",(5)(8),SOFR+,5,,11/28/2031,
oscf-20250331,2025-03-31,Non-Control/Non-Affiliate Investments,"LABL, Inc.",Office Services & Supplies,First Lien Term Loan,9.42,"42,079","41,438","35,101",-5,SOFR+,5,,10/30/2028,
oscf-20250331,2025-03-31,Non-Control/Non-Affiliate Investments,Latam Airlines Group S.A.,Passenger Airlines,Fixed Rate Bond,7.88,"7,775","7,775","7,718",-10,,,,4/15/2030,
oscf-20250331,2025-03-31,Non-Control/Non-Affiliate Investments,"LDS Buyer, LLC",Air Freight & Logistics,First Lien Term Loan,,—,-51,-50,(5)(8)(9),SOFR+,5,,2/7/2032,
oscf-20250331,2025-03-31,Non-Control/Non-Affiliate Investments,"LDS Buyer, LLC",Air Freight & Logistics,First Lien Term Loan,9.32,"42,038","41,523","41,534",(5)(8),SOFR+,5,,2/7/2032,
oscf-20250331,2025-03-31,Non-Control/Non-Affiliate Investments,"LDS Buyer, LLC",Air Freight & Logistics,First Lien Revolver,9.32,832,756,757,(5)(8)(9),SOFR+,5,,2/7/2032,
oscf-20250331,2025-03-31,Non-Control/Non-Affiliate Investments,"Learfield Communications, LLC",Movies & Entertainment,First Lien Term Loan,8.82,"47,383","47,251","47,531",-5,SOFR+,4.5,,6/30/2028,
oscf-20250331,2025-03-31,Non-Control/Non-Affiliate Investments,"Legends Hospitality Holding Company, LLC",Specialized Consumer Services,First Lien Term Loan,,—,-30,0,(5)(8)(9),SOFR+,5.5,,8/22/2031,
oscf-20250331,2025-03-31,Non-Control/Non-Affiliate Investments,"Legends Hospitality Holding Company, LLC",Specialized Consumer Services,First Lien Term Loan,7.08,"56,296","55,282","55,288",(5)(8),SOFR+,5.5,2.75,8/22/2031,
oscf-20250331,2025-03-31,Non-Control/Non-Affiliate Investments,"Legends Hospitality Holding Company, LLC",Specialized Consumer Services,First Lien Revolver,9.32,"3,044","2,927","2,927",(5)(8)(9),SOFR+,5,,8/22/2030,
oscf-20250331,2025-03-31,Non-Control/Non-Affiliate Investments,"Lightbox Intermediate, L.P.",Real Estate Services,First Lien Term Loan,9.79,"59,591","58,736","58,721",(5)(8),SOFR+,5.5,,1/13/2030,
oscf-20250331,2025-03-31,Non-Control/Non-Affiliate Investments,"Lightbox Intermediate, L.P.",Real Estate Services,First Lien Revolver,,—,-55,-56,(5)(8)(9),SOFR+,5.5,,1/13/2030,
oscf-20250331,2025-03-31,Non-Control/Non-Affiliate Investments,Lsf12 Crown US Commercial Bidco LLC,Building Products,First Lien Term Loan,8.57,"31,566","31,250","31,066",-5,SOFR+,4.25,,12/2/2031,
oscf-20250331,2025-03-31,Non-Control/Non-Affiliate Investments,"LSL Holdco, LLC",Health Care Distributors,First Lien Term Loan,10.42,"1,032",992,985,(5)(8),SOFR+,6,,1/31/2028,
oscf-20250331,2025-03-31,Non-Control/Non-Affiliate Investments,"LSL Holdco, LLC",Health Care Distributors,First Lien Term Loan,10.42,"8,860","8,776","8,461",(5)(8),SOFR+,6,,1/31/2028,
oscf-20250331,2025-03-31,Non-Control/Non-Affiliate Investments,"LSL Holdco, LLC",Health Care Distributors,First Lien Revolver,10.42,812,802,766,(5)(8)(9),SOFR+,6,,1/31/2028,
oscf-20250331,2025-03-31,Non-Control/Non-Affiliate Investments,LTI Holdings Inc,Electronic Components,First Lien Term Loan,8.57,"29,123","28,761","29,080",(5)(10),SOFR+,4.25,,7/29/2029,
oscf-20250331,2025-03-31,Non-Control/Non-Affiliate Investments,M2S Group Intermediate Holdings Inc,Multi-Sector Holdings,First Lien Term Loan,9.05,"47,608","45,264","45,868",-5,SOFR+,4.75,,8/25/2031,
oscf-20250331,2025-03-31,Non-Control/Non-Affiliate Investments,Madison Park Euro Funding XIV,Multi-Sector Holdings,CLO Notes,6.39,"6,450","6,792","6,979",(5)(10),E+,3.6,,7/15/2032,
oscf-20250331,2025-03-31,Non-Control/Non-Affiliate Investments,Madison Park Funding LXIII,Multi-Sector Holdings,CLO Notes,9.79,"5,000","5,000","5,007",(5)(10),SOFR+,5.5,,4/21/2035,
oscf-20250331,2025-03-31,Non-Control/Non-Affiliate Investments,Marble Point CLO XVII,Multi-Sector Holdings,CLO Notes,7.94,"3,000","3,000","3,014",(5)(10),SOFR+,3.65,,7/20/2037,
oscf-20250331,2025-03-31,Non-Control/Non-Affiliate Investments,McAfee Corp.,Systems Software,First Lien Term Loan,7.32,"19,950","19,077","19,092",-5,SOFR+,3,,3/1/2029,
oscf-20250331,2025-03-31,Non-Control/Non-Affiliate Investments,"Mesoblast, Inc.",Biotechnology,First Lien Term Loan,9.75,"1,760","1,707","1,760",(8)(10),,,,11/19/2026,
oscf-20250331,2025-03-31,Non-Control/Non-Affiliate Investments,"Mesoblast, Inc.",Biotechnology,Warrants,,—,152,181,(8)(10),,,,,"33,174"
oscf-20250331,2025-03-31,Non-Control/Non-Affiliate Investments,"MHE Intermediate Holdings, LLC",Diversified Support Services,First Lien Term Loan,10.44,"5,206","5,130","5,146",(5)(8),SOFR+,6,,7/21/2027,
oscf-20250331,2025-03-31,Non-Control/Non-Affiliate Investments,"MHE Intermediate Holdings, LLC",Diversified Support Services,First Lien Term Loan,10.69,"1,015","1,001","1,004",(5)(8),SOFR+,6.25,,7/21/2027,
oscf-20250331,2025-03-31,Non-Control/Non-Affiliate Investments,Microf Funding V LLC,Consumer Finance,First Lien Term Loan,10.9,"15,825","15,586","16,056",(5)(8)(9)(10),SOFR+,6.58,,6/3/2027,
oscf-20250331,2025-03-31,Non-Control/Non-Affiliate Investments,"Minotaur Acquisition, Inc.",Financial Exchanges & Data,First Lien Term Loan,,—,-70,-35,(5)(8)(9)(10),SOFR+,5,,6/3/2030,
oscf-20250331,2025-03-31,Non-Control/Non-Affiliate Investments,"Minotaur Acquisition, Inc.",Financial Exchanges & Data,First Lien Term Loan,9.32,"6,888","6,750","6,854",(5)(8)(10),SOFR+,5,,6/3/2030,
oscf-20250331,2025-03-31,Non-Control/Non-Affiliate Investments,"Minotaur Acquisition, Inc.",Financial Exchanges & Data,First Lien Term Loan,9.32,"41,545","40,829","41,337",(5)(8)(10),SOFR+,5,,6/3/2030,
oscf-20250331,2025-03-31,Non-Control/Non-Affiliate Investments,"Minotaur Acquisition, Inc.",Financial Exchanges & Data,First Lien Revolver,,—,-72,-21,(5)(8)(9)(10),SOFR+,5,,6/3/2030,
oscf-20250331,2025-03-31,Non-Control/Non-Affiliate Investments,Mitchell International Inc,Application Software,Second Lien Term Loan,9.57,"42,135","41,953","41,134",-5,SOFR+,5.25,,6/17/2032,
oscf-20250331,2025-03-31,Non-Control/Non-Affiliate Investments,Mitchell International Inc,Application Software,First Lien Term Loan,7.57,"17,015","16,929","16,836",-5,SOFR+,3.25,,6/17/2031,
oscf-20250331,2025-03-31,Non-Control/Non-Affiliate Investments,Modena Buyer LLC,Application Software,First Lien Term Loan,8.79,"42,544","41,781","41,290",-5,SOFR+,4.5,,7/1/2031,
oscf-20250331,2025-03-31,Non-Control/Non-Affiliate Investments,Monotype Imaging Holdings Inc.,Application Software,First Lien Term Loan,9.82,"1,397","1,341","1,397",(5)(8)(9),SOFR+,5.5,,2/28/2031,
oscf-20250331,2025-03-31,Non-Control/Non-Affiliate Investments,Monotype Imaging Holdings Inc.,Application Software,First Lien Term Loan,9.82,"71,747","70,671","71,747",(5)(8),SOFR+,5.5,,2/28/2031,
oscf-20250331,2025-03-31,Non-Control/Non-Affiliate Investments,Monotype Imaging Holdings Inc.,Application Software,First Lien Revolver,,—,-111,0,(5)(8)(9),SOFR+,5.5,,2/28/2030,
oscf-20250331,2025-03-31,Non-Control/Non-Affiliate Investments,MRI Software LLC,Application Software,First Lien Term Loan,9.05,"1,479","1,440","1,442",(5)(8)(9),SOFR+,4.75,,2/10/2027,
oscf-20250331,2025-03-31,Non-Control/Non-Affiliate Investments,MRI Software LLC,Application Software,First Lien Term Loan,9.05,"7,090","7,086","7,035",(5)(8),SOFR+,4.75,,2/10/2027,
oscf-20250331,2025-03-31,Non-Control/Non-Affiliate Investments,MRI Software LLC,Application Software,First Lien Term Loan,9.05,"57,952","57,391","57,500",(5)(8),SOFR+,4.75,,2/10/2027,
oscf-20250331,2025-03-31,Non-Control/Non-Affiliate Investments,MRI Software LLC,Application Software,First Lien Revolver,9.05,328,300,282,(5)(8)(9),SOFR+,4.75,,2/10/2027,
oscf-20250331,2025-03-31,Non-Control/Non-Affiliate Investments,"Neptune Platform Buyer, LLC",Aerospace & Defense,First Lien Term Loan,,—,-13,0,(5)(8)(9),SOFR+,5.25,,1/19/2031,
oscf-20250331,2025-03-31,Non-Control/Non-Affiliate Investments,"Next Holdco, LLC",Health Care Technology,First Lien Term Loan,,—,-72,0,(5)(8)(9),SOFR+,5.25,,11/12/2030,
oscf-20250331,2025-03-31,Non-Control/Non-Affiliate Investments,"Next Holdco, LLC",Health Care Technology,First Lien Term Loan,9.55,"46,158","45,603","46,158",(5)(8),SOFR+,5.25,,11/12/2030,
oscf-20250331,2025-03-31,Non-Control/Non-Affiliate Investments,"Next Holdco, LLC",Health Care Technology,First Lien Term Loan,9.61,"17,740","17,567","17,740",(5)(8),SOFR+,5.25,,11/9/2030,
oscf-20250331,2025-03-31,Non-Control/Non-Affiliate Investments,"Next Holdco, LLC",Health Care Technology,First Lien Revolver,,—,-52,0,(5)(8)(9),SOFR+,5.25,,11/9/2029,
oscf-20250331,2025-03-31,Non-Control/Non-Affiliate Investments,"NFM & J, L.P.",Diversified Support Services,First Lien Term Loan,10.16,"1,379","1,245","1,255",(5)(8)(9),SOFR+,5.75,,11/10/2029,
oscf-20250331,2025-03-31,Non-Control/Non-Affiliate Investments,"NFM & J, L.P.",Diversified Support Services,First Lien Term Loan,10.13,"22,009","21,611","21,789",(5)(8),SOFR+,5.75,,11/10/2029,
oscf-20250331,2025-03-31,Non-Control/Non-Affiliate Investments,"NFM & J, L.P.",Diversified Support Services,First Lien Revolver,12.25,"1,116","1,028","1,066",(5)(8)(9),PRIME+,4.75,,11/10/2029,
oscf-20250331,2025-03-31,Non-Control/Non-Affiliate Investments,"North Star Acquisitionco, LLC",Education Services,First Lien Term Loan,9.7,"5,729","6,132","6,136",(5)(8)(9),SOFR+,4.75,,5/3/2029,
oscf-20250331,2025-03-31,Non-Control/Non-Affiliate Investments,"North Star Acquisitionco, LLC",Education Services,First Lien Term Loan,9.05,"3,313","3,268","3,313",(5)(8)(9),SOFR+,4.75,,5/3/2029,
oscf-20250331,2025-03-31,Non-Control/Non-Affiliate Investments,"North Star Acquisitionco, LLC",Education Services,First Lien Term Loan,9.05,"36,168","35,675","36,168",(5)(8),SOFR+,4.75,,5/3/2029,
oscf-20250331,2025-03-31,Non-Control/Non-Affiliate Investments,"North Star Acquisitionco, LLC",Education Services,First Lien Term Loan,9.21,"3,140","3,911","4,053",(5)(8),SONIA+,4.75,,5/3/2029,
oscf-20250331,2025-03-31,Non-Control/Non-Affiliate Investments,"North Star Acquisitionco, LLC",Education Services,First Lien Term Loan,9.31,"68,811","6,189","6,532",(5)(8),NIBOR+,4.75,,5/3/2029,
oscf-20250331,2025-03-31,Non-Control/Non-Affiliate Investments,"North Star Acquisitionco, LLC",Education Services,First Lien Term Loan,9.05,"27,846","27,733","27,846",(5)(8),SOFR+,4.75,,5/3/2029,
oscf-20250331,2025-03-31,Non-Control/Non-Affiliate Investments,"North Star Acquisitionco, LLC",Education Services,First Lien Revolver,,—,-25,0,(5)(8)(9),SONIA+,4.75,,5/3/2029,
oscf-20250331,2025-03-31,Non-Control/Non-Affiliate Investments,"North Star Acquisitionco, LLC",Education Services,First Lien Revolver,9.05,"1,326","1,266","1,326",(5)(8)(9),SOFR+,4.75,,5/3/2029,
oscf-20250331,2025-03-31,Non-Control/Non-Affiliate Investments,Northwoods Capital 25 Ltd,Multi-Sector Holdings,CLO Notes,11.69,700,683,657,(5)(10),SOFR+,7.4,,7/20/2034,
oscf-20250331,2025-03-31,Non-Control/Non-Affiliate Investments,Octagon 66,Multi-Sector Holdings,CLO Notes,9.41,"3,000","2,972","3,023",(5)(10),SOFR+,5.09,,11/16/2036,
oscf-20250331,2025-03-31,Non-Control/Non-Affiliate Investments,OFSI BSL XIII CLO,Multi-Sector Holdings,CLO Notes,8.79,"5,000","5,000","5,063",(5)(10),SOFR+,4.5,,4/20/2037,
oscf-20250331,2025-03-31,Non-Control/Non-Affiliate Investments,OFSI Fund Ltd,Multi-Sector Holdings,CLO Notes,11.77,"1,105","1,050","1,070",(5)(10),SOFR+,7.48,,4/20/2034,
oscf-20250331,2025-03-31,Non-Control/Non-Affiliate Investments,"OneOncology, LLC",Health Care Services,First Lien Term Loan,9.33,"17,079","16,908","16,994",(5)(8),SOFR+,4.75,,6/10/2030,
oscf-20250331,2025-03-31,Non-Control/Non-Affiliate Investments,"OneOncology, LLC",Health Care Services,First Lien Term Loan,10.55,"8,518","8,305","8,518",(5)(8),SOFR+,6.25,,6/10/2030,
oscf-20250331,2025-03-31,Non-Control/Non-Affiliate Investments,"OneOncology, LLC",Health Care Services,First Lien Term Loan,9.33,"14,332","14,146","14,218",(5)(8)(9),SOFR+,4.75,,6/10/2030,
oscf-20250331,2025-03-31,Non-Control/Non-Affiliate Investments,"OneOncology, LLC",Health Care Services,First Lien Term Loan,9.05,"22,542","22,124","22,542",(5)(8),SOFR+,4.75,,6/10/2030,
oscf-20250331,2025-03-31,Non-Control/Non-Affiliate Investments,"OneOncology, LLC",Health Care Services,First Lien Revolver,,—,-80,0,(5)(8)(9),SOFR+,6.25,,6/11/2029,
oscf-20250331,2025-03-31,Non-Control/Non-Affiliate Investments,Optimizely North America Inc.,Application Software,First Lien Term Loan,9.32,"47,774","47,325","47,320",(5)(8)(10),SOFR+,5,,10/30/2031,
oscf-20250331,2025-03-31,Non-Control/Non-Affiliate Investments,Optimizely North America Inc.,Application Software,First Lien Revolver,,—,-67,-68,(5)(8)(9)(10),SOFR+,5,,10/30/2031,
oscf-20250331,2025-03-31,Non-Control/Non-Affiliate Investments,Optimizely Sweden Holdings AB,Application Software,First Lien Term Loan,7.61,"17,059","18,358","18,252",(5)(8)(10),E+,5.25,,10/30/2031,
oscf-20250331,2025-03-31,Non-Control/Non-Affiliate Investments,Optimizely Sweden Holdings AB,Application Software,First Lien Term Loan,9.96,"5,686","7,328","7,269",(5)(8)(10),SONIA+,5.5,,10/30/2031,
oscf-20250331,2025-03-31,Non-Control/Non-Affiliate Investments,"Oranje Holdco, Inc.",Systems Software,First Lien Term Loan,11.55,"16,868","16,597","16,868",(5)(8),SOFR+,7.25,,2/1/2029,
oscf-20250331,2025-03-31,Non-Control/Non-Affiliate Investments,"Oranje Holdco, Inc.",Systems Software,First Lien Term Loan,12.04,"15,746","15,494","15,746",(5)(8),SOFR+,7.75,,2/1/2029,
oscf-20250331,2025-03-31,Non-Control/Non-Affiliate Investments,"Oranje Holdco, Inc.",Systems Software,First Lien Revolver,,—,-31,0,(5)(8)(9),SOFR+,7.75,,2/1/2029,
oscf-20250331,2025-03-31,Non-Control/Non-Affiliate Investments,PAI Financing Merger Sub LLC,Pharmaceuticals,First Lien Term Loan,9.07,"74,441","73,345","73,324",(5)(8),SOFR+,4.75,,2/13/2032,
oscf-20250331,2025-03-31,Non-Control/Non-Affiliate Investments,PAI Financing Merger Sub LLC,Pharmaceuticals,First Lien Revolver,,—,-232,-236,(5)(8)(9),SOFR+,4.75,,2/13/2032,
oscf-20250331,2025-03-31,Non-Control/Non-Affiliate Investments,Peraton Corp.,Aerospace & Defense,First Lien Term Loan,8.17,"7,414","7,379","6,616",-5,SOFR+,3.75,,2/1/2028,
oscf-20250331,2025-03-31,Non-Control/Non-Affiliate Investments,PetSmart LLC,Other Specialty Retail,First Lien Term Loan,8.17,"21,749","21,508","21,454",-5,SOFR+,3.75,,2/11/2028,
oscf-20250331,2025-03-31,Non-Control/Non-Affiliate Investments,"PetVet Care Centers, LLC",Health Care Services,First Lien Term Loan,10.32,"72,727","71,736","69,636",(5)(8),SOFR+,6,,11/15/2030,
oscf-20250331,2025-03-31,Non-Control/Non-Affiliate Investments,"PetVet Care Centers, LLC",Health Care Services,First Lien Term Loan,,—,-96,-312,(5)(8)(9),SOFR+,6,,11/15/2030,
oscf-20250331,2025-03-31,Non-Control/Non-Affiliate Investments,"PetVet Care Centers, LLC",Health Care Services,First Lien Revolver,,—,-148,-408,(5)(8)(9),SOFR+,6,,11/15/2029,
oscf-20250331,2025-03-31,Non-Control/Non-Affiliate Investments,"PetVet Care Centers, LLC",Health Care Services,Preferred Equity,,—,"6,211","7,304",-8,,,,,"6,338"
oscf-20250331,2025-03-31,Non-Control/Non-Affiliate Investments,"Pluralsight, LLC",Application Software,First Lien Term Loan,7.33,"1,930","1,930","1,930",(5)(8),SOFR+,4.5,1.5,8/22/2029,
oscf-20250331,2025-03-31,Non-Control/Non-Affiliate Investments,"Pluralsight, LLC",Application Software,First Lien Term Loan,7.33,"3,343","3,343","3,343",(5)(8),SOFR+,4.5,1.5,8/22/2029,
oscf-20250331,2025-03-31,Non-Control/Non-Affiliate Investments,"Pluralsight, LLC",Application Software,First Lien Term Loan,,"5,298","5,298","5,298",(5)(8),SOFR+,7.5,11.83,8/22/2029,
oscf-20250331,2025-03-31,Non-Control/Non-Affiliate Investments,"Pluralsight, LLC",Application Software,First Lien Term Loan,,—,0,0,(5)(8)(9),SOFR+,4.5,,8/22/2029,
oscf-20250331,2025-03-31,Non-Control/Non-Affiliate Investments,"Pluralsight, LLC",Application Software,First Lien Revolver,,—,0,0,(5)(8)(9),SOFR+,4.5,,8/22/2029,
oscf-20250331,2025-03-31,Non-Control/Non-Affiliate Investments,"Pluralsight, LLC",Application Software,Common Stock,,—,"5,540","4,064",-8,,,,,"1,658,698"
oscf-20250331,2025-03-31,Non-Control/Non-Affiliate Investments,Poseidon Midco AB,Pharmaceuticals,First Lien Term Loan,9.8,"21,032","20,822","20,484",(5)(8)(9)(10),SOFR+,5.5,,5/16/2031,
oscf-20250331,2025-03-31,Non-Control/Non-Affiliate Investments,Poseidon Midco AB,Pharmaceuticals,First Lien Term Loan,,—,-194,-194,(5)(8)(9)(10),E+,5,,9/17/2031,
oscf-20250331,2025-03-31,Non-Control/Non-Affiliate Investments,Poseidon Midco AB,Pharmaceuticals,First Lien Term Loan,8,"50,768","55,138","53,880",(5)(8)(10),E+,5.5,,5/16/2031,
oscf-20250331,2025-03-31,Non-Control/Non-Affiliate Investments,"PPW Aero Buyer, Inc.",Aerospace & Defense,First Lien Term Loan,,—,-94,-138,(5)(8)(9),SOFR+,5.5,,2/15/2029,
oscf-20250331,2025-03-31,Non-Control/Non-Affiliate Investments,"PPW Aero Buyer, Inc.",Aerospace & Defense,First Lien Term Loan,9.8,"24,482","24,408","24,238",(5)(8),SOFR+,5.5,,2/15/2029,
oscf-20250331,2025-03-31,Non-Control/Non-Affiliate Investments,"PPW Aero Buyer, Inc.",Aerospace & Defense,First Lien Term Loan,10.81,"26,354","25,673","26,354",(5)(8),SOFR+,6.5,,2/15/2029,
oscf-20250331,2025-03-31,Non-Control/Non-Affiliate Investments,"PPW Aero Buyer, Inc.",Aerospace & Defense,First Lien Revolver,13,"2,397","2,304","2,397",(5)(8)(9),PRIME+,5.5,,2/15/2029,
oscf-20250331,2025-03-31,Non-Control/Non-Affiliate Investments,"Profrac Holdings II, LLC",Industrial Machinery & Supplies & Components,First Lien Floating Rate Bond,11.54,"62,638","62,012","62,638",(5)(8)(10),SOFR+,7.25,,1/23/2029,
oscf-20250331,2025-03-31,Non-Control/Non-Affiliate Investments,"Project Accelerate Parent, LLC",Systems Software,First Lien Term Loan,9.57,"43,422","43,056","43,422",(5)(8),SOFR+,5.25,,2/24/2031,
oscf-20250331,2025-03-31,Non-Control/Non-Affiliate Investments,"Project Accelerate Parent, LLC",Systems Software,First Lien Revolver,,—,-53,0,(5)(8)(9),SOFR+,5.25,,2/24/2031,
oscf-20250331,2025-03-31,Non-Control/Non-Affiliate Investments,Prosper Credit Card 2024-1,Specialized Finance,CLO Notes,7.15,"5,240","5,227","5,274",(8)(10),,,,10/15/2034,
oscf-20250331,2025-03-31,Non-Control/Non-Affiliate Investments,Prosper Credit Card 2024-1,Specialized Finance,CLO Notes,10.05,"5,471","5,389","5,453",(8)(10),,,,10/15/2034,
oscf-20250331,2025-03-31,Non-Control/Non-Affiliate Investments,Prosper Credit Card 2024-1,Specialized Finance,CLO Notes,14.64,"7,289","7,289","7,398",(8)(10),,,,10/15/2034,
oscf-20250331,2025-03-31,Non-Control/Non-Affiliate Investments,"Protein for Pets Opco, LLC",Packaged Foods & Meats,First Lien Term Loan,9.57,"63,255","62,189","62,129",(5)(8),SOFR+,5.25,,9/20/2030,
oscf-20250331,2025-03-31,Non-Control/Non-Affiliate Investments,"Protein for Pets Opco, LLC",Packaged Foods & Meats,First Lien Revolver,,—,-112,-118,(5)(8)(9),SOFR+,5.25,,9/20/2030,
oscf-20250331,2025-03-31,Non-Control/Non-Affiliate Investments,Quantum Bidco Limited,Food Distributors,First Lien Term Loan,10.23,"27,922","35,300","35,828",(5)(8)(10),SONIA+,5.5,,1/31/2028,
oscf-20250331,2025-03-31,Non-Control/Non-Affiliate Investments,Renaissance Holding Corp.,Education Services,First Lien Term Loan,8.32,"19,955","19,573","19,618",-5,SOFR+,4,,4/5/2030,
oscf-20250331,2025-03-31,Non-Control/Non-Affiliate Investments,"Resistance Acquisition, Inc.",Pharmaceuticals,First Lien Term Loan,11.8,"18,387","18,068","18,387",(5)(8),SOFR+,7.5,,9/21/2028,
oscf-20250331,2025-03-31,Non-Control/Non-Affiliate Investments,Rockford Tower CLO 2024-1,Multi-Sector Holdings,CLO Notes,11.77,"2,500","2,478","2,549",(5)(10),SOFR+,7.48,,4/20/2037,
oscf-20250331,2025-03-31,Non-Control/Non-Affiliate Investments,"Salus Workers' Compensation, LLC",Diversified Financial Services,Warrants,,—,200,0,-8,,,,,"606,357"
oscf-20250331,2025-03-31,Non-Control/Non-Affiliate Investments,"Salus Workers' Compensation, LLC",Diversified Financial Services,First Lien Term Loan,14.81,"13,484","13,277","12,810",(5)(8),SOFR+,10.5,,10/7/2026,
oscf-20250331,2025-03-31,Non-Control/Non-Affiliate Investments,"Salus Workers' Compensation, LLC",Diversified Financial Services,First Lien Revolver,14.83,"1,367","1,337","1,272",(5)(8)(9),SOFR+,10.5,,10/7/2026,
oscf-20250331,2025-03-31,Non-Control/Non-Affiliate Investments,Saratoga,Diversified Financial Services,Credit Linked Note,9.86,"98,000","97,754","98,000",(5)(8)(10)(14),SOFR+,5.33,,12/31/2029,
oscf-20250331,2025-03-31,Non-Control/Non-Affiliate Investments,scPharmaceuticals Inc.,Pharmaceuticals,Warrants,,—,258,67,-8,,,,,"79,075"
oscf-20250331,2025-03-31,Non-Control/Non-Affiliate Investments,Secure Acquisition Inc.,Paper & Plastic Packaging Products & Materials,First Lien Term Loan,8.05,"34,485","34,413","34,485",-5,SOFR+,3.75,,12/16/2028,
oscf-20250331,2025-03-31,Non-Control/Non-Affiliate Investments,SEI Holding I Corporation,Trading Companies & Distributors,First Lien Term Loan,9.32,"2,469","2,429","2,450",(5)(8),SOFR+,5,,3/27/2028,
oscf-20250331,2025-03-31,Non-Control/Non-Affiliate Investments,SEI Holding I Corporation,Trading Companies & Distributors,First Lien Term Loan,9.32,"3,071","2,999","3,030",(5)(8)(9),SOFR+,5,,3/27/2028,
oscf-20250331,2025-03-31,Non-Control/Non-Affiliate Investments,SEI Holding I Corporation,Trading Companies & Distributors,First Lien Term Loan,9.32,"17,157","16,850","17,028",(5)(8),SOFR+,5,,3/27/2028,
oscf-20250331,2025-03-31,Non-Control/Non-Affiliate Investments,SEI Holding I Corporation,Trading Companies & Distributors,First Lien Term Loan,,—,-35,-64,(5)(8)(9),SOFR+,5,,3/27/2028,
oscf-20250331,2025-03-31,Non-Control/Non-Affiliate Investments,SEI Holding I Corporation,Trading Companies & Distributors,First Lien Revolver,,—,-46,-28,(5)(8)(9),SOFR+,5,,3/27/2028,
oscf-20250331,2025-03-31,Non-Control/Non-Affiliate Investments,"Seres Therapeutics, Inc.",Biotechnology,Warrants,,—,293,33,(8)(10),,,,,"93,470"
oscf-20250331,2025-03-31,Non-Control/Non-Affiliate Investments,"Sorenson Communications, LLC",Communications Equipment,First Lien Term Loan,10.07,"86,368","84,969","84,960",(5)(8),SOFR+,5.75,,4/19/2029,
oscf-20250331,2025-03-31,Non-Control/Non-Affiliate Investments,"Sorenson Communications, LLC",Communications Equipment,First Lien Revolver,,—,-165,-166,(5)(8)(9),SOFR+,5.75,,4/19/2029,
oscf-20250331,2025-03-31,Non-Control/Non-Affiliate Investments,Spruce Bidco I Inc.,Health Care Equipment,First Lien Term Loan,6.06,"2,262,960","14,398","14,916",(5)(8),TONA+,5.25,,2/2/2032,
oscf-20250331,2025-03-31,Non-Control/Non-Affiliate Investments,Spruce Bidco I Inc.,Health Care Equipment,First Lien Term Loan,7.72,"21,111","14,362","14,458",(5)(8),CORRA+,5,,1/30/2032,
oscf-20250331,2025-03-31,Non-Control/Non-Affiliate Investments,Spruce Bidco I Inc.,Health Care Equipment,First Lien Term Loan,9.32,"116,896","115,184","115,224",(5)(8),SOFR+,5,,1/30/2032,
oscf-20250331,2025-03-31,Non-Control/Non-Affiliate Investments,Spruce Bidco I Inc.,Health Care Equipment,First Lien Revolver,,—,-386,-377,(5)(8)(9),SOFR+,5,,1/30/2032,
oscf-20250331,2025-03-31,Non-Control/Non-Affiliate Investments,"Staples, Inc.",Office Services & Supplies,First Lien Term Loan,10.04,"23,768","22,788","21,177",-5,SOFR+,5.75,,9/4/2029,
oscf-20250331,2025-03-31,Non-Control/Non-Affiliate Investments,"Staples, Inc.",Office Services & Supplies,Fixed Rate Bond,10.75,"23,481","22,613","21,243",,,,,9/1/2029,
oscf-20250331,2025-03-31,Non-Control/Non-Affiliate Investments,"Star Parent, Inc.",Life Sciences Tools & Services,First Lien Term Loan,8.3,"65,514","64,330","62,730",-5,SOFR+,4,,9/27/2030,
oscf-20250331,2025-03-31,Non-Control/Non-Affiliate Investments,SumUp Holdings Luxembourg,Diversified Financial Services,First Lien Term Loan,9.03,"47,274","50,670","50,510",(5)(8)(9)(10),E+,6.5,,4/25/2031,
oscf-20250331,2025-03-31,Non-Control/Non-Affiliate Investments,"Supreme Fitness Group NY Holdings, LLC",Leisure Facilities,First Lien Term Loan,11.57,691,686,672,(5)(8),SOFR+,7,,12/31/2026,
oscf-20250331,2025-03-31,Non-Control/Non-Affiliate Investments,"Supreme Fitness Group NY Holdings, LLC",Leisure Facilities,First Lien Term Loan,11.57,831,804,809,(5)(8),SOFR+,7,,12/31/2026,
oscf-20250331,2025-03-31,Non-Control/Non-Affiliate Investments,"Supreme Fitness Group NY Holdings, LLC",Leisure Facilities,First Lien Term Loan,11.57,"8,071","8,015","7,849",(5)(8),SOFR+,7,,12/31/2026,
oscf-20250331,2025-03-31,Non-Control/Non-Affiliate Investments,"Supreme Fitness Group NY Holdings, LLC",Leisure Facilities,First Lien Revolver,,—,-3,-11,(5)(8)(9),SOFR+,7,,12/31/2026,
oscf-20250331,2025-03-31,Non-Control/Non-Affiliate Investments,"TBRS, Inc.",Health Care Supplies,First Lien Term Loan,,—,-65,-63,(5)(8)(9),SOFR+,4.75,,11/22/2031,
oscf-20250331,2025-03-31,Non-Control/Non-Affiliate Investments,"TBRS, Inc.",Health Care Supplies,First Lien Term Loan,9.08,"49,735","49,263","49,273",(5)(8),SOFR+,4.75,,11/22/2031,
oscf-20250331,2025-03-31,Non-Control/Non-Affiliate Investments,"TBRS, Inc.",Health Care Supplies,First Lien Revolver,9.08,453,382,384,(5)(8)(9),SOFR+,4.75,,11/22/2030,
oscf-20250331,2025-03-31,Non-Control/Non-Affiliate Investments,"Telephone and Data Systems, Inc.",Wireless Telecommunication Services,Subordinated Debt Term Loan,,—,-227,0,(5)(8)(9)(10),SOFR+,7,,5/1/2029,
oscf-20250331,2025-03-31,Non-Control/Non-Affiliate Investments,"Telephone and Data Systems, Inc.",Wireless Telecommunication Services,Subordinated Debt Term Loan,11.29,"73,728","71,922","73,175",(5)(8)(10),SOFR+,7,,5/1/2029,
oscf-20250331,2025-03-31,Non-Control/Non-Affiliate Investments,Ten-X LLC,Interactive Media & Services,First Lien Term Loan,10.25,"24,472","23,696","22,484",-5,SOFR+,6,,5/26/2028,
oscf-20250331,2025-03-31,Non-Control/Non-Affiliate Investments,"THG Acquisition, LLC",Insurance Brokers,First Lien Term Loan,9.07,201,146,116,(5)(8)(9)(10),SOFR+,4.75,,10/31/2031,
oscf-20250331,2025-03-31,Non-Control/Non-Affiliate Investments,"THG Acquisition, LLC",Insurance Brokers,First Lien Term Loan,9.07,"50,833","50,355","50,452",(5)(8)(10),SOFR+,4.75,,10/31/2031,
oscf-20250331,2025-03-31,Non-Control/Non-Affiliate Investments,"THG Acquisition, LLC",Insurance Brokers,First Lien Revolver,9.07,259,206,217,(5)(8)(9)(10),SOFR+,4.75,,10/31/2031,
oscf-20250331,2025-03-31,Non-Control/Non-Affiliate Investments,Transit Buyer LLC,Diversified Support Services,First Lien Term Loan,9.32,"8,101","7,990","8,014",(5)(8),SOFR+,5,,1/31/2029,
oscf-20250331,2025-03-31,Non-Control/Non-Affiliate Investments,Transit Buyer LLC,Diversified Support Services,First Lien Term Loan,9.32,"3,300","3,251","3,259",(5)(8)(9),SOFR+,5,,1/31/2029,
oscf-20250331,2025-03-31,Non-Control/Non-Affiliate Investments,Transit Buyer LLC,Diversified Support Services,First Lien Term Loan,9.32,"8,300","8,193","8,210",(5)(8),SOFR+,5,,1/31/2029,
oscf-20250331,2025-03-31,Non-Control/Non-Affiliate Investments,Trident TPI Holdings Inc,"Metal, Glass & Plastic Containers",First Lien Term Loan,8.05,"12,312","12,312","11,920",-5,SOFR+,3.75,,9/15/2028,
oscf-20250331,2025-03-31,Non-Control/Non-Affiliate Investments,Trinitas CLO VI Ltd.,Multi-Sector Holdings,CLO Notes,11.38,"2,785","2,623","2,525",(5)(10),SOFR+,7.08,,1/25/2034,
oscf-20250331,2025-03-31,Non-Control/Non-Affiliate Investments,Trinitas CLO XII,Multi-Sector Holdings,CLO Notes,8.56,"4,500","4,405","4,513",(5)(10),SOFR+,4.26,,4/25/2033,
oscf-20250331,2025-03-31,Non-Control/Non-Affiliate Investments,Trinitas CLO XV DAC,Multi-Sector Holdings,CLO Notes,12,"6,500","5,848","6,046",(5)(10),SOFR+,7.71,,4/22/2034,
oscf-20250331,2025-03-31,Non-Control/Non-Affiliate Investments,"Truck-Lite Co., LLC",Construction Machinery & Heavy Transportation Equipment,First Lien Term Loan,10.04,"4,316","4,203","4,316",(5)(8)(9),SOFR+,5.75,,2/13/2031,
oscf-20250331,2025-03-31,Non-Control/Non-Affiliate Investments,"Truck-Lite Co., LLC",Construction Machinery & Heavy Transportation Equipment,First Lien Term Loan,10.07,"61,911","60,872","61,911",(5)(8),SOFR+,5.75,,2/13/2031,
oscf-20250331,2025-03-31,Non-Control/Non-Affiliate Investments,"Truck-Lite Co., LLC",Construction Machinery & Heavy Transportation Equipment,First Lien Revolver,10.05,451,341,451,(5)(8)(9),SOFR+,5.75,,2/13/2030,
oscf-20250331,2025-03-31,Non-Control/Non-Affiliate Investments,Usalco LLC,Commodity Chemicals,First Lien Term Loan,,—,-16,-16,(5)(8)(9),SOFR+,4,,9/30/2031,
oscf-20250331,2025-03-31,Non-Control/Non-Affiliate Investments,Usalco LLC,Commodity Chemicals,First Lien Term Loan,8.3,"31,651","31,493","31,493",(5)(8),SOFR+,4,,9/30/2031,
oscf-20250331,2025-03-31,Non-Control/Non-Affiliate Investments,"USIC Holdings, Inc.",Diversified Support Services,First Lien Term Loan,9.81,603,603,603,(5)(8)(9),SOFR+,5.5,,9/10/2031,
oscf-20250331,2025-03-31,Non-Control/Non-Affiliate Investments,"USIC Holdings, Inc.",Diversified Support Services,First Lien Term Loan,9.81,"46,195","45,770","46,195",(5)(8),SOFR+,5.5,,9/10/2031,
oscf-20250331,2025-03-31,Non-Control/Non-Affiliate Investments,"USIC Holdings, Inc.",Diversified Support Services,First Lien Revolver,9.56,"3,201","3,147","3,201",(5)(8)(9),SOFR+,5.25,,9/10/2031,
oscf-20250331,2025-03-31,Non-Control/Non-Affiliate Investments,Venture 41 CLO,Multi-Sector Holdings,CLO Notes,8.42,"1,500","1,480","1,502",(5)(10),SOFR+,4.13,,1/20/2034,
oscf-20250331,2025-03-31,Non-Control/Non-Affiliate Investments,"Verde Purchaser, LLC",Trading Companies & Distributors,First Lien Term Loan,8.3,"21,001","20,901","20,916",(5)(10),SOFR+,4,,11/30/2030,
oscf-20250331,2025-03-31,Non-Control/Non-Affiliate Investments,"Verona Pharma, Inc.",Pharmaceuticals,First Lien Term Loan,11,"4,956","4,875","4,944",(8)(10),,,,5/9/2029,
oscf-20250331,2025-03-31,Non-Control/Non-Affiliate Investments,"Verona Pharma, Inc.",Pharmaceuticals,First Lien Term Loan,11,"6,758","6,623","6,623",(8)(10),,,,5/9/2029,
oscf-20250331,2025-03-31,Non-Control/Non-Affiliate Investments,"Verona Pharma, Inc.",Pharmaceuticals,First Lien Term Loan,11,"6,308","6,182","6,292",(8)(10),,,,5/9/2029,
oscf-20250331,2025-03-31,Non-Control/Non-Affiliate Investments,"Verona Pharma, Inc.",Pharmaceuticals,First Lien Term Loan,11,—,0,0,(8)(9)(10),,,,5/9/2029,
oscf-20250331,2025-03-31,Non-Control/Non-Affiliate Investments,"Verona Pharma, Inc.",Pharmaceuticals,First Lien Term Loan,,—,0,0,(8)(9)(10)(13),,,,9/30/2025,
oscf-20250331,2025-03-31,Non-Control/Non-Affiliate Investments,Violin Finco Guernsey Limited,Asset Management & Custody Banks,First Lien Term Loan,,—,-17,0,(5)(8)(9)(10),SONIA+,5.5,,6/6/2031,
oscf-20250331,2025-03-31,Non-Control/Non-Affiliate Investments,Violin Finco Guernsey Limited,Asset Management & Custody Banks,First Lien Term Loan,9.71,"46,900","58,976","60,537",(5)(8)(10),SONIA+,5.5,,6/6/2031,
oscf-20250331,2025-03-31,Non-Control/Non-Affiliate Investments,WAVE 2019-1,Specialized Finance,CLO Notes,3.6,"3,885","3,238","3,637",-10,,,,9/15/2044,
oscf-20250331,2025-03-31,Non-Control/Non-Affiliate Investments,Wind River 2020-1 CLO,Multi-Sector Holdings,CLO Notes,11.71,"2,000","1,961","1,965",(5)(10),SOFR+,7.42,,7/20/2037,
oscf-20250331,2025-03-31,Non-Control/Non-Affiliate Investments,Wind River 2024-1 CLO,Multi-Sector Holdings,CLO Notes,8.54,"3,250","3,250","3,289",(5)(10),SOFR+,4.25,,4/20/2037,
oscf-20250331,2025-03-31,Non-Control/Non-Affiliate Investments,Woodmont 2022-9 Trust,Multi-Sector Holdings,CLO Notes,12.07,"9,385","9,300","9,283",(5)(10),SOFR+,7.77,,10/25/2036,
oscf-20250331,2025-03-31,Non-Control/Non-Affiliate Investments,"WP CPP Holdings, LLC",Aerospace & Defense,First Lien Term Loan,6.94,"2,623","2,623","2,623",(5)(8),SOFR+,6.75,4.13,11/29/2029,
oscf-20250331,2025-03-31,Non-Control/Non-Affiliate Investments,"WP CPP Holdings, LLC",Aerospace & Defense,First Lien Term Loan,6.94,"55,335","54,314","55,335",(5)(8),SOFR+,6.75,4.13,11/28/2029,
oscf-20250331,2025-03-31,Non-Control/Non-Affiliate Investments,"WP CPP Holdings, LLC",Aerospace & Defense,First Lien Revolver,,—,-113,0,(5)(8)(9),SOFR+,6.75,,11/28/2029,
oscf-20250331,2025-03-31,Non-Control/Non-Affiliate Investments,X Holdings Corp.,Interactive Media & Services,First Lien Term Loan,9.5,"19,889","19,889","20,429",,,,,10/26/2029,
oscf-20250331,2025-03-31,Non-Control/Non-Affiliate Investments,X Holdings Corp.,Interactive Media & Services,First Lien Term Loan,10.95,"23,656","23,601","23,537",-5,SOFR+,6.5,,10/26/2029,
oscf-20250630,2025-06-30,Non-Control/Non-Affiliate Investments,107-109 Beech OAK22 LLC,Real Estate Development,First Lien Revolver,11,"10,185","10,079","10,138",(8)(9),,,,2/27/2026,
oscf-20250630,2025-06-30,Non-Control/Non-Affiliate Investments,1261229 BC LTD,Pharmaceuticals,Fixed Rate Bond,10,"22,200","22,200","22,411",-10,,,,4/15/2032,
oscf-20250630,2025-06-30,Non-Control/Non-Affiliate Investments,1261229 BC LTD,Pharmaceuticals,First Lien Term Loan,10.56,"47,800","46,653","46,205",(5)(10),SOFR+,6.25,,10/8/2030,
oscf-20250630,2025-06-30,Non-Control/Non-Affiliate Investments,"1440 Foods Topco, LLC",Packaged Foods & Meats,First Lien Term Loan,9.33,"62,200","59,054","60,091",-5,SOFR+,5,,10/31/2031,
oscf-20250630,2025-06-30,Non-Control/Non-Affiliate Investments,"Access CIG, LLC",Diversified Support Services,First Lien Term Loan,8.38,"46,351","45,984","46,623",-5,SOFR+,4.25,,8/18/2028,
oscf-20250630,2025-06-30,Non-Control/Non-Affiliate Investments,"Accession Risk Management Group, Inc.",Insurance Brokers,First Lien Term Loan,9.05,"1,543","1,480","1,543",(5)(8)(9),SOFR+,4.75,,11/1/2029,
oscf-20250630,2025-06-30,Non-Control/Non-Affiliate Investments,"Accession Risk Management Group, Inc.",Insurance Brokers,First Lien Term Loan,9.05,"10,870","10,870","10,870",(5)(8),SOFR+,4.75,,11/1/2029,
oscf-20250630,2025-06-30,Non-Control/Non-Affiliate Investments,"Accession Risk Management Group, Inc.",Insurance Brokers,First Lien Revolver,,—,-12,0,(5)(8)(9),SOFR+,4.75,,10/30/2029,
oscf-20250630,2025-06-30,Non-Control/Non-Affiliate Investments,ACESO Holding 4 S.A.R.L.,Health Care Services,First Lien Term Loan,7.74,"8,508","9,790","9,857",(5)(8)(10),E+,5.75,,9/27/2031,
oscf-20250630,2025-06-30,Non-Control/Non-Affiliate Investments,ACESO Holding 4 S.A.R.L.,Health Care Services,First Lien Term Loan,7.74,"39,777","45,680","46,085",(5)(8)(10),E+,5.75,,9/30/2031,
oscf-20250630,2025-06-30,Non-Control/Non-Affiliate Investments,ACESO Holding 4 S.A.R.L.,Health Care Services,First Lien Term Loan,8.13,"34,034","37,309","39,431",(5)(8)(10),E+,5.75,,9/27/2031,
oscf-20250630,2025-06-30,Non-Control/Non-Affiliate Investments,ACP Falcon Buyer Inc,Systems Software,First Lien Term Loan,9.8,"34,147","33,449","34,147",(5)(8),SOFR+,5.5,,8/1/2029,
oscf-20250630,2025-06-30,Non-Control/Non-Affiliate Investments,ACP Falcon Buyer Inc,Systems Software,First Lien Revolver,,—,-109,0,(5)(8)(9),SOFR+,5.5,,8/1/2029,
oscf-20250630,2025-06-30,Non-Control/Non-Affiliate Investments,Acquia Inc.,Application Software,First Lien Term Loan,11.41,"11,166","11,060","11,166",(5)(8),SOFR+,7,,10/30/2026,
oscf-20250630,2025-06-30,Non-Control/Non-Affiliate Investments,ADC Therapeutics SA,Biotechnology,First Lien Term Loan,11.95,"10,406","10,091","10,250",(5)(8)(10),SOFR+,7.5,,8/15/2029,
oscf-20250630,2025-06-30,Non-Control/Non-Affiliate Investments,ADC Therapeutics SA,Biotechnology,Warrants,,,275,30,(8)(10),,,,,"185,598"
oscf-20250630,2025-06-30,Non-Control/Non-Affiliate Investments,AIP RD Buyer Corp.,Distributors,Common Stock,,,428,724,-8,,,,,"138,337"
oscf-20250630,2025-06-30,Non-Control/Non-Affiliate Investments,Allegro CLO XII,Multi-Sector Holdings,CLO Notes,11.67,"4,400","4,400","4,429",(5)(10),SOFR+,7.4,,7/21/2037,
oscf-20250630,2025-06-30,Non-Control/Non-Affiliate Investments,"American Auto Auction Group, LLC",Diversified Support Services,First Lien Term Loan,8.83,"22,940","22,768","23,080",-5,SOFR+,4.5,,5/28/2032,
oscf-20250630,2025-06-30,Non-Control/Non-Affiliate Investments,Arches Buyer Inc.,Interactive Media & Services,First Lien Term Loan,9.83,"93,025","92,164","93,025",(5)(8),SOFR+,5.5,,12/6/2027,
oscf-20250630,2025-06-30,Non-Control/Non-Affiliate Investments,Ares XLIV CLO,Multi-Sector Holdings,CLO Notes,11.39,"3,500","3,404","3,523",(5)(10),SOFR+,7.13,,4/15/2034,
oscf-20250630,2025-06-30,Non-Control/Non-Affiliate Investments,"Artera Services, LLC",Construction & Engineering,First Lien Term Loan,8.8,"53,669","53,238","45,185",-5,SOFR+,4.5,,2/15/2031,
oscf-20250630,2025-06-30,Non-Control/Non-Affiliate Investments,"Artera Services, LLC",Construction & Engineering,Fixed Rate Bond,8.5,"12,660","12,660","10,552",,,,,2/15/2031,
oscf-20250630,2025-06-30,Non-Control/Non-Affiliate Investments,ASP Integrity Acquisition Co LLC,Diversified Support Services,First Lien Term Loan,,—,-57,-251,(5)(8)(9),SOFR+,5,,3/6/2032,
oscf-20250630,2025-06-30,Non-Control/Non-Affiliate Investments,ASP Integrity Acquisition Co LLC,Diversified Support Services,First Lien Term Loan,9.32,"47,741","47,058","46,242",(5)(8),SOFR+,5,,3/6/2032,
oscf-20250630,2025-06-30,Non-Control/Non-Affiliate Investments,ASP Integrity Acquisition Co LLC,Diversified Support Services,First Lien Revolver,11.5,399,271,117,(5)(8)(9),PRIME+,4,,3/6/2031,
oscf-20250630,2025-06-30,Non-Control/Non-Affiliate Investments,ASP-R-PAC Acquisition Co LLC,Paper & Plastic Packaging Products & Materials,First Lien Term Loan,10.28,990,982,974,(5)(8)(10),SOFR+,6,,12/29/2027,
oscf-20250630,2025-06-30,Non-Control/Non-Affiliate Investments,ASP-R-PAC Acquisition Co LLC,Paper & Plastic Packaging Products & Materials,First Lien Term Loan,10.54,"4,775","4,736","4,699",(5)(8)(10),SOFR+,6,,12/29/2027,
oscf-20250630,2025-06-30,Non-Control/Non-Affiliate Investments,ASP-R-PAC Acquisition Co LLC,Paper & Plastic Packaging Products & Materials,First Lien Revolver,10.44,335,330,326,(5)(8)(9)(10),SOFR+,6,,12/29/2027,
oscf-20250630,2025-06-30,Non-Control/Non-Affiliate Investments,Astra Acquisition Corp.,Application Software,First Lien Term Loan,,"7,337","6,453","3,485",(5)(8)(11),SOFR+,6.75,,2/25/2028,
oscf-20250630,2025-06-30,Non-Control/Non-Affiliate Investments,Astra Acquisition Corp.,Application Software,First Lien Term Loan,,"8,316","6,305",0,(5)(8)(11),SOFR+,5.25,,10/25/2028,
oscf-20250630,2025-06-30,Non-Control/Non-Affiliate Investments,"Asurion, LLC",Property & Casualty Insurance,First Lien Term Loan,8.43,"25,442","25,366","25,125",-5,SOFR+,4,,8/19/2028,
oscf-20250630,2025-06-30,Non-Control/Non-Affiliate Investments,"Asurion, LLC",Property & Casualty Insurance,First Lien Term Loan,8.68,"33,780","33,239","33,469",-5,SOFR+,4.25,,8/19/2028,
oscf-20250630,2025-06-30,Non-Control/Non-Affiliate Investments,"Asurion, LLC",Property & Casualty Insurance,First Lien Term Loan,8.58,"18,750","18,188","18,239",-5,SOFR+,4.25,,9/19/2030,
oscf-20250630,2025-06-30,Non-Control/Non-Affiliate Investments,athenahealth Group Inc.,Health Care Technology,Preferred Equity,,,"5,693","8,123",-8,,,,,"140,355"
oscf-20250630,2025-06-30,Non-Control/Non-Affiliate Investments,Aurelia Netherlands B.V.,Interactive Media & Services,First Lien Term Loan,6.83,"99,155","110,586","116,102",(5)(8)(10),E+,4.75,,5/29/2031,
oscf-20250630,2025-06-30,Non-Control/Non-Affiliate Investments,AVSC Holding Corp.,Specialized Consumer Services,First Lien Term Loan,9.33,"121,625","119,390","119,375",(5)(8),SOFR+,5,,12/5/2031,
oscf-20250630,2025-06-30,Non-Control/Non-Affiliate Investments,AVSC Holding Corp.,Specialized Consumer Services,First Lien Revolver,,—,-231,-234,(5)(8)(9),SOFR+,5,,12/5/2029,
oscf-20250630,2025-06-30,Non-Control/Non-Affiliate Investments,"Bain Capital Credit CLO, Limited",Multi-Sector Holdings,CLO Notes,11.81,"1,750","1,733","1,743",(5)(10),SOFR+,7.54,,4/20/2034,
oscf-20250630,2025-06-30,Non-Control/Non-Affiliate Investments,Bain Capital Euro CLO 2021-2,Multi-Sector Holdings,CLO Notes,5.66,"1,210","1,254","1,418",(5)(10),E+,3.4,,7/17/2034,
oscf-20250630,2025-06-30,Non-Control/Non-Affiliate Investments,Ballyrock CLO 19,Multi-Sector Holdings,CLO Notes,11.38,"2,220","2,223","2,215",(5)(10),SOFR+,7.11,,4/20/2035,
oscf-20250630,2025-06-30,Non-Control/Non-Affiliate Investments,Bamboo US Bidco LLC,Health Care Equipment,First Lien Term Loan,9.58,304,288,239,(5)(8)(9),SOFR+,5.25,,9/30/2030,
oscf-20250630,2025-06-30,Non-Control/Non-Affiliate Investments,Bamboo US Bidco LLC,Health Care Equipment,First Lien Term Loan,,—,0,-65,(5)(8)(9),SOFR+,5.25,,9/30/2030,
oscf-20250630,2025-06-30,Non-Control/Non-Affiliate Investments,Bamboo US Bidco LLC,Health Care Equipment,First Lien Term Loan,9.53,"3,894","3,821","3,816",(5)(8),SOFR+,5.25,,9/30/2030,
oscf-20250630,2025-06-30,Non-Control/Non-Affiliate Investments,Bamboo US Bidco LLC,Health Care Equipment,First Lien Term Loan,9.53,"25,450","24,897","24,941",(5)(8),SOFR+,5.25,,9/30/2030,
oscf-20250630,2025-06-30,Non-Control/Non-Affiliate Investments,Bamboo US Bidco LLC,Health Care Equipment,First Lien Term Loan,7.44,"15,835","16,417","18,216",(5)(8),E+,5.25,,9/30/2030,
oscf-20250630,2025-06-30,Non-Control/Non-Affiliate Investments,Bamboo US Bidco LLC,Health Care Equipment,First Lien Revolver,,—,-110,-104,(5)(8)(9),SOFR+,5.25,,10/1/2029,
oscf-20250630,2025-06-30,Non-Control/Non-Affiliate Investments,"Barracuda Parent, LLC",Systems Software,First Lien Term Loan,10.78,"48,886","47,514","47,595",(5)(8),SOFR+,6.5,,8/15/2029,
oscf-20250630,2025-06-30,Non-Control/Non-Affiliate Investments,Beach Acquisition Bidco LLC,Footwear,Fixed Rate Bond,10,"43,690","43,690","45,395",,,,,7/15/2033,
oscf-20250630,2025-06-30,Non-Control/Non-Affiliate Investments,"BioXcel Therapeutics, Inc.",Pharmaceuticals,First Lien Term Loan,3,"1,470","1,469","1,286",(8)(10),,,10,4/19/2027,
oscf-20250630,2025-06-30,Non-Control/Non-Affiliate Investments,"BioXcel Therapeutics, Inc.",Pharmaceuticals,First Lien Term Loan,3,"3,545","3,497","3,102",(8)(10),,,10,4/19/2027,
oscf-20250630,2025-06-30,Non-Control/Non-Affiliate Investments,"BioXcel Therapeutics, Inc.",Pharmaceuticals,First Lien Term Loan,3,—,0,0,(8)(9)(10),,,10,4/19/2027,
oscf-20250630,2025-06-30,Non-Control/Non-Affiliate Investments,"BioXcel Therapeutics, Inc.",Pharmaceuticals,First Lien Term Loan,3,—,0,0,(8)(9)(10),,,10,4/19/2027,
oscf-20250630,2025-06-30,Non-Control/Non-Affiliate Investments,"BioXcel Therapeutics, Inc.",Pharmaceuticals,Common Stock,,,0,23,-10,,,,,"149,728"
oscf-20250630,2025-06-30,Non-Control/Non-Affiliate Investments,"BioXcel Therapeutics, Inc.",Pharmaceuticals,Warrants,,,74,1,(8)(10),,,,,"138,000"
oscf-20250630,2025-06-30,Non-Control/Non-Affiliate Investments,"BioXcel Therapeutics, Inc.",Pharmaceuticals,Warrants,,,0,0,(8)(10),,,,,"149,987"
oscf-20250630,2025-06-30,Non-Control/Non-Affiliate Investments,"Biscuit Parent, LLC",Application Software,First Lien Term Loan,,—,-73,0,(5)(8)(9),SOFR+,4.75,,2/27/2031,
oscf-20250630,2025-06-30,Non-Control/Non-Affiliate Investments,"Biscuit Parent, LLC",Application Software,First Lien Term Loan,9.05,"32,784","32,492","32,784",(5)(8),SOFR+,4.75,,2/27/2031,
oscf-20250630,2025-06-30,Non-Control/Non-Affiliate Investments,"Biscuit Parent, LLC",Application Software,First Lien Term Loan,9.05,"49,500","48,900","49,500",(5)(8),SOFR+,4.75,,2/27/2031,
oscf-20250630,2025-06-30,Non-Control/Non-Affiliate Investments,"Biscuit Parent, LLC",Application Software,First Lien Revolver,,—,-182,0,(5)(8)(9),SOFR+,4.75,,2/27/2031,
oscf-20250630,2025-06-30,Non-Control/Non-Affiliate Investments,Blue Bidco Ltd,Wireless Telecommunication Services,First Lien Term Loan,,—,-28,-28,(5)(8)(9)(10),SONIA+,5,,6/14/2032,
oscf-20250630,2025-06-30,Non-Control/Non-Affiliate Investments,Blue Bidco Ltd,Wireless Telecommunication Services,First Lien Term Loan,7.04,"5,593","6,413","6,500",(5)(8)(10),E+,5,,6/14/2032,
oscf-20250630,2025-06-30,Non-Control/Non-Affiliate Investments,Blue Bidco Ltd,Wireless Telecommunication Services,First Lien Term Loan,9.26,"1,644","1,628","1,628",(5)(8)(10),SOFR+,5,,6/14/2032,
oscf-20250630,2025-06-30,Non-Control/Non-Affiliate Investments,Blue Bidco Ltd,Wireless Telecommunication Services,First Lien Term Loan,9.22,"8,475","11,406","11,498",(5)(8)(10),SONIA+,5,,6/14/2032,
oscf-20250630,2025-06-30,Non-Control/Non-Affiliate Investments,BOTA BIDCO GMBH,Diversified Chemicals,First Lien Term Loan,5.93,"9,002","8,834","10,184",(5)(8)(10),E+,4,,10/31/2029,
oscf-20250630,2025-06-30,Non-Control/Non-Affiliate Investments,BOTA BIDCO GMBH,Diversified Chemicals,First Lien Term Loan,6.48,"36,081","35,368","40,100",(5)(8)(10),E+,4.5,,10/31/2030,
oscf-20250630,2025-06-30,Non-Control/Non-Affiliate Investments,"CBAM 2017-2, LTD.",Multi-Sector Holdings,CLO Notes,11.64,488,459,484,(5)(10),SOFR+,7.36,,7/17/2034,
oscf-20250630,2025-06-30,Non-Control/Non-Affiliate Investments,CD&R Firefly Bidco Limited,Other Specialty Retail,First Lien Term Loan,9.21,"45,022","55,675","61,583",(5)(10),SONIA+,4.75,,4/29/2029,
oscf-20250630,2025-06-30,Non-Control/Non-Affiliate Investments,"Centralsquare Technologies, LLC",Application Software,First Lien Term Loan,7.07,"30,758","30,171","30,712",(5)(8),SOFR+,6,3.25,4/12/2030,
oscf-20250630,2025-06-30,Non-Control/Non-Affiliate Investments,"Centralsquare Technologies, LLC",Application Software,First Lien Revolver,,—,-67,-5,(5)(8)(9),SOFR+,5.5,,4/12/2030,
oscf-20250630,2025-06-30,Non-Control/Non-Affiliate Investments,Cielo Bidco Limited,Building Products,First Lien Term Loan,,—,0,0,(5)(9)(10),E+,4.75,,6/30/2032,
oscf-20250630,2025-06-30,Non-Control/Non-Affiliate Investments,Cielo Bidco Limited,Building Products,First Lien Term Loan,,—,0,0,(5)(9)(10),SONIA+,4.75,,6/30/2032,
oscf-20250630,2025-06-30,Non-Control/Non-Affiliate Investments,Cielo Bidco Limited,Building Products,First Lien Term Loan,,—,0,0,(5)(9)(10),E+,4.75,,6/30/2032,
oscf-20250630,2025-06-30,Non-Control/Non-Affiliate Investments,"Cloud Software Group, Inc.",Application Software,First Lien Term Loan,8.05,"13,930","13,840","13,969",-5,SOFR+,3.75,,3/21/2031,
oscf-20250630,2025-06-30,Non-Control/Non-Affiliate Investments,Colony Holding Corporation,Distributors,First Lien Term Loan,10.93,"3,871","3,840","3,791",(5)(8),SOFR+,6.5,,11/13/2026,
oscf-20250630,2025-06-30,Non-Control/Non-Affiliate Investments,Colony Holding Corporation,Distributors,First Lien Term Loan,10.88,"11,904","11,774","11,660",(5)(8),SOFR+,6.5,,11/13/2026,
oscf-20250630,2025-06-30,Non-Control/Non-Affiliate Investments,Condor Merger Sub Inc.,Systems Software,Fixed Rate Bond,7.38,"32,277","30,303","30,514",,,,,2/15/2030,
oscf-20250630,2025-06-30,Non-Control/Non-Affiliate Investments,Connect Finco SARL,Alternative Carriers,First Lien Term Loan,8.83,"28,187","25,035","26,868",(5)(10),SOFR+,4.5,,9/27/2029,
oscf-20250630,2025-06-30,Non-Control/Non-Affiliate Investments,"CoreRx, Inc.",Pharmaceuticals,First Lien Term Loan,11.8,"18,328","17,983","17,932",(5)(8),SOFR+,7.5,,4/6/2029,
oscf-20250630,2025-06-30,Non-Control/Non-Affiliate Investments,"Coupa Holdings, LLC",Application Software,First Lien Term Loan,,—,-10,0,(5)(8)(9),SOFR+,5.25,,2/27/2030,
oscf-20250630,2025-06-30,Non-Control/Non-Affiliate Investments,"Coupa Holdings, LLC",Application Software,First Lien Term Loan,9.53,"13,329","13,107","13,329",(5)(8),SOFR+,5.25,,2/27/2030,
oscf-20250630,2025-06-30,Non-Control/Non-Affiliate Investments,"Coupa Holdings, LLC",Application Software,First Lien Revolver,,—,-14,0,(5)(8)(9),SOFR+,5.25,,2/27/2029,
oscf-20250630,2025-06-30,Non-Control/Non-Affiliate Investments,"Creek Parent, Inc.",Life Sciences Tools & Services,First Lien Term Loan,9.57,"106,213","104,421","104,482",(5)(8),SOFR+,5.25,,12/18/2031,
oscf-20250630,2025-06-30,Non-Control/Non-Affiliate Investments,"Creek Parent, Inc.",Life Sciences Tools & Services,First Lien Revolver,,—,-247,-249,(5)(8)(9),SOFR+,5.25,,12/18/2031,
oscf-20250630,2025-06-30,Non-Control/Non-Affiliate Investments,"Crewline Buyer, Inc.",Application Software,First Lien Term Loan,11.08,"3,080","3,012","3,049",(5)(8),SOFR+,6.75,,11/8/2030,
oscf-20250630,2025-06-30,Non-Control/Non-Affiliate Investments,"Crewline Buyer, Inc.",Application Software,First Lien Term Loan,11.08,"43,911","43,071","43,472",(5)(8),SOFR+,6.75,,11/8/2030,
oscf-20250630,2025-06-30,Non-Control/Non-Affiliate Investments,"Crewline Buyer, Inc.",Application Software,First Lien Revolver,,—,-87,-46,(5)(8)(9),SOFR+,6.75,,11/8/2030,
oscf-20250630,2025-06-30,Non-Control/Non-Affiliate Investments,"Dealer Tire Financial, LLC",Distributors,Fixed Rate Bond,8,"41,354","40,904","39,980",,,,,2/1/2028,
oscf-20250630,2025-06-30,Non-Control/Non-Affiliate Investments,Delta Leasing SPV II LLC,Specialized Finance,Subordinated Debt Term Loan,8,"39,172","39,172","39,172",(8)(10),,,3,8/31/2029,
oscf-20250630,2025-06-30,Non-Control/Non-Affiliate Investments,Delta Leasing SPV II LLC,Specialized Finance,Subordinated Debt Term Loan,3,"28,547","28,547","28,547",(8)(10),,,7,8/31/2029,
oscf-20250630,2025-06-30,Non-Control/Non-Affiliate Investments,Delta Leasing SPV II LLC,Specialized Finance,Preferred Equity,,,330,455,(8)(10),,,,,"139,677"
oscf-20250630,2025-06-30,Non-Control/Non-Affiliate Investments,Delta Leasing SPV II LLC,Specialized Finance,Common Stock,,,2,2,(8)(10),,,,,"139,794"
oscf-20250630,2025-06-30,Non-Control/Non-Affiliate Investments,Delta Leasing SPV II LLC,Specialized Finance,Warrants,,,0,0,(8)(10),,,,,"139,597"
oscf-20250630,2025-06-30,Non-Control/Non-Affiliate Investments,"DirecTV Financing, LLC",Cable & Satellite,First Lien Term Loan,9.83,"20,827","20,426","19,936",-5,SOFR+,5.5,,2/17/2031,
oscf-20250630,2025-06-30,Non-Control/Non-Affiliate Investments,"DirecTV Financing, LLC",Cable & Satellite,First Lien Term Loan,9.54,571,568,574,-5,SOFR+,5,,8/2/2027,
oscf-20250630,2025-06-30,Non-Control/Non-Affiliate Investments,"DirecTV Financing, LLC",Cable & Satellite,First Lien Term Loan,9.79,"27,631","27,235","27,468",-5,SOFR+,5.25,,8/2/2029,
oscf-20250630,2025-06-30,Non-Control/Non-Affiliate Investments,"DirecTV Financing, LLC",Cable & Satellite,Fixed Rate Bond,10,"21,198","21,198","20,594",,,,,2/15/2031,
oscf-20250630,2025-06-30,Non-Control/Non-Affiliate Investments,"Draken International, LLC",Aerospace & Defense,First Lien Term Loan,,—,-218,-206,(5)(8)(9)(10),SOFR+,5.5,,5/19/2032,
oscf-20250630,2025-06-30,Non-Control/Non-Affiliate Investments,"Draken International, LLC",Aerospace & Defense,First Lien Term Loan,9.82,"18,849","18,479","18,499",(5)(8)(10),SOFR+,5.5,,5/19/2032,
oscf-20250630,2025-06-30,Non-Control/Non-Affiliate Investments,"Draken International, LLC",Aerospace & Defense,First Lien Term Loan,9.71,"59,320","77,738","79,777",(5)(8)(10),SONIA+,5.5,,5/19/2032,
oscf-20250630,2025-06-30,Non-Control/Non-Affiliate Investments,"DTI Holdco, Inc.",Research & Consulting Services,First Lien Term Loan,8.33,"51,726","50,994","51,204",-5,SOFR+,4,,4/26/2029,
oscf-20250630,2025-06-30,Non-Control/Non-Affiliate Investments,Dukes Root Control Inc.,Environmental & Facilities Services,First Lien Term Loan,10.98,"1,041","1,032","1,034",(5)(8),SOFR+,6.5,,12/8/2028,
oscf-20250630,2025-06-30,Non-Control/Non-Affiliate Investments,Dukes Root Control Inc.,Environmental & Facilities Services,First Lien Term Loan,10.98,"11,596","11,447","11,509",(5)(8),SOFR+,6.5,,12/8/2028,
oscf-20250630,2025-06-30,Non-Control/Non-Affiliate Investments,Dukes Root Control Inc.,Environmental & Facilities Services,First Lien Revolver,10.98,453,434,442,(5)(8)(9),SOFR+,6.5,,12/8/2028,
oscf-20250630,2025-06-30,Non-Control/Non-Affiliate Investments,Eagle Parent Corp.,Diversified Support Services,First Lien Term Loan,8.54,"5,184","5,154","5,150",-5,SOFR+,4.25,,4/2/2029,
oscf-20250630,2025-06-30,Non-Control/Non-Affiliate Investments,Engineering Research And Consulting LLC,Construction & Engineering,First Lien Term Loan,9.29,"31,820","31,339","31,184",-5,SOFR+,5,,8/29/2031,
oscf-20250630,2025-06-30,Non-Control/Non-Affiliate Investments,"Entrata, Inc.",Application Software,First Lien Term Loan,10.08,"44,919","44,113","44,919",(5)(8),SOFR+,5.75,,7/10/2030,
oscf-20250630,2025-06-30,Non-Control/Non-Affiliate Investments,"Entrata, Inc.",Application Software,First Lien Revolver,,—,-79,0,(5)(8)(9),SOFR+,5.75,,7/10/2028,
oscf-20250630,2025-06-30,Non-Control/Non-Affiliate Investments,"Enverus Holdings, Inc.",Application Software,First Lien Term Loan,,—,-18,0,(5)(8)(9),SOFR+,5.5,,12/24/2029,
oscf-20250630,2025-06-30,Non-Control/Non-Affiliate Investments,"Enverus Holdings, Inc.",Application Software,First Lien Revolver,9.82,298,252,298,(5)(8)(9),SOFR+,5.5,,12/24/2029,
oscf-20250630,2025-06-30,Non-Control/Non-Affiliate Investments,"Enverus Holdings, Inc.",Application Software,First Lien Term Loan,9.83,"55,168","54,431","55,168",(5)(8),SOFR+,5.5,,12/24/2029,
oscf-20250630,2025-06-30,Non-Control/Non-Affiliate Investments,Establishment Labs Holdings Inc.,Health Care Technology,First Lien Term Loan,9,"1,832","1,820","1,832",(8)(10),,,,4/21/2027,
oscf-20250630,2025-06-30,Non-Control/Non-Affiliate Investments,Establishment Labs Holdings Inc.,Health Care Technology,First Lien Term Loan,10,"1,689","1,656","1,723",(8)(10),,,,4/21/2027,
oscf-20250630,2025-06-30,Non-Control/Non-Affiliate Investments,Establishment Labs Holdings Inc.,Health Care Technology,First Lien Term Loan,10,—,0,0,(8)(9)(10),,,,4/21/2027,
oscf-20250630,2025-06-30,Non-Control/Non-Affiliate Investments,Establishment Labs Holdings Inc.,Health Care Technology,First Lien Term Loan,9,"11,437","11,381","11,437",(8)(10),,,,4/21/2027,
oscf-20250630,2025-06-30,Non-Control/Non-Affiliate Investments,"Everbridge, Inc.",Application Software,First Lien Term Loan,9.29,"7,700","7,639","7,617",(5)(8)(9),SOFR+,5,,7/2/2031,
oscf-20250630,2025-06-30,Non-Control/Non-Affiliate Investments,"Everbridge, Inc.",Application Software,First Lien Term Loan,9.29,"78,561","78,225","78,232",(5)(8),SOFR+,5,,7/2/2031,
oscf-20250630,2025-06-30,Non-Control/Non-Affiliate Investments,"Everbridge, Inc.",Application Software,First Lien Revolver,,—,-34,-33,(5)(8)(9),SOFR+,5,,7/2/2031,
oscf-20250630,2025-06-30,Non-Control/Non-Affiliate Investments,"Evergreen IX Borrower 2023, LLC",Application Software,First Lien Term Loan,9.05,"9,029","8,952","9,029",(5)(8),SOFR+,4.75,,9/30/2030,
oscf-20250630,2025-06-30,Non-Control/Non-Affiliate Investments,"Evergreen IX Borrower 2023, LLC",Application Software,First Lien Term Loan,9.05,"35,761","35,091","35,761",(5)(8),SOFR+,4.75,,9/30/2030,
oscf-20250630,2025-06-30,Non-Control/Non-Affiliate Investments,"Evergreen IX Borrower 2023, LLC",Application Software,First Lien Revolver,,—,-71,0,(5)(8)(9),SOFR+,4.75,,10/1/2029,
oscf-20250630,2025-06-30,Non-Control/Non-Affiliate Investments,Eyesouth Eye Care Holdco LLC,Health Care Services,First Lien Term Loan,9.92,"3,183","3,134","3,139",(5)(8),SOFR+,5.5,,10/5/2029,
oscf-20250630,2025-06-30,Non-Control/Non-Affiliate Investments,Eyesouth Eye Care Holdco LLC,Health Care Services,First Lien Term Loan,9.92,368,327,300,(5)(8)(9),SOFR+,5.5,,10/5/2029,
oscf-20250630,2025-06-30,Non-Control/Non-Affiliate Investments,Eyesouth Eye Care Holdco LLC,Health Care Services,Common Stock,,,885,928,-8,,,,,"142,278"
oscf-20250630,2025-06-30,Non-Control/Non-Affiliate Investments,F&M BUYER LLC,Systems Software,First Lien Term Loan,9.05,"23,866","23,627","23,627",(5)(8),SOFR+,4.75,,3/18/2032,
oscf-20250630,2025-06-30,Non-Control/Non-Affiliate Investments,F&M BUYER LLC,Systems Software,First Lien Term Loan,,—,-40,-40,(5)(8)(9),SOFR+,4.75,,3/18/2032,
oscf-20250630,2025-06-30,Non-Control/Non-Affiliate Investments,F&M BUYER LLC,Systems Software,First Lien Revolver,,—,-35,-35,(5)(8)(9),SOFR+,4.75,,3/18/2032,
oscf-20250630,2025-06-30,Non-Control/Non-Affiliate Investments,"Finastra USA, Inc.",Application Software,First Lien Term Loan,11.43,"43,185","42,580","43,185",(5)(8)(10),SOFR+,7.25,,9/13/2029,
oscf-20250630,2025-06-30,Non-Control/Non-Affiliate Investments,"Finastra USA, Inc.",Application Software,First Lien Revolver,11.57,901,837,901,(5)(8)(9)(10),SOFR+,7.25,,9/13/2029,
oscf-20250630,2025-06-30,Non-Control/Non-Affiliate Investments,Formulations Parent Corp,Specialty Chemicals,First Lien Term Loan,8.21,"17,500","17,325","17,374",(5)(8),SOFR+,4,,4/9/2032,
oscf-20250630,2025-06-30,Non-Control/Non-Affiliate Investments,Fortress Credit BSL XIX,Multi-Sector Holdings,CLO Notes,12.65,"6,750","6,855","6,823",(5)(10),SOFR+,8.37,,7/24/2036,
oscf-20250630,2025-06-30,Non-Control/Non-Affiliate Investments,Fortress Credit BSL XV,Multi-Sector Holdings,CLO Notes,9.02,"5,000","5,000","4,997",(5)(10),SOFR+,4.75,,10/18/2033,
oscf-20250630,2025-06-30,Non-Control/Non-Affiliate Investments,Fortress Credit BSL XV,Multi-Sector Holdings,CLO Notes,12.72,"6,000","6,038","5,930",(5)(10),SOFR+,8.45,,10/18/2033,
oscf-20250630,2025-06-30,Non-Control/Non-Affiliate Investments,Fortress Credit BSL XX,Multi-Sector Holdings,CLO Notes,12.79,"5,250","5,356","5,387",(5)(10),SOFR+,8.51,,1/23/2037,
oscf-20250630,2025-06-30,Non-Control/Non-Affiliate Investments,"Galileo Parent, Inc.",Aerospace & Defense,First Lien Term Loan,10.05,"83,192","82,779","82,651",(5)(8),SOFR+,5.75,,5/3/2030,
oscf-20250630,2025-06-30,Non-Control/Non-Affiliate Investments,"Galileo Parent, Inc.",Aerospace & Defense,First Lien Revolver,10.05,"8,656","8,633","8,571",(5)(8)(9),SOFR+,5.75,,5/3/2029,
oscf-20250630,2025-06-30,Non-Control/Non-Affiliate Investments,Gallatin CLO X 2023-1,Multi-Sector Holdings,CLO Notes,9.65,"5,000","4,913","5,021",(5)(10),SOFR+,5.41,,10/14/2035,
oscf-20250630,2025-06-30,Non-Control/Non-Affiliate Investments,Geo Topco Corporation,Building Products,First Lien Term Loan,9.06,"8,947","8,805","8,739",(5)(8)(9),SOFR+,4.75,,10/15/2031,
oscf-20250630,2025-06-30,Non-Control/Non-Affiliate Investments,Geo Topco Corporation,Building Products,First Lien Term Loan,8.85,"56,177","55,672","55,615",(5)(8),SOFR+,4.75,,10/15/2031,
oscf-20250630,2025-06-30,Non-Control/Non-Affiliate Investments,Geo Topco Corporation,Building Products,First Lien Revolver,9.08,"2,601","2,531","2,523",(5)(8)(9),SOFR+,4.75,,10/15/2031,
oscf-20250630,2025-06-30,Non-Control/Non-Affiliate Investments,"Grand River Aseptic Manufacturing, Inc.",Health Care Equipment,First Lien Term Loan,9.31,"30,022","29,737","29,737",(5)(8),SOFR+,5,,3/10/2031,
oscf-20250630,2025-06-30,Non-Control/Non-Affiliate Investments,"Grand River Aseptic Manufacturing, Inc.",Health Care Equipment,First Lien Revolver,,—,-88,-88,(5)(8)(9),SOFR+,5,,3/10/2031,
oscf-20250630,2025-06-30,Non-Control/Non-Affiliate Investments,"Greenway Health, LLC",Health Care Technology,First Lien Term Loan,11.05,"24,688","24,161","24,688",(5)(8),SOFR+,6.75,,4/1/2029,
oscf-20250630,2025-06-30,Non-Control/Non-Affiliate Investments,"Grove Hotel Parcel Owner, LLC","Hotels, Resorts & Cruise Lines",First Lien Term Loan,12.43,"3,537","3,509","3,473",(5)(8),SOFR+,8,,6/21/2027,
oscf-20250630,2025-06-30,Non-Control/Non-Affiliate Investments,"Grove Hotel Parcel Owner, LLC","Hotels, Resorts & Cruise Lines",First Lien Term Loan,12.43,"17,198","17,062","16,888",(5)(8),SOFR+,8,,6/21/2027,
oscf-20250630,2025-06-30,Non-Control/Non-Affiliate Investments,"Grove Hotel Parcel Owner, LLC","Hotels, Resorts & Cruise Lines",First Lien Revolver,,—,-14,-32,(5)(8)(9),SOFR+,8,,6/21/2027,
oscf-20250630,2025-06-30,Non-Control/Non-Affiliate Investments,Harbor Purchaser Inc.,Education Services,First Lien Term Loan,9.63,"39,900","39,249","39,222",-5,SOFR+,5.25,,4/9/2029,
oscf-20250630,2025-06-30,Non-Control/Non-Affiliate Investments,"Harrow, Inc.",Pharmaceuticals,First Lien Term Loan,10.95,"4,301","4,280","4,366",(5)(8)(10),SOFR+,6.5,,1/19/2026,
oscf-20250630,2025-06-30,Non-Control/Non-Affiliate Investments,"Harrow, Inc.",Pharmaceuticals,First Lien Term Loan,10.95,"1,792","1,782","1,819",(5)(8)(10),SOFR+,6.5,,1/19/2026,
oscf-20250630,2025-06-30,Non-Control/Non-Affiliate Investments,"Harrow, Inc.",Pharmaceuticals,First Lien Term Loan,10.95,"9,319","9,273","9,459",(5)(8)(10),SOFR+,6.5,,1/19/2026,
oscf-20250630,2025-06-30,Non-Control/Non-Affiliate Investments,Hertz Vehicle Financing III,Specialized Finance,Subordinated Debt Revolver,9.28,"85,710","85,710","85,710",(8)(10),,,,6/28/2028,
oscf-20250630,2025-06-30,Non-Control/Non-Affiliate Investments,Husky Injection Molding Systems Ltd.,Industrial Machinery & Supplies & Components,Fixed Rate Bond,9,"6,142","6,142","6,429",-10,,,,2/15/2029,
oscf-20250630,2025-06-30,Non-Control/Non-Affiliate Investments,Husky Injection Molding Systems Ltd.,Industrial Machinery & Supplies & Components,First Lien Term Loan,8.8,"32,848","32,588","32,977",(5)(10),SOFR+,4.5,,2/15/2029,
oscf-20250630,2025-06-30,Non-Control/Non-Affiliate Investments,IAMGOLD Corporation,Gold,Second Lien Term Loan,12.56,"28,394","27,904","29,450",(5)(8)(10),SOFR+,8.25,,5/16/2028,
oscf-20250630,2025-06-30,Non-Control/Non-Affiliate Investments,"Icefall Parent, Inc.",Application Software,First Lien Term Loan,10.03,"27,948","27,523","27,948",(5)(8),SOFR+,5.75,,1/25/2030,
oscf-20250630,2025-06-30,Non-Control/Non-Affiliate Investments,"Icefall Parent, Inc.",Application Software,First Lien Revolver,,—,-41,0,(5)(8)(9),SOFR+,5.75,,1/25/2030,
oscf-20250630,2025-06-30,Non-Control/Non-Affiliate Investments,"iCIMs, Inc.",Application Software,First Lien Term Loan,10.53,"2,325","2,303","2,294",(5)(8),SOFR+,6.25,,8/18/2028,
oscf-20250630,2025-06-30,Non-Control/Non-Affiliate Investments,"iCIMs, Inc.",Application Software,First Lien Term Loan,10.03,"16,314","16,184","15,855",(5)(8),SOFR+,5.75,,8/18/2028,
oscf-20250630,2025-06-30,Non-Control/Non-Affiliate Investments,"iCIMs, Inc.",Application Software,First Lien Revolver,10.03,217,203,176,(5)(8)(9),SOFR+,5.75,,8/18/2028,
oscf-20250630,2025-06-30,Non-Control/Non-Affiliate Investments,Inmar Inc,Application Software,First Lien Term Loan,8.8,"48,160","47,919","48,621",-5,SOFR+,4.5,,10/30/2031,
oscf-20250630,2025-06-30,Non-Control/Non-Affiliate Investments,"Integrity Marketing Acquisition, LLC",Insurance Brokers,First Lien Term Loan,9.33,"77,700","77,244","77,545",(5)(8),SOFR+,5,,8/25/2028,
oscf-20250630,2025-06-30,Non-Control/Non-Affiliate Investments,"Integrity Marketing Acquisition, LLC",Insurance Brokers,First Lien Term Loan,,—,-162,-42,(5)(8)(9),SOFR+,5,,8/25/2028,
oscf-20250630,2025-06-30,Non-Control/Non-Affiliate Investments,"Integrity Marketing Acquisition, LLC",Insurance Brokers,First Lien Revolver,,—,-61,-15,(5)(8)(9),SOFR+,5,,8/25/2028,
oscf-20250630,2025-06-30,Non-Control/Non-Affiliate Investments,"Inventus Power, Inc.",Electrical Components & Equipment,First Lien Term Loan,11.94,"42,997","42,940","42,352",(5)(8),SOFR+,7.5,,1/15/2026,
oscf-20250630,2025-06-30,Non-Control/Non-Affiliate Investments,"Inventus Power, Inc.",Electrical Components & Equipment,First Lien Revolver,11.93,828,796,753,(5)(8)(9),SOFR+,7.5,,1/15/2026,
oscf-20250630,2025-06-30,Non-Control/Non-Affiliate Investments,IW Buyer LLC,Electrical Components & Equipment,First Lien Term Loan,9.43,"5,394","5,351","5,341",(5)(8),SOFR+,5,,6/28/2029,
oscf-20250630,2025-06-30,Non-Control/Non-Affiliate Investments,IW Buyer LLC,Electrical Components & Equipment,First Lien Term Loan,9.43,"31,384","30,812","31,070",(5)(8),SOFR+,5,,6/28/2029,
oscf-20250630,2025-06-30,Non-Control/Non-Affiliate Investments,IW Buyer LLC,Electrical Components & Equipment,First Lien Revolver,,—,-136,-75,(5)(8)(9),SOFR+,5,,6/28/2029,
oscf-20250630,2025-06-30,Non-Control/Non-Affiliate Investments,Janus Bidco Limited,Application Software,First Lien Term Loan,,—,-162,0,(5)(8)(9)(10),SONIA+,6,,4/25/2031,
oscf-20250630,2025-06-30,Non-Control/Non-Affiliate Investments,Janus Bidco Limited,Application Software,First Lien Term Loan,10.31,"53,294","52,179","53,076",(5)(8)(10),SOFR+,6,,4/25/2031,
oscf-20250630,2025-06-30,Non-Control/Non-Affiliate Investments,Janus Bidco Limited,Application Software,First Lien Term Loan,10.22,"1,742","2,143","2,377",(5)(8)(10),SONIA+,6,,4/25/2031,
oscf-20250630,2025-06-30,Non-Control/Non-Affiliate Investments,JN Bidco LLC,Health Care Technology,Common Stock,,,"3,338","6,903",-8,,,,,"3,752,445"
oscf-20250630,2025-06-30,Non-Control/Non-Affiliate Investments,Kairos Intermediateco AB,Health Care Supplies,First Lien Term Loan,,—,0,0,(5)(8)(9)(10),E+,4.75,,4/22/2032,
oscf-20250630,2025-06-30,Non-Control/Non-Affiliate Investments,Kairos Intermediateco AB,Health Care Supplies,First Lien Term Loan,,—,0,0,(5)(8)(9)(10),E+,4.75,,4/22/2032,
oscf-20250630,2025-06-30,Non-Control/Non-Affiliate Investments,Kairos Intermediateco AB,Health Care Supplies,First Lien Term Loan,,—,0,0,(5)(8)(9)(10),NIBOR+,4.75,,4/22/2032,
oscf-20250630,2025-06-30,Non-Control/Non-Affiliate Investments,Kairos Intermediateco AB,Health Care Supplies,First Lien Term Loan,,—,0,0,(5)(8)(9)(10),SONIA+,4.75,,4/22/2032,
oscf-20250630,2025-06-30,Non-Control/Non-Affiliate Investments,Kaseya Inc.,Systems Software,Second Lien Term Loan,9.33,"24,319","24,198","24,407",-5,SOFR+,5,,3/20/2033,
oscf-20250630,2025-06-30,Non-Control/Non-Affiliate Investments,"Kings Buyer, LLC",Environmental & Facilities Services,First Lien Term Loan,9.65,"58,107","57,611","55,614",(5)(8),SOFR+,5.25,,10/29/2027,
oscf-20250630,2025-06-30,Non-Control/Non-Affiliate Investments,"Kings Buyer, LLC",Environmental & Facilities Services,First Lien Term Loan,9.65,"4,729","4,710","4,527",(5)(8),SOFR+,5.25,,10/29/2027,
oscf-20250630,2025-06-30,Non-Control/Non-Affiliate Investments,"Kings Buyer, LLC",Environmental & Facilities Services,First Lien Revolver,11.75,"2,957","2,869","2,595",(5)(8)(9),PRIME+,4.25,,10/29/2027,
oscf-20250630,2025-06-30,Non-Control/Non-Affiliate Investments,Kite Midco II Inc.,Research & Consulting Services,First Lien Term Loan,,—,-66,-70,(5)(8)(9),SOFR+,5,,11/25/2031,
oscf-20250630,2025-06-30,Non-Control/Non-Affiliate Investments,Kite Midco II Inc.,Research & Consulting Services,First Lien Term Loan,9.27,"39,033","38,497","38,463",(5)(8),SOFR+,5,,11/25/2031,
oscf-20250630,2025-06-30,Non-Control/Non-Affiliate Investments,"LABL, Inc.",Office Services & Supplies,First Lien Term Loan,9.43,"28,148","27,721","25,457",-5,SOFR+,5,,10/30/2028,
oscf-20250630,2025-06-30,Non-Control/Non-Affiliate Investments,Latam Airlines Group S.A.,Passenger Airlines,Fixed Rate Bond,7.88,"7,775","7,775","7,940",-10,,,,4/15/2030,
oscf-20250630,2025-06-30,Non-Control/Non-Affiliate Investments,"LDS Buyer, LLC",Air Freight & Logistics,First Lien Term Loan,,—,-49,-48,(5)(8)(9),SOFR+,5,,2/9/2032,
oscf-20250630,2025-06-30,Non-Control/Non-Affiliate Investments,"LDS Buyer, LLC",Air Freight & Logistics,First Lien Term Loan,9.33,"42,038","41,542","41,550",(5)(8),SOFR+,5,,2/9/2032,
oscf-20250630,2025-06-30,Non-Control/Non-Affiliate Investments,"LDS Buyer, LLC",Air Freight & Logistics,First Lien Revolver,,—,-74,-72,(5)(8)(9),SOFR+,5,,2/9/2032,
oscf-20250630,2025-06-30,Non-Control/Non-Affiliate Investments,"Learfield Communications, LLC",Movies & Entertainment,First Lien Term Loan,8.83,"45,564","45,450","45,963",-5,SOFR+,4.5,,6/30/2028,
oscf-20250630,2025-06-30,Non-Control/Non-Affiliate Investments,"Legends Hospitality Holding Company, LLC",Specialized Consumer Services,First Lien Term Loan,7.07,"56,540","55,568","55,578",(5)(8),SOFR+,5.5,2.75,8/22/2031,
oscf-20250630,2025-06-30,Non-Control/Non-Affiliate Investments,"Legends Hospitality Holding Company, LLC",Specialized Consumer Services,First Lien Term Loan,,—,-29,0,(5)(8)(9),SOFR+,5.5,,8/22/2031,
oscf-20250630,2025-06-30,Non-Control/Non-Affiliate Investments,"Legends Hospitality Holding Company, LLC",Specialized Consumer Services,First Lien Revolver,9.32,"2,619","2,507","2,508",(5)(8)(9),SOFR+,5,,8/22/2030,
oscf-20250630,2025-06-30,Non-Control/Non-Affiliate Investments,"Lightbox Intermediate, L.P.",Real Estate Services,First Lien Term Loan,9.74,"59,442","58,633","58,610",(5)(8),SOFR+,5.5,,1/13/2030,
oscf-20250630,2025-06-30,Non-Control/Non-Affiliate Investments,"Lightbox Intermediate, L.P.",Real Estate Services,First Lien Revolver,,—,-52,-54,(5)(8)(9),SOFR+,5.5,,1/13/2030,
oscf-20250630,2025-06-30,Non-Control/Non-Affiliate Investments,Lsf12 Crown US Commercial Bidco LLC,Building Products,First Lien Term Loan,8.57,"14,366","14,223","14,461",-5,SOFR+,4.25,,12/2/2031,
oscf-20250630,2025-06-30,Non-Control/Non-Affiliate Investments,"LSL Holdco, LLC",Health Care Distributors,First Lien Term Loan,10.43,"1,029",993,983,(5)(8),SOFR+,6,,1/31/2028,
oscf-20250630,2025-06-30,Non-Control/Non-Affiliate Investments,"LSL Holdco, LLC",Health Care Distributors,First Lien Term Loan,10.43,"8,837","8,761","8,440",(5)(8),SOFR+,6,,1/31/2028,
oscf-20250630,2025-06-30,Non-Control/Non-Affiliate Investments,"LSL Holdco, LLC",Health Care Distributors,First Lien Revolver,10.43,853,844,807,(5)(8)(9),SOFR+,6,,1/31/2028,
oscf-20250630,2025-06-30,Non-Control/Non-Affiliate Investments,LTI Holdings Inc,Electronic Components,First Lien Term Loan,8.58,100,99,100,(5)(10),SOFR+,4.25,,7/29/2029,
oscf-20250630,2025-06-30,Non-Control/Non-Affiliate Investments,M2S Group Intermediate Holdings Inc,Multi-Sector Holdings,First Lien Term Loan,9.03,"46,488","44,288","45,122",-5,SOFR+,4.75,,8/25/2031,
oscf-20250630,2025-06-30,Non-Control/Non-Affiliate Investments,Marble Point CLO XVII,Multi-Sector Holdings,CLO Notes,7.92,"3,000","3,000","3,018",(5)(10),SOFR+,3.65,,7/20/2037,
oscf-20250630,2025-06-30,Non-Control/Non-Affiliate Investments,McAfee Corp.,Systems Software,First Lien Term Loan,7.32,"19,900","19,065","19,367",-5,SOFR+,3,,3/1/2029,
oscf-20250630,2025-06-30,Non-Control/Non-Affiliate Investments,"Mesoblast, Inc.",Biotechnology,First Lien Term Loan,9.75,"1,662","1,619","1,679",(8)(10),,,,11/19/2026,
oscf-20250630,2025-06-30,Non-Control/Non-Affiliate Investments,"Mesoblast, Inc.",Biotechnology,Warrants,,,152,139,(8)(10),,,,,"166,950"
oscf-20250630,2025-06-30,Non-Control/Non-Affiliate Investments,"MHE Intermediate Holdings, LLC",Diversified Support Services,First Lien Term Loan,10.43,"5,192","5,119","5,115",(5)(8),SOFR+,6,,7/21/2027,
oscf-20250630,2025-06-30,Non-Control/Non-Affiliate Investments,"MHE Intermediate Holdings, LLC",Diversified Support Services,First Lien Term Loan,10.68,"1,015","1,003","1,001",(5)(8),SOFR+,6.25,,7/21/2027,
oscf-20250630,2025-06-30,Non-Control/Non-Affiliate Investments,Microf Funding V LLC,Consumer Finance,First Lien Term Loan,10.33,"18,486","18,262","18,486",(5)(8)(9)(10),SOFR+,6,,6/3/2027,
oscf-20250630,2025-06-30,Non-Control/Non-Affiliate Investments,"Minotaur Acquisition, Inc.",Financial Exchanges & Data,First Lien Term Loan,,—,-70,-35,(5)(8)(9)(10),SOFR+,5,,6/3/2030,
oscf-20250630,2025-06-30,Non-Control/Non-Affiliate Investments,"Minotaur Acquisition, Inc.",Financial Exchanges & Data,First Lien Term Loan,9.33,"6,799","6,663","6,765",(5)(8)(10),SOFR+,5,,6/3/2030,
oscf-20250630,2025-06-30,Non-Control/Non-Affiliate Investments,"Minotaur Acquisition, Inc.",Financial Exchanges & Data,First Lien Term Loan,9.33,"41,321","40,643","41,114",(5)(8)(10),SOFR+,5,,6/3/2030,
oscf-20250630,2025-06-30,Non-Control/Non-Affiliate Investments,"Minotaur Acquisition, Inc.",Financial Exchanges & Data,First Lien Revolver,,—,-69,-21,(5)(8)(9)(10),SOFR+,5,,6/3/2030,
oscf-20250630,2025-06-30,Non-Control/Non-Affiliate Investments,Mitchell International Inc,Application Software,Second Lien Term Loan,9.58,"42,135","41,953","41,619",-5,SOFR+,5.25,,6/17/2032,
oscf-20250630,2025-06-30,Non-Control/Non-Affiliate Investments,Mitchell International Inc,Application Software,First Lien Term Loan,7.58,"16,972","16,887","16,977",-5,SOFR+,3.25,,6/17/2031,
oscf-20250630,2025-06-30,Non-Control/Non-Affiliate Investments,Modena Buyer LLC,Application Software,First Lien Term Loan,8.78,"38,266","37,607","36,950",-5,SOFR+,4.5,,7/1/2031,
oscf-20250630,2025-06-30,Non-Control/Non-Affiliate Investments,Monotype Imaging Holdings Inc.,Application Software,First Lien Term Loan,9.8,"1,550","1,493","1,550",(5)(8)(9),SOFR+,5.5,,2/28/2031,
oscf-20250630,2025-06-30,Non-Control/Non-Affiliate Investments,Monotype Imaging Holdings Inc.,Application Software,First Lien Term Loan,9.8,"71,566","70,493","71,566",(5)(8),SOFR+,5.5,,2/28/2031,
oscf-20250630,2025-06-30,Non-Control/Non-Affiliate Investments,Monotype Imaging Holdings Inc.,Application Software,First Lien Revolver,,—,-105,0,(5)(8)(9),SOFR+,5.5,,2/28/2030,
oscf-20250630,2025-06-30,Non-Control/Non-Affiliate Investments,MRI Software LLC,Application Software,First Lien Term Loan,9.05,"3,901","3,852","3,869",(5)(8)(9),SOFR+,4.75,,2/10/2027,
oscf-20250630,2025-06-30,Non-Control/Non-Affiliate Investments,MRI Software LLC,Application Software,First Lien Term Loan,9.05,"7,071","7,068","7,024",(5)(8),SOFR+,4.75,,2/10/2027,
oscf-20250630,2025-06-30,Non-Control/Non-Affiliate Investments,MRI Software LLC,Application Software,First Lien Term Loan,9.05,"57,800","57,276","57,413",(5)(8),SOFR+,4.75,,2/10/2027,
oscf-20250630,2025-06-30,Non-Control/Non-Affiliate Investments,MRI Software LLC,Application Software,First Lien Revolver,9.05,328,304,288,(5)(8)(9),SOFR+,4.75,,2/10/2027,
oscf-20250630,2025-06-30,Non-Control/Non-Affiliate Investments,"Nellson Nutraceutical, LLC",Packaged Foods & Meats,First Lien Term Loan,,—,-28,-27,(5)(8)(9)(10),SOFR+,5.75,,4/17/2031,
oscf-20250630,2025-06-30,Non-Control/Non-Affiliate Investments,"Nellson Nutraceutical, LLC",Packaged Foods & Meats,First Lien Term Loan,10.03,"48,606","47,877","47,926",(5)(8)(10),SOFR+,5.75,,4/17/2031,
oscf-20250630,2025-06-30,Non-Control/Non-Affiliate Investments,"Nellson Nutraceutical, LLC",Packaged Foods & Meats,First Lien Term Loan,10.05,"14,429","14,220","14,227",(5)(8)(10),SOFR+,5.75,,4/17/2031,
oscf-20250630,2025-06-30,Non-Control/Non-Affiliate Investments,"Nellson Nutraceutical, LLC",Packaged Foods & Meats,First Lien Revolver,12.25,"2,582","2,439","2,444",(5)(8)(9)(10),PRIME+,4.75,,4/17/2031,
oscf-20250630,2025-06-30,Non-Control/Non-Affiliate Investments,Neptune Bidco US Inc.,Aerospace & Defense,First Lien Term Loan,,—,-13,0,(5)(8)(9),SOFR+,5.25,,1/19/2031,
oscf-20250630,2025-06-30,Non-Control/Non-Affiliate Investments,Neptune Bidco US Inc.,Aerospace & Defense,First Lien Term Loan,9.05,"30,740","30,311","30,663",(5)(8),SOFR+,4.75,,1/19/2031,
oscf-20250630,2025-06-30,Non-Control/Non-Affiliate Investments,"Next Holdco, LLC",Health Care Technology,First Lien Term Loan,,—,-69,-29,(5)(8)(9),SOFR+,5.25,,11/12/2030,
oscf-20250630,2025-06-30,Non-Control/Non-Affiliate Investments,"Next Holdco, LLC",Health Care Technology,First Lien Term Loan,9.55,"46,041","45,513","45,931",(5)(8),SOFR+,5.25,,11/12/2030,
oscf-20250630,2025-06-30,Non-Control/Non-Affiliate Investments,"Next Holdco, LLC",Health Care Technology,First Lien Term Loan,9.55,"17,695","17,530","17,652",(5)(8),SOFR+,5.25,,11/9/2030,
oscf-20250630,2025-06-30,Non-Control/Non-Affiliate Investments,"Next Holdco, LLC",Health Care Technology,First Lien Revolver,,—,-49,-11,(5)(8)(9),SOFR+,5.25,,11/9/2029,
oscf-20250630,2025-06-30,Non-Control/Non-Affiliate Investments,"NFM & J, L.P.",Diversified Support Services,First Lien Term Loan,10.18,"1,375","1,242","1,251",(5)(8)(9),SOFR+,5.75,,11/10/2029,
oscf-20250630,2025-06-30,Non-Control/Non-Affiliate Investments,"NFM & J, L.P.",Diversified Support Services,First Lien Term Loan,10.13,"21,946","21,558","21,727",(5)(8),SOFR+,5.75,,11/10/2029,
oscf-20250630,2025-06-30,Non-Control/Non-Affiliate Investments,"NFM & J, L.P.",Diversified Support Services,First Lien Revolver,12.25,"1,116","1,030","1,066",(5)(8)(9),PRIME+,4.75,,11/10/2029,
oscf-20250630,2025-06-30,Non-Control/Non-Affiliate Investments,Nidda BondCo GmbH,Health Care Services,First Lien Term Loan,9.21,"29,750","39,635","40,972",(5)(8)(10),SONIA+,4.75,,5/28/2032,
oscf-20250630,2025-06-30,Non-Control/Non-Affiliate Investments,"North Star Acquisitionco, LLC",Education Services,First Lien Term Loan,8.82,"5,729","6,137","6,248",(5)(8)(9)(10),SOFR+,4.5,,5/3/2029,
oscf-20250630,2025-06-30,Non-Control/Non-Affiliate Investments,"North Star Acquisitionco, LLC",Education Services,First Lien Term Loan,8.8,"3,313","3,271","3,313",(5)(8),SOFR+,4.5,,5/3/2029,
oscf-20250630,2025-06-30,Non-Control/Non-Affiliate Investments,"North Star Acquisitionco, LLC",Education Services,First Lien Term Loan,8.8,"36,168","35,705","36,168",(5)(8),SOFR+,4.5,,5/3/2029,
oscf-20250630,2025-06-30,Non-Control/Non-Affiliate Investments,"North Star Acquisitionco, LLC",Education Services,First Lien Term Loan,8.72,"3,140","3,912","4,302",(5)(8)(10),SONIA+,4.5,,5/3/2029,
oscf-20250630,2025-06-30,Non-Control/Non-Affiliate Investments,"North Star Acquisitionco, LLC",Education Services,First Lien Term Loan,8.86,"68,811","6,191","6,800",(5)(8)(10),NIBOR+,4.5,,5/3/2029,
oscf-20250630,2025-06-30,Non-Control/Non-Affiliate Investments,"North Star Acquisitionco, LLC",Education Services,First Lien Term Loan,8.8,"27,846","27,739","27,846",(5)(8)(10),SOFR+,4.5,,5/3/2029,
oscf-20250630,2025-06-30,Non-Control/Non-Affiliate Investments,"North Star Acquisitionco, LLC",Education Services,First Lien Revolver,,—,-24,0,(5)(8)(9)(10),SONIA+,4.5,,5/3/2029,
oscf-20250630,2025-06-30,Non-Control/Non-Affiliate Investments,"North Star Acquisitionco, LLC",Education Services,First Lien Revolver,8.81,"3,977","3,921","3,977",(5)(8)(9),SOFR+,4.5,,5/3/2029,
oscf-20250630,2025-06-30,Non-Control/Non-Affiliate Investments,Northwoods Capital 25 Ltd,Multi-Sector Holdings,CLO Notes,11.67,700,683,695,(5)(10),SOFR+,7.4,,7/20/2034,
oscf-20250630,2025-06-30,Non-Control/Non-Affiliate Investments,OFSI BSL XIII CLO,Multi-Sector Holdings,CLO Notes,8.77,"5,000","5,000","5,058",(5)(10),SOFR+,4.5,,4/20/2037,
oscf-20250630,2025-06-30,Non-Control/Non-Affiliate Investments,OFSI Fund Ltd,Multi-Sector Holdings,CLO Notes,11.75,"1,105","1,051","1,089",(5)(10),SOFR+,7.48,,4/20/2034,
oscf-20250630,2025-06-30,Non-Control/Non-Affiliate Investments,"OneOncology, LLC",Health Care Services,First Lien Term Loan,9.3,"17,051","16,881","17,051",(5)(8),SOFR+,5,,6/10/2030,
oscf-20250630,2025-06-30,Non-Control/Non-Affiliate Investments,"OneOncology, LLC",Health Care Services,First Lien Term Loan,9.3,"22,821","22,593","22,821",(5)(8),SOFR+,5,,6/10/2030,
oscf-20250630,2025-06-30,Non-Control/Non-Affiliate Investments,"OneOncology, LLC",Health Care Services,First Lien Term Loan,9.05,"15,024","14,651","14,398",(5)(8)(9),SOFR+,4.75,,6/10/2030,
oscf-20250630,2025-06-30,Non-Control/Non-Affiliate Investments,"OneOncology, LLC",Health Care Services,First Lien Term Loan,9.05,"8,496","8,284","8,496",(5)(8),SOFR+,4.75,,6/10/2030,
oscf-20250630,2025-06-30,Non-Control/Non-Affiliate Investments,"OneOncology, LLC",Health Care Services,First Lien Term Loan,9.05,"22,485","22,088","22,260",(5)(8),SOFR+,4.75,,6/10/2030,
oscf-20250630,2025-06-30,Non-Control/Non-Affiliate Investments,"OneOncology, LLC",Health Care Services,First Lien Revolver,,—,-208,-179,(5)(8)(9),SOFR+,4.75,,6/11/2029,
oscf-20250630,2025-06-30,Non-Control/Non-Affiliate Investments,Optimizely North America Inc.,Application Software,First Lien Term Loan,9.33,"47,655","47,224","47,178",(5)(8)(10),SOFR+,5,,10/30/2031,
oscf-20250630,2025-06-30,Non-Control/Non-Affiliate Investments,Optimizely North America Inc.,Application Software,First Lien Revolver,,—,-64,-71,(5)(8)(9)(10),SOFR+,5,,10/30/2031,
oscf-20250630,2025-06-30,Non-Control/Non-Affiliate Investments,Optimizely Sweden Holdings AB,Application Software,First Lien Term Loan,7.23,"17,016","18,320","19,775",(5)(8)(10),E+,5.25,,10/30/2031,
oscf-20250630,2025-06-30,Non-Control/Non-Affiliate Investments,Optimizely Sweden Holdings AB,Application Software,First Lien Term Loan,9.72,"5,672","7,312","7,695",(5)(8)(10),SONIA+,5.5,,10/30/2031,
oscf-20250630,2025-06-30,Non-Control/Non-Affiliate Investments,"Oranje Holdco, Inc.",Systems Software,First Lien Term Loan,11.55,"16,868","16,614","16,868",(5)(8),SOFR+,7.25,,2/1/2029,
oscf-20250630,2025-06-30,Non-Control/Non-Affiliate Investments,"Oranje Holdco, Inc.",Systems Software,First Lien Term Loan,12.03,"15,746","15,511","15,746",(5)(8),SOFR+,7.75,,2/1/2029,
oscf-20250630,2025-06-30,Non-Control/Non-Affiliate Investments,"Oranje Holdco, Inc.",Systems Software,First Lien Revolver,,—,-29,0,(5)(8)(9),SOFR+,7.75,,2/1/2029,
oscf-20250630,2025-06-30,Non-Control/Non-Affiliate Investments,PAI Financing Merger Sub LLC,Pharmaceuticals,First Lien Term Loan,9.05,"74,441","73,385","73,324",(5)(8),SOFR+,4.75,,2/13/2032,
oscf-20250630,2025-06-30,Non-Control/Non-Affiliate Investments,PAI Financing Merger Sub LLC,Pharmaceuticals,First Lien Revolver,,—,-224,-237,(5)(8)(9),SOFR+,4.75,,2/13/2032,
oscf-20250630,2025-06-30,Non-Control/Non-Affiliate Investments,Paratek Pharmaceuticals Inc,Pharmaceuticals,First Lien Term Loan,10.79,"18,387","18,209","18,214",(5)(8),SOFR+,6.5,,11/21/2028,
oscf-20250630,2025-06-30,Non-Control/Non-Affiliate Investments,Paulus Holdings Public Limited Company,Health Care Technology,Preferred Equity,,,"1,711","2,597",(8)(10),,,,,"84,177"
oscf-20250630,2025-06-30,Non-Control/Non-Affiliate Investments,Paulus Holdings Public Limited Company,Health Care Technology,Warrants,,,376,570,(8)(10),,,,,"18,491"
oscf-20250630,2025-06-30,Non-Control/Non-Affiliate Investments,Peraton Corp.,Aerospace & Defense,First Lien Term Loan,8.18,"7,394","7,360","6,548",-5,SOFR+,3.75,,2/1/2028,
oscf-20250630,2025-06-30,Non-Control/Non-Affiliate Investments,PetSmart LLC,Other Specialty Retail,First Lien Term Loan,8.18,"19,698","19,504","19,538",-5,SOFR+,3.75,,2/11/2028,
oscf-20250630,2025-06-30,Non-Control/Non-Affiliate Investments,"PetVet Care Centers, LLC",Health Care Services,First Lien Term Loan,10.33,"72,543","71,429","68,335",(5)(8),SOFR+,6,,11/15/2030,
oscf-20250630,2025-06-30,Non-Control/Non-Affiliate Investments,"PetVet Care Centers, LLC",Health Care Services,First Lien Term Loan,,—,-96,-461,(5)(8)(9),SOFR+,6,,11/15/2030,
oscf-20250630,2025-06-30,Non-Control/Non-Affiliate Investments,"PetVet Care Centers, LLC",Health Care Services,First Lien Revolver,,—,-140,-557,(5)(8)(9),SOFR+,6,,11/15/2029,
oscf-20250630,2025-06-30,Non-Control/Non-Affiliate Investments,"PetVet Care Centers, LLC",Health Care Services,Preferred Equity,,,"6,211","7,556",-8,,,,,"154,541"
oscf-20250630,2025-06-30,Non-Control/Non-Affiliate Investments,"Pluralsight, LLC",Application Software,First Lien Term Loan,,"5,458","5,458","5,458",(5)(8),SOFR+,7.5,11.83,8/22/2029,
oscf-20250630,2025-06-30,Non-Control/Non-Affiliate Investments,"Pluralsight, LLC",Application Software,First Lien Term Loan,7.33,"3,356","3,356","3,356",(5)(8),SOFR+,4.5,1.5,8/22/2029,
oscf-20250630,2025-06-30,Non-Control/Non-Affiliate Investments,"Pluralsight, LLC",Application Software,First Lien Term Loan,7.33,"1,937","1,937","1,937",(5)(8),SOFR+,4.5,1.5,8/22/2029,
oscf-20250630,2025-06-30,Non-Control/Non-Affiliate Investments,"Pluralsight, LLC",Application Software,First Lien Term Loan,,—,0,0,(5)(8)(9),SOFR+,4.5,,8/22/2029,
oscf-20250630,2025-06-30,Non-Control/Non-Affiliate Investments,"Pluralsight, LLC",Application Software,First Lien Revolver,,—,0,0,(5)(8)(9),SOFR+,4.5,,8/22/2029,
oscf-20250630,2025-06-30,Non-Control/Non-Affiliate Investments,"Pluralsight, LLC",Application Software,Common Stock,,,"5,540","3,848",-8,,,,,"1,815,669"
oscf-20250630,2025-06-30,Non-Control/Non-Affiliate Investments,Poseidon Midco AB,Pharmaceuticals,First Lien Term Loan,9.72,"23,063","22,832","23,063",(5)(8)(9)(10),SOFR+,5.5,,5/16/2031,
oscf-20250630,2025-06-30,Non-Control/Non-Affiliate Investments,Poseidon Midco AB,Pharmaceuticals,First Lien Term Loan,,—,-194,-202,(5)(8)(9)(10),E+,5,,9/17/2031,
oscf-20250630,2025-06-30,Non-Control/Non-Affiliate Investments,Poseidon Midco AB,Pharmaceuticals,First Lien Term Loan,7.56,"50,768","55,205","59,594",(5)(8)(10),E+,5.5,,5/16/2031,
oscf-20250630,2025-06-30,Non-Control/Non-Affiliate Investments,"PPW Aero Buyer, Inc.",Aerospace & Defense,First Lien Term Loan,,—,-88,-35,(5)(8)(9),SOFR+,5.5,,2/15/2029,
oscf-20250630,2025-06-30,Non-Control/Non-Affiliate Investments,"PPW Aero Buyer, Inc.",Aerospace & Defense,First Lien Term Loan,9.3,"10,375","10,271","10,281",(5)(8),SOFR+,5,,2/15/2029,
oscf-20250630,2025-06-30,Non-Control/Non-Affiliate Investments,"PPW Aero Buyer, Inc.",Aerospace & Defense,First Lien Term Loan,9.8,"24,421","24,349","24,360",(5)(8),SOFR+,5.5,,2/15/2029,
oscf-20250630,2025-06-30,Non-Control/Non-Affiliate Investments,"PPW Aero Buyer, Inc.",Aerospace & Defense,First Lien Term Loan,10.83,"26,287","25,651","26,287",(5)(8),SOFR+,6.5,,2/15/2029,
oscf-20250630,2025-06-30,Non-Control/Non-Affiliate Investments,"PPW Aero Buyer, Inc.",Aerospace & Defense,First Lien Revolver,13,673,585,673,(5)(8)(9),PRIME+,5.5,,2/15/2029,
oscf-20250630,2025-06-30,Non-Control/Non-Affiliate Investments,"Profrac Holdings II, LLC",Industrial Machinery & Supplies & Components,First Lien Floating Rate Bond,11.54,"60,660","60,053","60,053",(5)(8)(10),SOFR+,7.25,,1/23/2029,
oscf-20250630,2025-06-30,Non-Control/Non-Affiliate Investments,"Project Accelerate Parent, LLC",Systems Software,First Lien Revolver,,—,-50,0,(5)(8)(9),SOFR+,5.25,,2/24/2031,
oscf-20250630,2025-06-30,Non-Control/Non-Affiliate Investments,"Project Accelerate Parent, LLC",Systems Software,First Lien Term Loan,9.57,"43,313","42,963","43,313",(5)(8),SOFR+,5.25,,2/24/2031,
oscf-20250630,2025-06-30,Non-Control/Non-Affiliate Investments,"Propio LS, LLC",Diversified Support Services,First Lien Term Loan,9.05,"27,834","27,555","27,569",(5)(8),SOFR+,4.75,,5/10/2030,
oscf-20250630,2025-06-30,Non-Control/Non-Affiliate Investments,"Propio LS, LLC",Diversified Support Services,First Lien Revolver,,—,-10,-10,(5)(8)(9),SOFR+,4.75,,5/10/2030,
oscf-20250630,2025-06-30,Non-Control/Non-Affiliate Investments,Prosper Credit Card 2024-1,Specialized Finance,CLO Notes,7.15,"5,240","5,227","5,231",(8)(10),,,,10/15/2034,
oscf-20250630,2025-06-30,Non-Control/Non-Affiliate Investments,Prosper Credit Card 2024-1,Specialized Finance,CLO Notes,10.05,"5,471","5,390","5,411",(8)(10),,,,10/15/2034,
oscf-20250630,2025-06-30,Non-Control/Non-Affiliate Investments,Prosper Credit Card 2024-1,Specialized Finance,CLO Notes,14.64,"7,289","7,289","7,272",(8)(10),,,,10/15/2034,
oscf-20250630,2025-06-30,Non-Control/Non-Affiliate Investments,"Protein for Pets Opco, LLC",Packaged Foods & Meats,First Lien Term Loan,9.58,"63,095","62,081","61,751",(5)(8),SOFR+,5.25,,9/20/2030,
oscf-20250630,2025-06-30,Non-Control/Non-Affiliate Investments,"Protein for Pets Opco, LLC",Packaged Foods & Meats,First Lien Revolver,9.58,"1,793","1,686","1,651",(5)(8)(9),SOFR+,5.25,,9/20/2030,
oscf-20250630,2025-06-30,Non-Control/Non-Affiliate Investments,Quantum Bidco Limited,Food Distributors,First Lien Term Loan,9.99,"27,922","35,147","38,359",(5)(8)(10),SONIA+,5.5,,1/31/2028,
oscf-20250630,2025-06-30,Non-Control/Non-Affiliate Investments,Renaissance Holding Corp.,Education Services,First Lien Term Loan,8.28,"19,904","19,535","18,132",-5,SOFR+,4,,4/5/2030,
oscf-20250630,2025-06-30,Non-Control/Non-Affiliate Investments,Rockford Tower CLO 2024-1,Multi-Sector Holdings,CLO Notes,11.75,"2,500","2,478","2,525",(5)(10),SOFR+,7.48,,4/20/2037,
oscf-20250630,2025-06-30,Non-Control/Non-Affiliate Investments,RWK Midco AB,Life Sciences Tools & Services,First Lien Term Loan,,—,-179,-179,(5)(8)(9)(10),SOFR+,4.75,,7/1/2032,
oscf-20250630,2025-06-30,Non-Control/Non-Affiliate Investments,RWK Midco AB,Life Sciences Tools & Services,First Lien Term Loan,9.15,"70,109","72,410","73,038",(5)(8)(10),SOFR+,4.75,,7/1/2032,
oscf-20250630,2025-06-30,Non-Control/Non-Affiliate Investments,"Salus Workers' Compensation, LLC",Diversified Financial Services,First Lien Term Loan,,"13,988","13,815","13,148",(5)(8),SOFR+,10.5,14.83,10/7/2026,
oscf-20250630,2025-06-30,Non-Control/Non-Affiliate Investments,"Salus Workers' Compensation, LLC",Diversified Financial Services,First Lien Revolver,14.82,"1,367","1,342","1,253",(5)(8)(9),SOFR+,10.5,,10/7/2026,
oscf-20250630,2025-06-30,Non-Control/Non-Affiliate Investments,"Salus Workers' Compensation, LLC",Diversified Financial Services,Warrants,,,200,0,-8,,,,,"747,167"
oscf-20250630,2025-06-30,Non-Control/Non-Affiliate Investments,Saratoga,Diversified Financial Services,Credit Linked Note,9.86,"98,000","97,674","98,000",(5)(8)(10)(12),SOFR+,5.33,,12/31/2029,
oscf-20250630,2025-06-30,Non-Control/Non-Affiliate Investments,scPharmaceuticals Inc.,Pharmaceuticals,Warrants,,,258,119,-8,,,,,"220,469"
oscf-20250630,2025-06-30,Non-Control/Non-Affiliate Investments,Secure Acquisition Inc.,Paper & Plastic Packaging Products & Materials,First Lien Term Loan,8.05,"31,702","31,640","31,791",-5,SOFR+,3.75,,12/16/2028,
oscf-20250630,2025-06-30,Non-Control/Non-Affiliate Investments,SEI Holding I Corporation,Trading Companies & Distributors,First Lien Term Loan,9.33,"17,113","16,832","16,857",(5)(8),SOFR+,5,,3/27/2028,
oscf-20250630,2025-06-30,Non-Control/Non-Affiliate Investments,SEI Holding I Corporation,Trading Companies & Distributors,First Lien Term Loan,9.33,"3,341","3,272","3,259",(5)(8)(9),SOFR+,5,,3/27/2028,
oscf-20250630,2025-06-30,Non-Control/Non-Affiliate Investments,SEI Holding I Corporation,Trading Companies & Distributors,First Lien Term Loan,9.33,"2,462","2,426","2,425",(5)(8),SOFR+,5,,3/27/2028,
oscf-20250630,2025-06-30,Non-Control/Non-Affiliate Investments,SEI Holding I Corporation,Trading Companies & Distributors,First Lien Term Loan,,—,-32,-128,(5)(8)(9),SOFR+,5,,3/27/2028,
oscf-20250630,2025-06-30,Non-Control/Non-Affiliate Investments,SEI Holding I Corporation,Trading Companies & Distributors,First Lien Revolver,,—,-42,-57,(5)(8)(9),SOFR+,5,,3/27/2028,
oscf-20250630,2025-06-30,Non-Control/Non-Affiliate Investments,"Seres Therapeutics, Inc.",Biotechnology,Warrants,,,293,21,(8)(10),,,,,"147,169"
oscf-20250630,2025-06-30,Non-Control/Non-Affiliate Investments,"Sierra Enterprises, LLC",Soft Drinks & Non-alcoholic Beverages,First Lien Term Loan,10.32,"57,383","56,542","56,608",(5)(8),SOFR+,6,,5/20/2030,
oscf-20250630,2025-06-30,Non-Control/Non-Affiliate Investments,"Sierra Enterprises, LLC",Soft Drinks & Non-alcoholic Beverages,First Lien Revolver,,—,-106,-98,(5)(8)(9),SOFR+,6,,5/20/2030,
oscf-20250630,2025-06-30,Non-Control/Non-Affiliate Investments,"Sorenson Communications, LLC",Communications Equipment,First Lien Term Loan,10.08,"84,652","83,365","83,061",(5)(8),SOFR+,5.75,,4/19/2029,
oscf-20250630,2025-06-30,Non-Control/Non-Affiliate Investments,"Sorenson Communications, LLC",Communications Equipment,First Lien Revolver,,—,-155,-191,(5)(8)(9),SOFR+,5.75,,4/19/2029,
oscf-20250630,2025-06-30,Non-Control/Non-Affiliate Investments,Spruce Bidco I Inc.,Health Care Equipment,First Lien Term Loan,9.13,"116,896","115,246","115,225",(5)(8),SOFR+,5,,1/30/2032,
oscf-20250630,2025-06-30,Non-Control/Non-Affiliate Investments,Spruce Bidco I Inc.,Health Care Equipment,First Lien Term Loan,7.68,"21,164","14,407","15,289",(5)(8),CORRA+,5,,1/30/2032,
oscf-20250630,2025-06-30,Non-Control/Non-Affiliate Investments,Spruce Bidco I Inc.,Health Care Equipment,First Lien Term Loan,6.02,"2,262,960","14,407","15,443",(5)(8),TONA+,5.25,,1/30/2032,
oscf-20250630,2025-06-30,Non-Control/Non-Affiliate Investments,Spruce Bidco I Inc.,Health Care Equipment,First Lien Revolver,,—,-372,-377,(5)(8)(9),SOFR+,5,,1/30/2032,
oscf-20250630,2025-06-30,Non-Control/Non-Affiliate Investments,"Staples, Inc.",Office Services & Supplies,Fixed Rate Bond,10.75,"23,481","22,646","22,341",,,,,9/1/2029,
oscf-20250630,2025-06-30,Non-Control/Non-Affiliate Investments,"Staples, Inc.",Office Services & Supplies,First Lien Term Loan,10.03,"23,708","22,786","21,939",-5,SOFR+,5.75,,9/4/2029,
oscf-20250630,2025-06-30,Non-Control/Non-Affiliate Investments,"Star Parent, Inc.",Life Sciences Tools & Services,First Lien Term Loan,8.3,"65,349","64,196","64,794",-5,SOFR+,4,,9/27/2030,
oscf-20250630,2025-06-30,Non-Control/Non-Affiliate Investments,SumUp Holdings Luxembourg,Diversified Financial Services,First Lien Term Loan,8.54,"47,274","50,670","55,493",(5)(8)(9)(10),E+,6.5,,4/25/2031,
oscf-20250630,2025-06-30,Non-Control/Non-Affiliate Investments,"TBRS, Inc.",Health Care Supplies,First Lien Term Loan,9.05,"5,288","5,200","5,220",(5)(8)(9),SOFR+,4.75,,11/22/2031,
oscf-20250630,2025-06-30,Non-Control/Non-Affiliate Investments,"TBRS, Inc.",Health Care Supplies,First Lien Term Loan,9.08,"49,611","49,158","49,115",(5)(8),SOFR+,4.75,,11/22/2031,
oscf-20250630,2025-06-30,Non-Control/Non-Affiliate Investments,"TBRS, Inc.",Health Care Supplies,First Lien Revolver,9.08,468,400,392,(5)(8)(9),SOFR+,4.75,,11/22/2030,
oscf-20250630,2025-06-30,Non-Control/Non-Affiliate Investments,"Telephone and Data Systems, Inc.",Wireless Telecommunication Services,Subordinated Debt Term Loan,,—,-214,0,(5)(8)(9)(10),SOFR+,7,,5/1/2029,
oscf-20250630,2025-06-30,Non-Control/Non-Affiliate Investments,"Telephone and Data Systems, Inc.",Wireless Telecommunication Services,Subordinated Debt Term Loan,11.26,"73,542","71,851","73,542",(5)(8)(10),SOFR+,7,,5/1/2029,
oscf-20250630,2025-06-30,Non-Control/Non-Affiliate Investments,Ten-X LLC,Interactive Media & Services,First Lien Term Loan,10.25,"24,406","23,693","22,240",-5,SOFR+,6,,5/26/2028,
oscf-20250630,2025-06-30,Non-Control/Non-Affiliate Investments,"THG Acquisition, LLC",Insurance Brokers,First Lien Term Loan,8.83,362,309,277,(5)(8)(9)(10),SOFR+,4.5,,10/31/2031,
oscf-20250630,2025-06-30,Non-Control/Non-Affiliate Investments,"THG Acquisition, LLC",Insurance Brokers,First Lien Term Loan,8.83,"50,706","50,247","50,326",(5)(8)(10),SOFR+,4.5,,10/31/2031,
oscf-20250630,2025-06-30,Non-Control/Non-Affiliate Investments,"THG Acquisition, LLC",Insurance Brokers,First Lien Revolver,9.08,421,370,378,(5)(8)(9)(10),SOFR+,4.75,,10/31/2031,
oscf-20250630,2025-06-30,Non-Control/Non-Affiliate Investments,Transit Buyer LLC,Diversified Support Services,First Lien Term Loan,,—,-10,-20,(5)(8)(9),SOFR+,5,,1/31/2029,
oscf-20250630,2025-06-30,Non-Control/Non-Affiliate Investments,Transit Buyer LLC,Diversified Support Services,First Lien Term Loan,9.33,"8,081","7,973","7,998",(5)(8),SOFR+,5,,1/31/2029,
oscf-20250630,2025-06-30,Non-Control/Non-Affiliate Investments,Transit Buyer LLC,Diversified Support Services,First Lien Term Loan,9.33,"3,810","3,765","3,772",(5)(8),SOFR+,5,,1/31/2029,
oscf-20250630,2025-06-30,Non-Control/Non-Affiliate Investments,Transit Buyer LLC,Diversified Support Services,First Lien Term Loan,9.33,"8,278","8,179","8,194",(5)(8),SOFR+,5,,1/31/2029,
oscf-20250630,2025-06-30,Non-Control/Non-Affiliate Investments,Trident TPI Holdings Inc,"Metal, Glass & Plastic Containers",First Lien Term Loan,8.05,"12,281","12,281","12,084",-5,SOFR+,3.75,,9/15/2028,
oscf-20250630,2025-06-30,Non-Control/Non-Affiliate Investments,Trinitas CLO VI Ltd.,Multi-Sector Holdings,CLO Notes,11.36,"2,785","2,626","2,701",(5)(10),SOFR+,7.08,,1/25/2034,
oscf-20250630,2025-06-30,Non-Control/Non-Affiliate Investments,Trinitas CLO XV DAC,Multi-Sector Holdings,CLO Notes,11.98,"6,500","5,858","6,320",(5)(10),SOFR+,7.71,,4/22/2034,
oscf-20250630,2025-06-30,Non-Control/Non-Affiliate Investments,"Truck-Lite Co., LLC",Construction Machinery & Heavy Transportation Equipment,First Lien Term Loan,,—,-43,-21,(5)(8)(9),SOFR+,5.75,,2/13/2032,
oscf-20250630,2025-06-30,Non-Control/Non-Affiliate Investments,"Truck-Lite Co., LLC",Construction Machinery & Heavy Transportation Equipment,First Lien Term Loan,,—,-145,-195,(5)(8)(9),SOFR+,5.75,,2/13/2032,
oscf-20250630,2025-06-30,Non-Control/Non-Affiliate Investments,"Truck-Lite Co., LLC",Construction Machinery & Heavy Transportation Equipment,First Lien Term Loan,,—,-72,-97,(5)(8)(9),SOFR+,5.75,,2/13/2032,
oscf-20250630,2025-06-30,Non-Control/Non-Affiliate Investments,"Truck-Lite Co., LLC",Construction Machinery & Heavy Transportation Equipment,First Lien Term Loan,10.06,"2,024","2,004","2,004",(5)(8),SOFR+,5.75,,2/13/2032,
oscf-20250630,2025-06-30,Non-Control/Non-Affiliate Investments,"Truck-Lite Co., LLC",Construction Machinery & Heavy Transportation Equipment,First Lien Term Loan,10.03,"76,869","75,700","76,100",(5)(8),SOFR+,5.75,,2/13/2032,
oscf-20250630,2025-06-30,Non-Control/Non-Affiliate Investments,"Truck-Lite Co., LLC",Construction Machinery & Heavy Transportation Equipment,First Lien Revolver,,—,-115,-79,(5)(8)(9),SOFR+,5.75,,2/13/2031,
oscf-20250630,2025-06-30,Non-Control/Non-Affiliate Investments,Usalco LLC,Commodity Chemicals,First Lien Term Loan,,—,-16,-33,(5)(8)(9),SOFR+,4,,9/30/2031,
oscf-20250630,2025-06-30,Non-Control/Non-Affiliate Investments,Usalco LLC,Commodity Chemicals,First Lien Term Loan,8.33,"31,572","31,414","31,256",(5)(8),SOFR+,4,,9/30/2031,
oscf-20250630,2025-06-30,Non-Control/Non-Affiliate Investments,"USIC Holdings, Inc.",Diversified Support Services,First Lien Term Loan,9.83,922,922,922,(5)(8)(9),SOFR+,5.5,,9/10/2031,
oscf-20250630,2025-06-30,Non-Control/Non-Affiliate Investments,"USIC Holdings, Inc.",Diversified Support Services,First Lien Term Loan,9.83,"46,079","45,671","46,079",(5)(8),SOFR+,5.5,,9/10/2031,
oscf-20250630,2025-06-30,Non-Control/Non-Affiliate Investments,"USIC Holdings, Inc.",Diversified Support Services,First Lien Revolver,9.58,"2,695","2,643","2,696",(5)(8)(9),SOFR+,5.25,,9/10/2031,
oscf-20250630,2025-06-30,Non-Control/Non-Affiliate Investments,"Verde Purchaser, LLC",Trading Companies & Distributors,First Lien Term Loan,8.3,"20,948","20,853","21,048",(5)(10),SOFR+,4,,11/30/2030,
oscf-20250630,2025-06-30,Non-Control/Non-Affiliate Investments,"Verona Pharma, Inc.",Pharmaceuticals,First Lien Term Loan,9.7,"6,308","6,182","6,308",(8)(10),,,,5/9/2029,
oscf-20250630,2025-06-30,Non-Control/Non-Affiliate Investments,"Verona Pharma, Inc.",Pharmaceuticals,First Lien Term Loan,9.7,"6,758","6,623","6,639",(8)(10),,,,5/9/2029,
oscf-20250630,2025-06-30,Non-Control/Non-Affiliate Investments,"Verona Pharma, Inc.",Pharmaceuticals,First Lien Term Loan,11,—,0,0,(8)(9)(10),,,,5/9/2029,
oscf-20250630,2025-06-30,Non-Control/Non-Affiliate Investments,"Verona Pharma, Inc.",Pharmaceuticals,First Lien Term Loan,9.7,"4,956","4,879","4,956",(8)(10),,,,5/9/2029,
oscf-20250630,2025-06-30,Non-Control/Non-Affiliate Investments,Violin Finco Guernsey Limited,Asset Management & Custody Banks,First Lien Term Loan,,—,-17,0,(5)(8)(9)(10),SONIA+,5.25,,6/24/2031,
oscf-20250630,2025-06-30,Non-Control/Non-Affiliate Investments,Violin Finco Guernsey Limited,Asset Management & Custody Banks,First Lien Term Loan,9.47,"40,334","50,742","55,272",(5)(8)(10),SONIA+,5.25,,6/24/2031,
oscf-20250630,2025-06-30,Non-Control/Non-Affiliate Investments,Werner Finco LP,Building Products,First Lien Term Loan,9.82,"49,028","48,297","48,293",(5)(8),SOFR+,5.5,,6/16/2031,
oscf-20250630,2025-06-30,Non-Control/Non-Affiliate Investments,West Star Aviation Acquisition LLC,Aerospace & Defense,First Lien Term Loan,,—,-52,-49,(5)(8)(9),SOFR+,4.5,,5/20/2032,
oscf-20250630,2025-06-30,Non-Control/Non-Affiliate Investments,West Star Aviation Acquisition LLC,Aerospace & Defense,First Lien Term Loan,8.8,"66,145","65,648","65,683",(5)(8),SOFR+,4.5,,5/20/2032,
oscf-20250630,2025-06-30,Non-Control/Non-Affiliate Investments,West Star Aviation Acquisition LLC,Aerospace & Defense,First Lien Revolver,8.8,"1,850","1,781","1,786",(5)(8)(9),SOFR+,4.5,,5/20/2032,
oscf-20250630,2025-06-30,Non-Control/Non-Affiliate Investments,Wind River 2020-1 CLO,Multi-Sector Holdings,CLO Notes,11.69,"2,000","1,961","1,991",(5)(10),SOFR+,7.42,,7/20/2037,
oscf-20250630,2025-06-30,Non-Control/Non-Affiliate Investments,Wind River 2024-1 CLO,Multi-Sector Holdings,CLO Notes,8.52,"3,250","3,250","3,277",(5)(10),SOFR+,4.25,,4/20/2037,
oscf-20250630,2025-06-30,Non-Control/Non-Affiliate Investments,Woodmont 2022-9 Trust,Multi-Sector Holdings,CLO Notes,12.05,"9,385","9,303","9,277",(5)(10),SOFR+,7.77,,10/25/2036,
oscf-20250630,2025-06-30,Non-Control/Non-Affiliate Investments,"WP CPP Holdings, LLC",Aerospace & Defense,First Lien Term Loan,11.57,"2,616","2,616","2,616",(5)(8),SOFR+,7.25,,11/29/2029,
oscf-20250630,2025-06-30,Non-Control/Non-Affiliate Investments,"WP CPP Holdings, LLC",Aerospace & Defense,First Lien Term Loan,11.57,"55,203","54,237","55,203",(5)(8),SOFR+,7.25,,11/28/2029,
oscf-20250630,2025-06-30,Non-Control/Non-Affiliate Investments,"WP CPP Holdings, LLC",Aerospace & Defense,First Lien Revolver,,—,-107,0,(5)(8)(9),SOFR+,7.25,,11/28/2029,
oscf-20250630,2025-06-30,Non-Control/Non-Affiliate Investments,X Holdings Corp.,Interactive Media & Services,First Lien Term Loan,10.93,"23,595","23,543","23,081",-5,SOFR+,6.5,,10/26/2029,
oscf-20250930,2025-09-30,Non-Control/Non-Affiliate Investments,107-109 Beech OAK22 LLC,Real Estate Development,First Lien Revolver,11,"10,185","10,083","10,138",(8)(9),,,,2/27/2026,
oscf-20250930,2025-09-30,Non-Control/Non-Affiliate Investments,1261229 BC LTD,Pharmaceuticals,Fixed Rate Bond,10,"22,200","22,200","22,774",-10,,,,4/15/2032,
oscf-20250930,2025-09-30,Non-Control/Non-Affiliate Investments,1261229 BC LTD,Pharmaceuticals,First Lien Term Loan,10.41,"47,681","46,591","47,099",(5)(10),SOFR+,6.25,,10/8/2030,
oscf-20250930,2025-09-30,Non-Control/Non-Affiliate Investments,"1440 Foods Topco, LLC",Packaged Foods & Meats,First Lien Term Loan,9.16,"62,012","59,000","60,694",-5,SOFR+,5,,10/31/2031,
oscf-20250930,2025-09-30,Non-Control/Non-Affiliate Investments,"Access CIG, LLC",Diversified Support Services,First Lien Term Loan,8.03,"46,235","45,897","46,431",-5,SOFR+,4,,8/18/2030,
oscf-20250930,2025-09-30,Non-Control/Non-Affiliate Investments,ACESO Holding 4 S.A.R.L.,Health Care Services,First Lien Term Loan,7.87,"8,508","9,794","9,814",(5)(8)(10),E+,5.75,,9/27/2031,
oscf-20250930,2025-09-30,Non-Control/Non-Affiliate Investments,ACESO Holding 4 S.a.r.l.,Health Care Services,First Lien Term Loan,7.87,"39,777","45,718","45,883",(5)(8)(10),E+,5.75,,9/30/2031,
oscf-20250930,2025-09-30,Non-Control/Non-Affiliate Investments,ACESO Holding 4 S.A.R.L.,Health Care Services,First Lien Term Loan,7.87,"34,034","37,338","39,258",(5)(8)(10),E+,5.75,,9/27/2031,
oscf-20250930,2025-09-30,Non-Control/Non-Affiliate Investments,ACP Falcon Buyer Inc,Systems Software,First Lien Term Loan,9.79,"34,060","33,407","34,060",(5)(8),SOFR+,5.5,,8/1/2029,
oscf-20250930,2025-09-30,Non-Control/Non-Affiliate Investments,ACP Falcon Buyer Inc,Systems Software,First Lien Revolver,,—,-102,0,(5)(8)(9),SOFR+,5.5,,8/1/2029,
oscf-20250930,2025-09-30,Non-Control/Non-Affiliate Investments,Acquia Inc.,Application Software,First Lien Term Loan,10.43,"11,166","11,080","11,166",(5)(8),SOFR+,6,,10/30/2026,
oscf-20250930,2025-09-30,Non-Control/Non-Affiliate Investments,ADC Therapeutics SA,Biotechnology,First Lien Term Loan,11.65,"10,406","10,110","10,251",(5)(8)(10),SOFR+,7.5,,8/15/2029,
oscf-20250930,2025-09-30,Non-Control/Non-Affiliate Investments,ADC Therapeutics SA,Biotechnology,Warrants,,,275,54,(8)(10)(14),,,,,"45,727"
oscf-20250930,2025-09-30,Non-Control/Non-Affiliate Investments,AIP RD Buyer Corp.,Distributors,Common Stock,,,428,800,(8)(14),,,,,"4,560"
oscf-20250930,2025-09-30,Non-Control/Non-Affiliate Investments,"American Auto Auction Group, LLC",Diversified Support Services,First Lien Term Loan,8.5,"22,883","22,711","23,113",-5,SOFR+,4.5,,5/28/2032,
oscf-20250930,2025-09-30,Non-Control/Non-Affiliate Investments,Arches Buyer Inc.,Interactive Media & Services,First Lien Term Loan,9.66,"92,790","92,020","92,790",(5)(8),SOFR+,5.5,,12/6/2027,
oscf-20250930,2025-09-30,Non-Control/Non-Affiliate Investments,"Artera Services, LLC",Construction & Engineering,First Lien Term Loan,8.5,"53,533","53,103","48,062",-5,SOFR+,4.5,,2/15/2031,
oscf-20250930,2025-09-30,Non-Control/Non-Affiliate Investments,"Artera Services, LLC",Construction & Engineering,Fixed Rate Bond,8.5,"25,234","23,201","22,319",,,,,2/15/2031,
oscf-20250930,2025-09-30,Non-Control/Non-Affiliate Investments,ASP Integrity Acquisition Co LLC,Diversified Support Services,First Lien Term Loan,,—,-55,-251,(5)(8)(9),SOFR+,5,,3/6/2032,
oscf-20250930,2025-09-30,Non-Control/Non-Affiliate Investments,ASP Integrity Acquisition Co LLC,Diversified Support Services,First Lien Term Loan,9.13,"47,622","46,966","46,126",(5)(8),SOFR+,5,,3/6/2032,
oscf-20250930,2025-09-30,Non-Control/Non-Affiliate Investments,ASP Integrity Acquisition Co LLC,Diversified Support Services,First Lien Revolver,11.25,997,875,715,(5)(8)(9),PRIME+,4,,3/6/2031,
oscf-20250930,2025-09-30,Non-Control/Non-Affiliate Investments,ASP-R-PAC Acquisition Co LLC,Paper & Plastic Packaging Products & Materials,First Lien Term Loan,10.31,988,981,974,(5)(8)(10),SOFR+,6,,12/29/2027,
oscf-20250930,2025-09-30,Non-Control/Non-Affiliate Investments,ASP-R-PAC Acquisition Co LLC,Paper & Plastic Packaging Products & Materials,First Lien Term Loan,10.57,"4,763","4,727","4,696",(5)(8)(10),SOFR+,6,,12/29/2027,
oscf-20250930,2025-09-30,Non-Control/Non-Affiliate Investments,ASP-R-PAC Acquisition Co LLC,Paper & Plastic Packaging Products & Materials,First Lien Revolver,10.28,435,430,427,(5)(8)(9)(10),SOFR+,6,,12/29/2027,
oscf-20250930,2025-09-30,Non-Control/Non-Affiliate Investments,Astra Acquisition Corp.,Application Software,First Lien Term Loan,,"7,337","6,453","2,935",(5)(8)(11),SOFR+,6.75,,2/25/2028,
oscf-20250930,2025-09-30,Non-Control/Non-Affiliate Investments,Astra Acquisition Corp.,Application Software,First Lien Term Loan,,"8,316","6,324",0,(5)(8)(11),SOFR+,5.25,,10/25/2028,
oscf-20250930,2025-09-30,Non-Control/Non-Affiliate Investments,"Asurion, LLC",Property & Casualty Insurance,First Lien Term Loan,8.26,"25,376","25,301","25,457",-5,SOFR+,4,,8/19/2028,
oscf-20250930,2025-09-30,Non-Control/Non-Affiliate Investments,"Asurion, LLC",Property & Casualty Insurance,First Lien Term Loan,8.51,"33,694","33,196","33,839",-5,SOFR+,4.25,,8/19/2028,
oscf-20250930,2025-09-30,Non-Control/Non-Affiliate Investments,"Asurion, LLC",Property & Casualty Insurance,First Lien Term Loan,8.41,"18,703","18,165","18,608",-5,SOFR+,4.25,,9/19/2030,
oscf-20250930,2025-09-30,Non-Control/Non-Affiliate Investments,athenahealth Group Inc.,Health Care Technology,Preferred Equity,,,"5,917","8,390",(8)(13)(14),,,,,"5,809"
oscf-20250930,2025-09-30,Non-Control/Non-Affiliate Investments,"Atlas Borrower, LLC",Health Care Services,First Lien Term Loan,8.5,"58,141","57,559","57,571",(5)(8),SOFR+,4.5,,9/4/2032,
oscf-20250930,2025-09-30,Non-Control/Non-Affiliate Investments,"Atlas Borrower, LLC",Health Care Services,First Lien Revolver,,—,-99,-97,(5)(8)(9),SOFR+,4.5,,9/4/2032,
oscf-20250930,2025-09-30,Non-Control/Non-Affiliate Investments,Aurelia Netherlands B.V.,Interactive Media & Services,First Lien Term Loan,6.78,"99,155","110,787","116,216",(5)(8)(10),E+,4.75,,5/29/2031,
oscf-20250930,2025-09-30,Non-Control/Non-Affiliate Investments,Aurora Lux Finco S.A.R.L,Application Software,First Lien Term Loan,9.42,"40,000","39,200","39,400",(5)(10),SOFR+,5.25,,9/26/2032,
oscf-20250930,2025-09-30,Non-Control/Non-Affiliate Investments,AVSC Holding Corp.,Specialized Consumer Services,First Lien Term Loan,9.16,"121,320","119,178","119,075",(5)(8),SOFR+,5,,12/5/2031,
oscf-20250930,2025-09-30,Non-Control/Non-Affiliate Investments,AVSC Holding Corp.,Specialized Consumer Services,First Lien Revolver,,—,-218,-228,(5)(8)(9),SOFR+,5,,12/5/2029,
oscf-20250930,2025-09-30,Non-Control/Non-Affiliate Investments,Ballyrock CLO 19,Multi-Sector Holdings,CLO Notes,11.44,"2,220","2,223","2,230",(5)(10),SOFR+,7.11,,4/20/2035,
oscf-20250930,2025-09-30,Non-Control/Non-Affiliate Investments,Bamboo US Bidco LLC,Health Care Equipment,First Lien Term Loan,9.58,"2,998","2,975","2,965",(5)(8)(9),SOFR+,5.25,,9/30/2030,
oscf-20250930,2025-09-30,Non-Control/Non-Affiliate Investments,Bamboo US Bidco LLC,Health Care Equipment,First Lien Term Loan,,—,0,-33,(5)(8)(9),SOFR+,5.25,,9/30/2030,
oscf-20250930,2025-09-30,Non-Control/Non-Affiliate Investments,Bamboo US Bidco LLC,Health Care Equipment,First Lien Term Loan,9.56,"3,884","3,814","3,845",(5)(8),SOFR+,5.25,,9/30/2030,
oscf-20250930,2025-09-30,Non-Control/Non-Affiliate Investments,Bamboo US Bidco LLC,Health Care Equipment,First Lien Term Loan,9.56,"25,388","24,863","25,134",(5)(8),SOFR+,5.25,,9/30/2030,
oscf-20250930,2025-09-30,Non-Control/Non-Affiliate Investments,Bamboo US Bidco LLC,Health Care Equipment,First Lien Term Loan,7.28,"15,796","16,396","18,375",(5)(8),E+,5.25,,9/30/2030,
oscf-20250930,2025-09-30,Non-Control/Non-Affiliate Investments,Bamboo US Bidco LLC,Health Care Equipment,First Lien Revolver,,—,-104,-52,(5)(8)(9),SOFR+,5.25,,10/1/2029,
oscf-20250930,2025-09-30,Non-Control/Non-Affiliate Investments,"Barracuda Parent, LLC",Systems Software,First Lien Term Loan,10.81,"48,886","47,598","46,808",(5)(8),SOFR+,6.5,,8/15/2029,
oscf-20250930,2025-09-30,Non-Control/Non-Affiliate Investments,"Bayou Intermediate II, LLC",Health Care Supplies,First Lien Term Loan,8.91,"38,756","38,368","38,368",(5)(8),SOFR+,4.75,,9/30/2032,
oscf-20250930,2025-09-30,Non-Control/Non-Affiliate Investments,"Bayou Intermediate II, LLC",Health Care Supplies,First Lien Term Loan,,—,-53,-53,(5)(8)(9),SOFR+,4.75,,9/30/2032,
oscf-20250930,2025-09-30,Non-Control/Non-Affiliate Investments,"Bayou Intermediate II, LLC",Health Care Supplies,First Lien Revolver,,—,-56,-56,(5)(8)(9),SOFR+,4.75,,9/30/2032,
oscf-20250930,2025-09-30,Non-Control/Non-Affiliate Investments,Beach Acquisition Bidco LLC,Footwear,Fixed Rate Bond,10,"31,650","31,650","34,219",,,,,7/15/2033,
oscf-20250930,2025-09-30,Non-Control/Non-Affiliate Investments,"BioXcel Therapeutics, Inc.",Pharmaceuticals,First Lien Term Loan,13,"1,470","1,469","1,285",(8)(10),,,,4/19/2027,
oscf-20250930,2025-09-30,Non-Control/Non-Affiliate Investments,"BioXcel Therapeutics, Inc.",Pharmaceuticals,First Lien Term Loan,13,"3,545","3,504","3,100",(8)(10),,,,4/19/2027,
oscf-20250930,2025-09-30,Non-Control/Non-Affiliate Investments,"BioXcel Therapeutics, Inc.",Pharmaceuticals,First Lien Term Loan,13,—,0,0,(8)(9)(10),,,,4/19/2027,
oscf-20250930,2025-09-30,Non-Control/Non-Affiliate Investments,"BioXcel Therapeutics, Inc.",Pharmaceuticals,First Lien Term Loan,13,—,0,0,(8)(9)(10),,,,4/19/2027,
oscf-20250930,2025-09-30,Non-Control/Non-Affiliate Investments,"BioXcel Therapeutics, Inc.",Pharmaceuticals,Common Stock,,,0,33,(10)(14),,,,,"12,702"
oscf-20250930,2025-09-30,Non-Control/Non-Affiliate Investments,"BioXcel Therapeutics, Inc.",Pharmaceuticals,Warrants,,,74,1,(8)(10)(14),,,,,975
oscf-20250930,2025-09-30,Non-Control/Non-Affiliate Investments,"BioXcel Therapeutics, Inc.",Pharmaceuticals,Warrants,,,0,0,(8)(10)(14),,,,,279
oscf-20250930,2025-09-30,Non-Control/Non-Affiliate Investments,"Biscuit Parent, LLC",Application Software,First Lien Term Loan,8.75,479,406,479,(5)(8)(9),SOFR+,4.75,,2/27/2031,
oscf-20250930,2025-09-30,Non-Control/Non-Affiliate Investments,"Biscuit Parent, LLC",Application Software,First Lien Term Loan,8.75,"32,701","32,423","32,701",(5)(8),SOFR+,4.75,,2/27/2031,
oscf-20250930,2025-09-30,Non-Control/Non-Affiliate Investments,"Biscuit Parent, LLC",Application Software,First Lien Term Loan,8.75,"49,375","48,803","49,375",(5)(8),SOFR+,4.75,,2/27/2031,
oscf-20250930,2025-09-30,Non-Control/Non-Affiliate Investments,"Biscuit Parent, LLC",Application Software,First Lien Revolver,,—,-174,0,(5)(8)(9),SOFR+,4.75,,2/27/2031,
oscf-20250930,2025-09-30,Non-Control/Non-Affiliate Investments,"Blazing Star Parent, LLC",Drug Retail,First Lien Term Loan,11.2,"86,408","84,288","84,282",(5)(8),SOFR+,7,,8/28/2030,
oscf-20250930,2025-09-30,Non-Control/Non-Affiliate Investments,Blue Bidco Ltd,Wireless Telecommunication Services,First Lien Term Loan,9.16,"3,381","3,337","3,355",(5)(8)(9)(10),SONIA+,5,,6/14/2032,
oscf-20250930,2025-09-30,Non-Control/Non-Affiliate Investments,Blue Bidco Ltd,Wireless Telecommunication Services,First Lien Term Loan,7.04,"5,593","6,416","6,512",(5)(8)(10),E+,5,,6/14/2032,
oscf-20250930,2025-09-30,Non-Control/Non-Affiliate Investments,Blue Bidco Ltd,Wireless Telecommunication Services,First Lien Term Loan,9.26,"1,644","1,629","1,629",(5)(8)(10),SOFR+,5,,6/14/2032,
oscf-20250930,2025-09-30,Non-Control/Non-Affiliate Investments,Blue Bidco Ltd,Wireless Telecommunication Services,First Lien Term Loan,8.97,"8,475","11,411","11,305",(5)(8)(10),SONIA+,5,,6/14/2032,
oscf-20250930,2025-09-30,Non-Control/Non-Affiliate Investments,BOTA BIDCO GMBH,Diversified Chemicals,First Lien Term Loan,5.9,"9,022","8,882","10,256",(5)(8)(10),E+,4,,10/31/2029,
oscf-20250930,2025-09-30,Non-Control/Non-Affiliate Investments,BOTA BIDCO GMBH,Diversified Chemicals,First Lien Term Loan,6.41,"36,081","35,467","40,275",(5)(8)(10),E+,4.5,,10/31/2030,
oscf-20250930,2025-09-30,Non-Control/Non-Affiliate Investments,CD&R Firefly Bidco Limited,Other Specialty Retail,First Lien Term Loan,8.72,"23,022","28,828","31,141",(5)(10),SONIA+,4.75,,4/29/2029,
oscf-20250930,2025-09-30,Non-Control/Non-Affiliate Investments,"Centralsquare Technologies, LLC",Application Software,First Lien Term Loan,7.03,"30,946","30,391","30,906",(5)(8),SOFR+,6.25,3.38,4/12/2030,
oscf-20250930,2025-09-30,Non-Control/Non-Affiliate Investments,"Centralsquare Technologies, LLC",Application Software,First Lien Revolver,,—,-64,-3,(5)(8)(9),SOFR+,5.75,,4/12/2030,
oscf-20250930,2025-09-30,Non-Control/Non-Affiliate Investments,Cielo Bidco Limited,Building Products,First Lien Term Loan,,—,-59,-56,(5)(8)(9)(10),E+,4.75,,6/30/2032,
oscf-20250930,2025-09-30,Non-Control/Non-Affiliate Investments,Cielo Bidco Limited,Building Products,First Lien Term Loan,8.72%,"39,461","52,954","52,630",(5)(8)(10),SONIA+,4.75,,6/30/2032,
oscf-20250930,2025-09-30,Non-Control/Non-Affiliate Investments,Cielo Bidco Limited,Building Products,First Lien Term Loan,6.65,"9,166","10,599","10,670",(5)(8)(10),E+,4.75,,6/30/2032,
oscf-20250930,2025-09-30,Non-Control/Non-Affiliate Investments,"Cloud Software Group, Inc.",Application Software,First Lien Term Loan,7.25,"13,930","13,844","13,998",-5,SOFR+,3.25,,3/24/2031,
oscf-20250930,2025-09-30,Non-Control/Non-Affiliate Investments,Colony Holding Corporation,Distributors,First Lien Term Loan,10.8,"3,861","3,836","3,796",(5)(8),SOFR+,6.5,,11/13/2026,
oscf-20250930,2025-09-30,Non-Control/Non-Affiliate Investments,Colony Holding Corporation,Distributors,First Lien Term Loan,10.91,"11,874","11,768","11,672",(5)(8),SOFR+,6.5,,11/13/2026,
oscf-20250930,2025-09-30,Non-Control/Non-Affiliate Investments,Condor Merger Sub Inc.,Systems Software,Fixed Rate Bond,7.38,"22,277","20,911","20,690",,,,,2/15/2030,
oscf-20250930,2025-09-30,Non-Control/Non-Affiliate Investments,Connect Holding II LLC,Alternative Carriers,Fixed Rate Bond,10.5,"12,030","11,675","12,030",,,,,4/3/2031,
oscf-20250930,2025-09-30,Non-Control/Non-Affiliate Investments,Connect Holding II LLC,Alternative Carriers,First Lien Term Loan,8.4,"40,830","33,477","33,571",-5,SOFR+,4.25,,4/3/2031,
oscf-20250930,2025-09-30,Non-Control/Non-Affiliate Investments,"CoreRx, Inc.",Pharmaceuticals,First Lien Term Loan,11.5,"18,328","18,006","18,282",(5)(8),SOFR+,7.5,,4/6/2029,
oscf-20250930,2025-09-30,Non-Control/Non-Affiliate Investments,"Coupa Holdings, LLC",Application Software,First Lien Term Loan,,—,-15,0,(5)(8)(9),SOFR+,5.25,,2/27/2030,
oscf-20250930,2025-09-30,Non-Control/Non-Affiliate Investments,"Coupa Holdings, LLC",Application Software,First Lien Term Loan,9.56,"13,296","13,086","13,296",(5)(8),SOFR+,5.25,,2/27/2030,
oscf-20250930,2025-09-30,Non-Control/Non-Affiliate Investments,"Coupa Holdings, LLC",Application Software,First Lien Revolver,,—,-13,0,(5)(8)(9),SOFR+,5.25,,2/27/2029,
oscf-20250930,2025-09-30,Non-Control/Non-Affiliate Investments,"Creek Parent, Inc.",Life Sciences Tools & Services,First Lien Term Loan,9.14,"105,947","104,190","103,944",(5)(8),SOFR+,5,,12/18/2031,
oscf-20250930,2025-09-30,Non-Control/Non-Affiliate Investments,"Creek Parent, Inc.",Life Sciences Tools & Services,First Lien Revolver,,—,-237,-290,(5)(8)(9),SOFR+,5,,12/18/2031,
oscf-20250930,2025-09-30,Non-Control/Non-Affiliate Investments,"Crewline Buyer, Inc.",Application Software,First Lien Term Loan,10.91,"3,080","3,015","3,049",(5)(8),SOFR+,6.75,,11/8/2030,
oscf-20250930,2025-09-30,Non-Control/Non-Affiliate Investments,"Crewline Buyer, Inc.",Application Software,First Lien Term Loan,10.91,"43,911","43,111","43,472",(5)(8),SOFR+,6.75,,11/8/2030,
oscf-20250930,2025-09-30,Non-Control/Non-Affiliate Investments,"Crewline Buyer, Inc.",Application Software,First Lien Revolver,,—,-83,-46,(5)(8)(9),SOFR+,6.75,,11/8/2030,
oscf-20250930,2025-09-30,Non-Control/Non-Affiliate Investments,"Dealer Tire Financial, LLC",Distributors,Fixed Rate Bond,8,"41,354","40,944","40,936",,,,,2/1/2028,
oscf-20250930,2025-09-30,Non-Control/Non-Affiliate Investments,Delta Leasing SPV II LLC,Specialized Finance,Subordinated Debt Term Loan,3,"29,046","29,046","29,046",(8)(10),,,7,8/31/2029,
oscf-20250930,2025-09-30,Non-Control/Non-Affiliate Investments,Delta Leasing SPV II LLC,Specialized Finance,Subordinated Debt Term Loan,8,"39,466","39,466","39,466",(8)(10),,,3,8/31/2029,
oscf-20250930,2025-09-30,Non-Control/Non-Affiliate Investments,Delta Leasing SPV II LLC,Specialized Finance,Preferred Equity,,,330,468,(8)(10)(14),,,,,330
oscf-20250930,2025-09-30,Non-Control/Non-Affiliate Investments,Delta Leasing SPV II LLC,Specialized Finance,Common Stock,,,2,2,(8)(10)(14),,,,,2
oscf-20250930,2025-09-30,Non-Control/Non-Affiliate Investments,Delta Leasing SPV II LLC,Specialized Finance,Warrants,,,0,0,(8)(10)(14),,,,,25
oscf-20250930,2025-09-30,Non-Control/Non-Affiliate Investments,Digicel International Finance Ltd / Difl US LLC,Wireless Telecommunication Services,Fixed Rate Bond,8.63,"4,757","4,757","4,894",-10,,,,8/1/2032,
oscf-20250930,2025-09-30,Non-Control/Non-Affiliate Investments,"DirecTV Financing, LLC",Cable & Satellite,Fixed Rate Bond,10,"21,198","21,198","21,183",,,,,2/15/2031,
oscf-20250930,2025-09-30,Non-Control/Non-Affiliate Investments,"DirecTV Financing, LLC",Cable & Satellite,First Lien Term Loan,9.57,200,199,201,-5,SOFR+,5,,8/2/2027,
oscf-20250930,2025-09-30,Non-Control/Non-Affiliate Investments,"DirecTV Financing, LLC",Cable & Satellite,First Lien Term Loan,9.82,"26,912","26,545","26,992",-5,SOFR+,5.25,,8/2/2029,
oscf-20250930,2025-09-30,Non-Control/Non-Affiliate Investments,"DirecTV Financing, LLC",Cable & Satellite,First Lien Term Loan,9.81,"20,162","19,792","19,759",,SOFR+,5.5,,2/17/2031,
oscf-20250930,2025-09-30,Non-Control/Non-Affiliate Investments,"Draken International, LLC",Aerospace & Defense,First Lien Term Loan,,—,-210,-202,(5)(8)(9)(10),SOFR+,5.5,,5/19/2032,
oscf-20250930,2025-09-30,Non-Control/Non-Affiliate Investments,"Draken International, LLC",Aerospace & Defense,First Lien Term Loan,9.69,"18,849","18,492","18,506",(5)(8)(10),SOFR+,5.5,,5/19/2032,
oscf-20250930,2025-09-30,Non-Control/Non-Affiliate Investments,"Draken International, LLC",Aerospace & Defense,First Lien Term Loan,9.47,"59,320","77,795","78,390",(5)(8)(10),SONIA+,5.5,,5/19/2032,
oscf-20250930,2025-09-30,Non-Control/Non-Affiliate Investments,"DTI Holdco, Inc.",Research & Consulting Services,First Lien Term Loan,8.16,"56,583","55,512","50,572",-5,SOFR+,4,,4/26/2029,
oscf-20250930,2025-09-30,Non-Control/Non-Affiliate Investments,Dukes Root Control Inc.,Environmental & Facilities Services,First Lien Term Loan,9.96,"1,039","1,030","1,032",(5)(8),SOFR+,5.5,,12/8/2028,
oscf-20250930,2025-09-30,Non-Control/Non-Affiliate Investments,Dukes Root Control Inc.,Environmental & Facilities Services,First Lien Term Loan,9.94,"1,927","1,913","1,915",(5)(8),SOFR+,5.5,,12/8/2029,
oscf-20250930,2025-09-30,Non-Control/Non-Affiliate Investments,Dukes Root Control Inc.,Environmental & Facilities Services,First Lien Term Loan,9.85,"17,121","16,944","17,011",(5)(8),SOFR+,5.5,,12/8/2028,
oscf-20250930,2025-09-30,Non-Control/Non-Affiliate Investments,Dukes Root Control Inc.,Environmental & Facilities Services,First Lien Revolver,9.82,184,162,171,(5)(8)(9),SOFR+,5.5,,12/8/2028,
oscf-20250930,2025-09-30,Non-Control/Non-Affiliate Investments,Empire Bidco AB,Life Sciences Tools & Services,First Lien Term Loan,9.22,"27,033","35,755","35,665",(5)(8)(10),SONIA+,5.25,,9/22/2032,
oscf-20250930,2025-09-30,Non-Control/Non-Affiliate Investments,Empire Bidco AB,Life Sciences Tools & Services,First Lien Term Loan,7.38,"348,703","36,443","36,334",(5)(8)(10),STIBOR+,5.25,,9/22/2032,
oscf-20250930,2025-09-30,Non-Control/Non-Affiliate Investments,Empire Bidco AB,Life Sciences Tools & Services,First Lien Term Loan,,—,-452,-450,(5)(8)(9)(10),STIBOR+,5.25,,9/22/2032,
oscf-20250930,2025-09-30,Non-Control/Non-Affiliate Investments,Engineering Research And Consulting LLC,Construction & Engineering,First Lien Term Loan,9.29,"31,740","31,275","30,867",-5,SOFR+,5,,8/29/2031,
oscf-20250930,2025-09-30,Non-Control/Non-Affiliate Investments,"Enverus Holdings, Inc.",Application Software,First Lien Term Loan,,—,-14,0,(5)(8)(9),SOFR+,5.5,,12/24/2029,
oscf-20250930,2025-09-30,Non-Control/Non-Affiliate Investments,"Enverus Holdings, Inc.",Application Software,First Lien Term Loan,9.82,"55,339","54,613","55,339",(5)(8),SOFR+,5.5,,12/24/2029,
oscf-20250930,2025-09-30,Non-Control/Non-Affiliate Investments,"Enverus Holdings, Inc.",Application Software,First Lien Revolver,9.64,175,132,175,(5)(8)(9),SOFR+,5.5,,12/24/2029,
oscf-20250930,2025-09-30,Non-Control/Non-Affiliate Investments,Establishment Labs Holdings Inc.,Health Care Technology,First Lien Term Loan,9,"1,832","1,821","1,842",(8)(10),,,,4/21/2027,
oscf-20250930,2025-09-30,Non-Control/Non-Affiliate Investments,Establishment Labs Holdings Inc.,Health Care Technology,First Lien Term Loan,10,"1,689","1,656","1,723",(8)(10),,,,4/21/2027,
oscf-20250930,2025-09-30,Non-Control/Non-Affiliate Investments,Establishment Labs Holdings Inc.,Health Care Technology,First Lien Term Loan,10,"1,689","1,656","1,723",(8)(10),,,,4/21/2027,
oscf-20250930,2025-09-30,Non-Control/Non-Affiliate Investments,Establishment Labs Holdings Inc.,Health Care Technology,First Lien Term Loan,9,"11,437","11,389","11,501",(8)(10),,,,4/21/2027,
oscf-20250930,2025-09-30,Non-Control/Non-Affiliate Investments,"Everbridge, Inc.",Application Software,First Lien Term Loan,9.29,"7,681","7,621","7,681",(5)(8)(9),SOFR+,5,,7/2/2031,
oscf-20250930,2025-09-30,Non-Control/Non-Affiliate Investments,"Everbridge, Inc.",Application Software,First Lien Term Loan,9.29,"78,364","78,042","78,364",(5)(8),SOFR+,5,,7/2/2031,
oscf-20250930,2025-09-30,Non-Control/Non-Affiliate Investments,"Everbridge, Inc.",Application Software,First Lien Revolver,,—,-32,0,(5)(8)(9),SOFR+,5,,7/2/2031,
oscf-20250930,2025-09-30,Non-Control/Non-Affiliate Investments,"Evergreen IX Borrower 2023, LLC",Application Software,First Lien Term Loan,8.75,"9,006","8,933","9,006",(5)(8),SOFR+,4.75,,9/30/2030,
oscf-20250930,2025-09-30,Non-Control/Non-Affiliate Investments,"Evergreen IX Borrower 2023, LLC",Application Software,First Lien Term Loan,8.75,"35,671","35,034","35,671",(5)(8),SOFR+,4.75,,9/30/2030,
oscf-20250930,2025-09-30,Non-Control/Non-Affiliate Investments,"Evergreen IX Borrower 2023, LLC",Application Software,First Lien Revolver,,—,-67,0,(5)(8)(9),SOFR+,4.75,,9/29/2029,
oscf-20250930,2025-09-30,Non-Control/Non-Affiliate Investments,Eyesouth Eye Care Holdco LLC,Health Care Services,First Lien Term Loan,9.88,"3,175","3,129","3,134",(5)(8),SOFR+,5.5,,10/5/2029,
oscf-20250930,2025-09-30,Non-Control/Non-Affiliate Investments,Eyesouth Eye Care Holdco LLC,Health Care Services,First Lien Term Loan,9.76,"2,759","2,696","2,696",(5)(8)(9),SOFR+,5.5,,10/5/2029,
oscf-20250930,2025-09-30,Non-Control/Non-Affiliate Investments,Eyesouth Eye Care Holdco LLC,Health Care Services,Common Stock,,,885,"1,019",(8)(14),,,,,885
oscf-20250930,2025-09-30,Non-Control/Non-Affiliate Investments,F&M BUYER LLC,Systems Software,First Lien Term Loan,,—,-40,-40,(5)(8)(9),SOFR+,4.5,,3/18/2032,
oscf-20250930,2025-09-30,Non-Control/Non-Affiliate Investments,F&M BUYER LLC,Systems Software,First Lien Term Loan,8.5,"23,866","23,627","23,627",(5)(8),SOFR+,4.5,,3/18/2032,
oscf-20250930,2025-09-30,Non-Control/Non-Affiliate Investments,F&M BUYER LLC,Systems Software,First Lien Revolver,,—,-35,-35,(5)(8)(9),SOFR+,4.5,,3/18/2032,
oscf-20250930,2025-09-30,Non-Control/Non-Affiliate Investments,"Finastra USA, Inc.",Application Software,First Lien Term Loan,11.29,"12,067","11,908","12,067",(5)(8)(10),SOFR+,7.25,,9/13/2029,
oscf-20250930,2025-09-30,Non-Control/Non-Affiliate Investments,Flexera Software LLC,Application Software,First Lien Revolver,,—,-8,-7,(5)(8)(9),SOFR+,4.75,,8/13/2032,
oscf-20250930,2025-09-30,Non-Control/Non-Affiliate Investments,Flexera Software LLC,Application Software,First Lien Term Loan,6.63,"12,305","14,376","14,425",(5)(8),E+,4.75,,8/15/2032,
oscf-20250930,2025-09-30,Non-Control/Non-Affiliate Investments,Flexera Software LLC,Application Software,First Lien Term Loan,9.08,"40,774","40,672","40,680",(5)(8),SOFR+,4.75,,8/15/2032,
oscf-20250930,2025-09-30,Non-Control/Non-Affiliate Investments,Formulations Parent Corp,Specialty Chemicals,First Lien Term Loan,8.33,"17,500","17,325","17,400",(5)(8),SOFR+,4,,4/9/2032,
oscf-20250930,2025-09-30,Non-Control/Non-Affiliate Investments,Fortress Credit BSL XV,Multi-Sector Holdings,CLO Notes,9.08,"5,000","5,000","4,997",(5)(10),SOFR+,4.75,,10/18/2033,
oscf-20250930,2025-09-30,Non-Control/Non-Affiliate Investments,Fortress Credit BSL XV,Multi-Sector Holdings,CLO Notes,12.78,"6,000","6,035","5,933",(5)(10),SOFR+,8.45,,10/18/2033,
oscf-20250930,2025-09-30,Non-Control/Non-Affiliate Investments,"Galileo Parent, Inc.",Aerospace & Defense,First Lien Term Loan,9.75,"82,981","82,590","82,566",(5)(8),SOFR+,5.75,,5/3/2030,
oscf-20250930,2025-09-30,Non-Control/Non-Affiliate Investments,"Galileo Parent, Inc.",Aerospace & Defense,First Lien Revolver,9.75,"8,656","8,634","8,580",(5)(8)(9),SOFR+,5.75,,5/3/2029,
oscf-20250930,2025-09-30,Non-Control/Non-Affiliate Investments,Gallatin CLO X 2023-1,Multi-Sector Holdings,CLO Notes,9.73,"5,000","4,913","5,021",(5)(10),SOFR+,5.41,,10/14/2035,
oscf-20250930,2025-09-30,Non-Control/Non-Affiliate Investments,Geo Topco Corporation,Building Products,First Lien Term Loan,8.83,"10,195","10,051","10,056",(5)(8)(9),SOFR+,4.5,,10/15/2031,
oscf-20250930,2025-09-30,Non-Control/Non-Affiliate Investments,Geo Topco Corporation,Building Products,First Lien Term Loan,8.6,"56,177","55,692","55,801",(5)(8),SOFR+,4.5,,10/15/2031,
oscf-20250930,2025-09-30,Non-Control/Non-Affiliate Investments,Geo Topco Corporation,Building Products,First Lien Revolver,8.7,"1,821","1,753","1,768",(5)(8)(9),SOFR+,4.5,,10/15/2031,
oscf-20250930,2025-09-30,Non-Control/Non-Affiliate Investments,"Grand River Aseptic Manufacturing, Inc.",Health Care Equipment,First Lien Term Loan,9.07,"30,022","29,750","29,713",(5)(8),SOFR+,5,,3/10/2031,
oscf-20250930,2025-09-30,Non-Control/Non-Affiliate Investments,"Grand River Aseptic Manufacturing, Inc.",Health Care Equipment,First Lien Revolver,,—,-84,-95,(5)(8)(9),SOFR+,5,,3/10/2031,
oscf-20250930,2025-09-30,Non-Control/Non-Affiliate Investments,"Greenway Health, LLC",Health Care Technology,First Lien Term Loan,10.75,"24,625","24,136","24,625",(5)(8),SOFR+,6.75,,4/1/2029,
oscf-20250930,2025-09-30,Non-Control/Non-Affiliate Investments,"Grove Hotel Parcel Owner, LLC","Hotels, Resorts & Cruise Lines",First Lien Term Loan,12.26,"3,537","3,512","3,443",(5)(8),SOFR+,8,,6/21/2027,
oscf-20250930,2025-09-30,Non-Control/Non-Affiliate Investments,"Grove Hotel Parcel Owner, LLC","Hotels, Resorts & Cruise Lines",First Lien Term Loan,12.26,"17,153","17,035","16,699",(5)(8),SOFR+,8,,6/21/2027,
oscf-20250930,2025-09-30,Non-Control/Non-Affiliate Investments,"Grove Hotel Parcel Owner, LLC","Hotels, Resorts & Cruise Lines",First Lien Revolver,,—,-12,-47,(5)(8)(9),SOFR+,8,,6/21/2027,
oscf-20250930,2025-09-30,Non-Control/Non-Affiliate Investments,HAH Group Holding Co LLC,Health Care Services,Fixed Rate Bond,9.75,"6,640","6,276","6,314",,,,,10/1/2031,
oscf-20250930,2025-09-30,Non-Control/Non-Affiliate Investments,HAH Group Holding Co LLC,Health Care Services,First Lien Term Loan,9.16,"9,401","8,532","8,496",,SOFR+,5,,9/17/2031,
oscf-20250930,2025-09-30,Non-Control/Non-Affiliate Investments,Harbor Purchaser Inc.,Education Services,First Lien Term Loan,9.51,"39,798","39,191","35,765",-5,SOFR+,5.25,,4/9/2029,
oscf-20250930,2025-09-30,Non-Control/Non-Affiliate Investments,"Harrow Health, Inc.",Pharmaceuticals,Fixed Rate Bond,8.63,"7,700","7,700","8,013",-10,,,,9/15/2030,
oscf-20250930,2025-09-30,Non-Control/Non-Affiliate Investments,Hertz Vehicle Financing III,Specialized Finance,Subordinated Debt Revolver,9.28,"85,710","85,710","85,710",(8)(10),,,,6/28/2028,
oscf-20250930,2025-09-30,Non-Control/Non-Affiliate Investments,IAMGOLD Corporation,Gold,Second Lien Term Loan,12.39,"21,296","20,961","22,105",(5)(8)(10),SOFR+,8.25,,5/16/2028,
oscf-20250930,2025-09-30,Non-Control/Non-Affiliate Investments,"Icefall Parent, Inc.",Application Software,First Lien Term Loan,8.81,"52,319","52,176","52,843",(5)(8),SOFR+,4.5,,1/25/2030,
oscf-20250930,2025-09-30,Non-Control/Non-Affiliate Investments,"Icefall Parent, Inc.",Application Software,First Lien Revolver,,—,-38,0,(5)(8)(9),SOFR+,4.5,,1/25/2030,
oscf-20250930,2025-09-30,Non-Control/Non-Affiliate Investments,"iCIMs, Inc.",Application Software,First Lien Term Loan,10.57,"2,305","2,305","2,297",(5)(8),SOFR+,6.25,,8/18/2028,
oscf-20250930,2025-09-30,Non-Control/Non-Affiliate Investments,"iCIMs, Inc.",Application Software,First Lien Term Loan,10.07,"16,054","16,054","15,911",(5)(8),SOFR+,5.75,,8/18/2028,
oscf-20250930,2025-09-30,Non-Control/Non-Affiliate Investments,"iCIMs, Inc.",Application Software,First Lien Revolver,10.08,392,392,369,(5)(8)(9),SOFR+,5.75,,8/18/2028,
oscf-20250930,2025-09-30,Non-Control/Non-Affiliate Investments,Inmar Inc,Application Software,First Lien Term Loan,8.66,"60,508","60,236","60,527",-5,SOFR+,4.5,,10/30/2031,
oscf-20250930,2025-09-30,Non-Control/Non-Affiliate Investments,"Integrity Marketing Acquisition, LLC",Insurance Brokers,First Lien Term Loan,,—,-153,-25,(5)(8)(9),SOFR+,5,,8/25/2028,
oscf-20250930,2025-09-30,Non-Control/Non-Affiliate Investments,"Integrity Marketing Acquisition, LLC",Insurance Brokers,First Lien Term Loan,9.2,"79,758","79,340","79,654",(5)(8),SOFR+,5,,8/25/2028,
oscf-20250930,2025-09-30,Non-Control/Non-Affiliate Investments,"Integrity Marketing Acquisition, LLC",Insurance Brokers,First Lien Revolver,,—,-56,-9,(5)(8)(9),SOFR+,5,,8/25/2028,
oscf-20250930,2025-09-30,Non-Control/Non-Affiliate Investments,"Inventus Power, Inc.",Electrical Components & Equipment,First Lien Term Loan,11.78,"42,887","42,958","42,488",(5)(8),SOFR+,7.5,,1/15/2026,
oscf-20250930,2025-09-30,Non-Control/Non-Affiliate Investments,"Inventus Power, Inc.",Electrical Components & Equipment,First Lien Revolver,11.87,"1,159","1,142","1,113",(5)(8)(9),SOFR+,7.5,,1/15/2026,
oscf-20250930,2025-09-30,Non-Control/Non-Affiliate Investments,IW Buyer LLC,Electrical Components & Equipment,First Lien Term Loan,9.26,"4,886","4,849","4,843",(5)(8),SOFR+,5,,6/28/2029,
oscf-20250930,2025-09-30,Non-Control/Non-Affiliate Investments,IW Buyer LLC,Electrical Components & Equipment,First Lien Term Loan,9.26,"18,867","18,678","18,699",(5)(8),SOFR+,5,,6/28/2029,
oscf-20250930,2025-09-30,Non-Control/Non-Affiliate Investments,IW Buyer LLC,Electrical Components & Equipment,First Lien Term Loan,9.26,"28,428","27,939","28,175",(5)(8),SOFR+,5,,6/28/2029,
oscf-20250930,2025-09-30,Non-Control/Non-Affiliate Investments,IW Buyer LLC,Electrical Components & Equipment,First Lien Revolver,9.25,"1,072",944,"1,005",(5)(8)(9),SOFR+,5,,6/28/2029,
oscf-20250930,2025-09-30,Non-Control/Non-Affiliate Investments,Janus Bidco Limited,Application Software,First Lien Term Loan,,—,-155,0,(5)(8)(9)(10),SONIA+,5.5,,4/25/2031,
oscf-20250930,2025-09-30,Non-Control/Non-Affiliate Investments,Janus Bidco Limited,Application Software,First Lien Term Loan,9.98,"51,970","50,930","51,970",(5)(8)(10),SOFR+,5.5,,4/25/2031,
oscf-20250930,2025-09-30,Non-Control/Non-Affiliate Investments,Janus Bidco Limited,Application Software,First Lien Term Loan,9.47,"1,742","2,145","2,345",(5)(8)(10),SONIA+,5.5,,4/25/2031,
oscf-20250930,2025-09-30,Non-Control/Non-Affiliate Investments,JN Bidco LLC,Health Care Technology,Common Stock,,,"3,338","7,173",(8)(14),,,,,"3,595,500"
oscf-20250930,2025-09-30,Non-Control/Non-Affiliate Investments,Kairos Intermediateco AB,Health Care Supplies,First Lien Term Loan,,—,-23,0,(5)(8)(9)(10),E+,4.75,,4/22/2032,
oscf-20250930,2025-09-30,Non-Control/Non-Affiliate Investments,Kairos Intermediateco AB,Health Care Supplies,First Lien Term Loan,6.78,"20,027","23,225","23,416",(5)(8)(10),E+,4.75,,4/22/2032,
oscf-20250930,2025-09-30,Non-Control/Non-Affiliate Investments,Kairos Intermediateco AB,Health Care Supplies,First Lien Term Loan,9.05,"184,534","18,138","18,404",(5)(8)(10),NIBOR+,4.75,,4/22/2032,
oscf-20250930,2025-09-30,Non-Control/Non-Affiliate Investments,Kairos Intermediateco AB,Health Care Supplies,First Lien Term Loan,8.72,"13,129","17,609","17,588",(5)(8)(10),SONIA+,4.75,,4/22/2032,
oscf-20250930,2025-09-30,Non-Control/Non-Affiliate Investments,Kaseya Inc.,Systems Software,Second Lien Term Loan,9.16,"43,764","43,691","43,901",-5,SOFR+,5,,3/20/2033,
oscf-20250930,2025-09-30,Non-Control/Non-Affiliate Investments,"Kings Buyer, LLC",Environmental & Facilities Services,First Lien Term Loan,9.35,"57,812","57,372","55,286",(5)(8),SOFR+,5.25,,10/29/2027,
oscf-20250930,2025-09-30,Non-Control/Non-Affiliate Investments,"Kings Buyer, LLC",Environmental & Facilities Services,First Lien Term Loan,9.25,"4,705","4,688","4,499",(5)(8),SOFR+,5.25,,10/29/2027,
oscf-20250930,2025-09-30,Non-Control/Non-Affiliate Investments,"Kings Buyer, LLC",Environmental & Facilities Services,First Lien Revolver,11.5,"2,535","2,452","2,164",(5)(8)(9),PRIME+,4.25,,10/29/2027,
oscf-20250930,2025-09-30,Non-Control/Non-Affiliate Investments,Kite Midco II Inc.,Research & Consulting Services,First Lien Term Loan,,—,-63,-72,(5)(8)(9),SOFR+,4.5,,11/25/2031,
oscf-20250930,2025-09-30,Non-Control/Non-Affiliate Investments,Kite Midco II Inc.,Research & Consulting Services,First Lien Term Loan,8.77,"39,033","38,518","38,490",(5)(8),SOFR+,4.5,,11/25/2031,
oscf-20250930,2025-09-30,Non-Control/Non-Affiliate Investments,"LABL, Inc.",Office Services & Supplies,First Lien Term Loan,9.26,"28,076","27,681","23,135",-5,SOFR+,5,,10/30/2028,
oscf-20250930,2025-09-30,Non-Control/Non-Affiliate Investments,"LDS Buyer, LLC",Air Freight & Logistics,First Lien Term Loan,9.16,"8,303","8,111","8,231",(5)(8),SOFR+,5,,2/9/2032,
oscf-20250930,2025-09-30,Non-Control/Non-Affiliate Investments,"LDS Buyer, LLC",Air Freight & Logistics,First Lien Term Loan,9.16,"1,864","1,845","1,848",(5)(8),SOFR+,5,,2/9/2032,
oscf-20250930,2025-09-30,Non-Control/Non-Affiliate Investments,"LDS Buyer, LLC",Air Freight & Logistics,First Lien Term Loan,9.16,"41,933","41,457","41,568",(5)(8),SOFR+,5,,2/9/2032,
oscf-20250930,2025-09-30,Non-Control/Non-Affiliate Investments,"LDS Buyer, LLC",Air Freight & Logistics,First Lien Term Loan,,—,-93,-91,(5)(8)(9),SOFR+,5,,2/9/2032,
oscf-20250930,2025-09-30,Non-Control/Non-Affiliate Investments,"LDS Buyer, LLC",Air Freight & Logistics,First Lien Revolver,,—,-71,-54,(5)(8)(9),SOFR+,5,,2/9/2032,
oscf-20250930,2025-09-30,Non-Control/Non-Affiliate Investments,"Learfield Communications, LLC",Movies & Entertainment,First Lien Term Loan,8.66,"45,449","45,345","45,965",-5,SOFR+,4.5,,6/30/2028,
oscf-20250930,2025-09-30,Non-Control/Non-Affiliate Investments,"Legends Hospitality Holding Company, LLC",Specialized Consumer Services,First Lien Term Loan,9.17,"2,024","1,976","1,968",(5)(8)(9),SOFR+,5,,8/22/2031,
oscf-20250930,2025-09-30,Non-Control/Non-Affiliate Investments,"Legends Hospitality Holding Company, LLC",Specialized Consumer Services,First Lien Term Loan,6.96,"56,798","55,869","55,833",(5)(8),SOFR+,5.5,2.75,8/22/2031,
oscf-20250930,2025-09-30,Non-Control/Non-Affiliate Investments,"Legends Hospitality Holding Company, LLC",Specialized Consumer Services,First Lien Revolver,9.16,655,548,549,(5)(8)(9),SOFR+,5,,8/22/2030,
oscf-20250930,2025-09-30,Non-Control/Non-Affiliate Investments,"Lightbox Intermediate, L.P.",Real Estate Services,First Lien Term Loan,9.25,"59,293","58,531","58,695",(5)(8),SOFR+,5.25,,1/13/2030,
oscf-20250930,2025-09-30,Non-Control/Non-Affiliate Investments,"Lightbox Intermediate, L.P.",Real Estate Services,First Lien Revolver,,—,-49,-39,(5)(8)(9),SOFR+,5.25,,1/13/2030,
oscf-20250930,2025-09-30,Non-Control/Non-Affiliate Investments,"LSL Holdco, LLC",Health Care Distributors,First Lien Term Loan,10.26,"1,026",994,988,(5)(8),SOFR+,6,,1/31/2028,
oscf-20250930,2025-09-30,Non-Control/Non-Affiliate Investments,"LSL Holdco, LLC",Health Care Distributors,First Lien Term Loan,10.26,"8,814","8,746","8,480",(5)(8),SOFR+,6,,1/31/2028,
oscf-20250930,2025-09-30,Non-Control/Non-Affiliate Investments,"LSL Holdco, LLC",Health Care Distributors,First Lien Revolver,10.26,690,682,651,(5)(8)(9),SOFR+,6,,1/31/2028,
oscf-20250930,2025-09-30,Non-Control/Non-Affiliate Investments,M2S Group Intermediate Holdings Inc,Multi-Sector Holdings,First Lien Term Loan,9.06,"52,570","50,430","52,281",-5,SOFR+,4.75,,8/25/2031,
oscf-20250930,2025-09-30,Non-Control/Non-Affiliate Investments,McAfee Corp.,Systems Software,First Lien Term Loan,7.22,"19,850","19,074","19,019",-5,SOFR+,3,,3/1/2029,
oscf-20250930,2025-09-30,Non-Control/Non-Affiliate Investments,"Mesoblast, Inc.",Biotechnology,First Lien Term Loan,9.75,"1,565","1,531","1,597",(8)(10),,,,11/19/2026,
oscf-20250930,2025-09-30,Non-Control/Non-Affiliate Investments,"Mesoblast, Inc.",Biotechnology,Warrants,,,152,212,(8)(10)(14),,,,,"33,174"
oscf-20250930,2025-09-30,Non-Control/Non-Affiliate Investments,"MHE Intermediate Holdings, LLC",Diversified Support Services,First Lien Term Loan,10.46,"5,179","5,108","5,102",(5)(8),SOFR+,6,,7/21/2027,
oscf-20250930,2025-09-30,Non-Control/Non-Affiliate Investments,"MHE Intermediate Holdings, LLC",Diversified Support Services,First Lien Term Loan,10.71,"1,015","1,004","1,000",(5)(8),SOFR+,6.25,,7/21/2027,
oscf-20250930,2025-09-30,Non-Control/Non-Affiliate Investments,Microf Funding V LLC,Consumer Finance,First Lien Term Loan,10.13,"19,966","19,701","19,912",(5)(8)(9)(10),SOFR+,6,,6/3/2027,
oscf-20250930,2025-09-30,Non-Control/Non-Affiliate Investments,"Minotaur Acquisition, Inc.",Financial Exchanges & Data,First Lien Term Loan,,—,-70,-26,(5)(8)(9)(10),SOFR+,5,,6/3/2030,
oscf-20250930,2025-09-30,Non-Control/Non-Affiliate Investments,"Minotaur Acquisition, Inc.",Financial Exchanges & Data,First Lien Term Loan,9.16,"6,729","6,595","6,704",(5)(8)(10),SOFR+,5,,6/3/2030,
oscf-20250930,2025-09-30,Non-Control/Non-Affiliate Investments,"Minotaur Acquisition, Inc.",Financial Exchanges & Data,First Lien Term Loan,9.16,"41,217","40,575","41,060",(5)(8)(10),SOFR+,5,,6/3/2030,
oscf-20250930,2025-09-30,Non-Control/Non-Affiliate Investments,"Minotaur Acquisition, Inc.",Financial Exchanges & Data,First Lien Revolver,,—,-65,-15,(5)(8)(9)(10),SOFR+,5,,6/3/2030,
oscf-20250930,2025-09-30,Non-Control/Non-Affiliate Investments,Mitchell International Inc,Application Software,Second Lien Term Loan,9.41,"42,135","41,953","41,851",-5,SOFR+,5.25,,6/17/2032,
oscf-20250930,2025-09-30,Non-Control/Non-Affiliate Investments,Mitchell International Inc,Application Software,First Lien Term Loan,7.41,"16,929","16,772","16,933",-5,SOFR+,3.25,,6/17/2031,
oscf-20250930,2025-09-30,Non-Control/Non-Affiliate Investments,Modena Buyer LLC,Application Software,First Lien Term Loan,8.81,"38,169","37,540","37,747",-5,SOFR+,4.5,,7/1/2031,
oscf-20250930,2025-09-30,Non-Control/Non-Affiliate Investments,Monotype Imaging Holdings Inc.,Application Software,First Lien Term Loan,9.66,"1,546","1,489","1,544",(5)(8)(9),SOFR+,5.5,,2/28/2031,
oscf-20250930,2025-09-30,Non-Control/Non-Affiliate Investments,Monotype Imaging Holdings Inc.,Application Software,First Lien Term Loan,9.66,"71,385","70,315","71,371",(5)(8),SOFR+,5.5,,2/28/2031,
oscf-20250930,2025-09-30,Non-Control/Non-Affiliate Investments,Monotype Imaging Holdings Inc.,Application Software,First Lien Revolver,,—,-100,-11,(5)(8)(9),SOFR+,5.5,,2/28/2030,
oscf-20250930,2025-09-30,Non-Control/Non-Affiliate Investments,MRI Software LLC,Application Software,First Lien Term Loan,8.75,"4,797","4,748","4,769",(5)(8),SOFR+,4.75,,2/10/2028,
oscf-20250930,2025-09-30,Non-Control/Non-Affiliate Investments,MRI Software LLC,Application Software,First Lien Term Loan,8.75,"7,053","7,050","7,011",(5)(8),SOFR+,4.75,,2/10/2028,
oscf-20250930,2025-09-30,Non-Control/Non-Affiliate Investments,MRI Software LLC,Application Software,First Lien Term Loan,8.75,"57,647","57,161","57,307",(5)(8),SOFR+,4.75,,2/10/2028,
oscf-20250930,2025-09-30,Non-Control/Non-Affiliate Investments,MRI Software LLC,Application Software,First Lien Revolver,8.75,590,570,556,(5)(8)(9),SOFR+,4.75,,2/10/2028,
oscf-20250930,2025-09-30,Non-Control/Non-Affiliate Investments,"Nellson Nutraceutical, LLC",Packaged Foods & Meats,First Lien Term Loan,,—,-28,-25,(5)(8)(9)(10),SOFR+,5.75,,4/17/2031,
oscf-20250930,2025-09-30,Non-Control/Non-Affiliate Investments,"Nellson Nutraceutical, LLC",Packaged Foods & Meats,First Lien Term Loan,9.75,"48,606","47,877","47,960",(5)(8)(10),SOFR+,5.75,,4/17/2031,
oscf-20250930,2025-09-30,Non-Control/Non-Affiliate Investments,"Nellson Nutraceutical, LLC",Packaged Foods & Meats,First Lien Term Loan,9.75,"14,429","14,229","14,237",(5)(8)(10),SOFR+,5.75,,4/17/2031,
oscf-20250930,2025-09-30,Non-Control/Non-Affiliate Investments,"Nellson Nutraceutical, LLC",Packaged Foods & Meats,First Lien Revolver,9.75,"1,367","1,230","1,236",(5)(8)(9)(10),SOFR+,5.75,,4/17/2031,
oscf-20250930,2025-09-30,Non-Control/Non-Affiliate Investments,Neptune Bidco US Inc.,Aerospace & Defense,First Lien Term Loan,8.75,"30,740","30,359","30,740",(5)(8),SOFR+,4.75,,1/19/2031,
oscf-20250930,2025-09-30,Non-Control/Non-Affiliate Investments,Neptune Bidco US Inc.,Aerospace & Defense,First Lien Term Loan,,—,-13,0,(5)(8)(9),SOFR+,5.25,,1/19/2031,
oscf-20250930,2025-09-30,Non-Control/Non-Affiliate Investments,"Next Holdco, LLC",Health Care Technology,First Lien Term Loan,,—,-65,-74,(5)(8)(9),SOFR+,5.25,,11/12/2030,
oscf-20250930,2025-09-30,Non-Control/Non-Affiliate Investments,"Next Holdco, LLC",Health Care Technology,First Lien Revolver,,—,-46,-40,(5)(8)(9),SOFR+,5.25,,11/8/2029,
oscf-20250930,2025-09-30,Non-Control/Non-Affiliate Investments,"Next Holdco, LLC",Health Care Technology,First Lien Term Loan,9.48,"17,650","17,493","17,486",(5)(8),SOFR+,5.25,,11/9/2030,
oscf-20250930,2025-09-30,Non-Control/Non-Affiliate Investments,"Next Holdco, LLC",Health Care Technology,First Lien Term Loan,9.48,"45,925","45,422","45,498",(5)(8),SOFR+,5.25,,11/12/2030,
oscf-20250930,2025-09-30,Non-Control/Non-Affiliate Investments,Nexus Buyer LLC,Specialized Finance,Second Lien Term Loan,9.91,"70,644","70,013","70,653",,SOFR+,5.75,,2/16/2032,
oscf-20250930,2025-09-30,Non-Control/Non-Affiliate Investments,"NFM & J, L.P.",Diversified Support Services,First Lien Term Loan,10.05,"1,372","1,238","1,284",(5)(8)(9),SOFR+,5.75,,11/10/2029,
oscf-20250930,2025-09-30,Non-Control/Non-Affiliate Investments,"NFM & J, L.P.",Diversified Support Services,First Lien Term Loan,10.08,"21,884","21,504","21,728",(5)(8),SOFR+,5.75,,11/10/2029,
oscf-20250930,2025-09-30,Non-Control/Non-Affiliate Investments,"NFM & J, L.P.",Diversified Support Services,First Lien Revolver,12,785,702,751,(5)(8)(9),PRIME+,4.75,,11/10/2029,
oscf-20250930,2025-09-30,Non-Control/Non-Affiliate Investments,Nidda BondCo GmbH,Health Care Services,First Lien Term Loan,8.72,"29,750","39,635","40,256",(5)(10),SONIA+,4.75,,5/28/2032,
oscf-20250930,2025-09-30,Non-Control/Non-Affiliate Investments,"North Star Acquisitionco, LLC",Education Services,First Lien Term Loan,8.72,"5,729","6,137","6,214",(5)(8)(9)(10),SOFR+,4.5,,5/3/2029,
oscf-20250930,2025-09-30,Non-Control/Non-Affiliate Investments,"North Star Acquisitionco, LLC",Education Services,First Lien Term Loan,8.5,"3,313","3,274","3,313",(5)(8),SOFR+,4.5,,5/3/2029,
oscf-20250930,2025-09-30,Non-Control/Non-Affiliate Investments,"North Star Acquisitionco, LLC",Education Services,First Lien Term Loan,8.47,"3,140","3,913","4,227",(5)(8)(10),SONIA+,4.5,,5/3/2029,
oscf-20250930,2025-09-30,Non-Control/Non-Affiliate Investments,"North Star Acquisitionco, LLC",Education Services,First Lien Term Loan,8.5,"36,168","35,736","36,168",(5)(8),SOFR+,4.5,,5/3/2029,
oscf-20250930,2025-09-30,Non-Control/Non-Affiliate Investments,"North Star Acquisitionco, LLC",Education Services,First Lien Term Loan,8.64,"68,811","6,192","6,896",(5)(8)(10),NIBOR+,4.5,,5/3/2029,
oscf-20250930,2025-09-30,Non-Control/Non-Affiliate Investments,"North Star Acquisitionco, LLC",Education Services,First Lien Term Loan,8.5,"27,846","27,746","27,846",(5)(8)(10),SOFR+,4.5,,5/3/2029,
oscf-20250930,2025-09-30,Non-Control/Non-Affiliate Investments,"North Star Acquisitionco, LLC",Education Services,First Lien Revolver,,—,-24,0,(5)(8)(9)(10),SOFR+,4.5,,5/3/2029,
oscf-20250930,2025-09-30,Non-Control/Non-Affiliate Investments,"North Star Acquisitionco, LLC",Education Services,First Lien Revolver,8.82,"1,657","1,604","1,657",(5)(8)(9),SOFR+,4.5,,5/3/2029,
oscf-20250930,2025-09-30,Non-Control/Non-Affiliate Investments,OFSI Fund Ltd,Multi-Sector Holdings,CLO Notes,11.81,"1,105","1,052","1,089",(5)(10),SOFR+,7.48,,4/20/2034,
oscf-20250930,2025-09-30,Non-Control/Non-Affiliate Investments,"OneOncology, LLC",Health Care Services,First Lien Term Loan,9,"17,008","16,838","17,008",(5)(8),SOFR+,5,,6/10/2030,
oscf-20250930,2025-09-30,Non-Control/Non-Affiliate Investments,"OneOncology, LLC",Health Care Services,First Lien Term Loan,8.75,"8,475","8,263","8,475",(5)(8),SOFR+,4.75,,6/10/2030,
oscf-20250930,2025-09-30,Non-Control/Non-Affiliate Investments,"OneOncology, LLC",Health Care Services,First Lien Term Loan,8.75,"50,432","49,898","49,807",(5)(8)(9),SOFR+,4.75,,6/10/2030,
oscf-20250930,2025-09-30,Non-Control/Non-Affiliate Investments,"OneOncology, LLC",Health Care Services,First Lien Term Loan,9,"22,764","22,536","22,764",(5)(8),SOFR+,5,,6/10/2030,
oscf-20250930,2025-09-30,Non-Control/Non-Affiliate Investments,"OneOncology, LLC",Health Care Services,First Lien Term Loan,8.75,"22,427","22,052","22,203",(5)(8),SOFR+,4.75,,6/10/2030,
oscf-20250930,2025-09-30,Non-Control/Non-Affiliate Investments,"OneOncology, LLC",Health Care Services,First Lien Revolver,,—,-203,-179,(5)(8)(9),SOFR+,4.75,,6/11/2029,
oscf-20250930,2025-09-30,Non-Control/Non-Affiliate Investments,Optimizely North America Inc.,Application Software,First Lien Term Loan,9.16,"47,535","47,122","47,103",(5)(8)(10),SOFR+,5,,10/30/2031,
oscf-20250930,2025-09-30,Non-Control/Non-Affiliate Investments,Optimizely North America Inc.,Application Software,First Lien Revolver,,—,-62,-65,(5)(8)(9)(10),SOFR+,5,,10/30/2031,
oscf-20250930,2025-09-30,Non-Control/Non-Affiliate Investments,Optimizely Sweden Holdings AB,Application Software,First Lien Term Loan,7.15,"16,974","18,281","19,765",(5)(8)(10),E+,5.25,,10/30/2031,
oscf-20250930,2025-09-30,Non-Control/Non-Affiliate Investments,Optimizely Sweden Holdings AB,Application Software,First Lien Term Loan,9.47,"5,658","7,297","7,547",(5)(8)(10),SONIA+,5.5,,10/30/2031,
oscf-20250930,2025-09-30,Non-Control/Non-Affiliate Investments,PAI Financing Merger Sub LLC,Pharmaceuticals,First Lien Term Loan,8.5,"74,255","73,241","73,141",(5)(8),SOFR+,4.5,,2/13/2032,
oscf-20250930,2025-09-30,Non-Control/Non-Affiliate Investments,PAI Financing Merger Sub LLC,Pharmaceuticals,First Lien Revolver,,—,-216,-237,(5)(8)(9),SOFR+,4.5,,2/13/2032,
oscf-20250930,2025-09-30,Non-Control/Non-Affiliate Investments,Paratek Pharmaceuticals Inc,Pharmaceuticals,First Lien Term Loan,10.5,"18,387","18,222","18,295",(5)(8),SOFR+,6.5,,11/21/2028,
oscf-20250930,2025-09-30,Non-Control/Non-Affiliate Investments,Paulus Holdings Public Limited Company,Health Care Technology,Preferred Equity,,,"1,622","2,625",(8)(10)(14),,,,,"84,181"
oscf-20250930,2025-09-30,Non-Control/Non-Affiliate Investments,Paulus Holdings Public Limited Company,Health Care Technology,Warrants,,,356,576,(8)(10)(14),,,,,"18,492"
oscf-20250930,2025-09-30,Non-Control/Non-Affiliate Investments,Peraton Corp.,Aerospace & Defense,First Lien Term Loan,8.01,"7,374","7,340","6,238",-5,SOFR+,3.75,,2/1/2028,
oscf-20250930,2025-09-30,Non-Control/Non-Affiliate Investments,PetSmart LLC,Other Specialty Retail,First Lien Term Loan,8.14,"40,642","40,245","40,083",(5)(10),SOFR+,4,,8/1/2032,
oscf-20250930,2025-09-30,Non-Control/Non-Affiliate Investments,"PetVet Care Centers, LLC",Health Care Services,First Lien Term Loan,10.16,"72,358","71,299","66,562",(5)(8),SOFR+,6,,11/15/2030,
oscf-20250930,2025-09-30,Non-Control/Non-Affiliate Investments,"PetVet Care Centers, LLC",Health Care Services,First Lien Term Loan,,—,-96,-697,(5)(8)(9),SOFR+,6,,11/15/2030,
oscf-20250930,2025-09-30,Non-Control/Non-Affiliate Investments,"PetVet Care Centers, LLC",Health Care Services,First Lien Revolver,,—,-132,-678,(5)(8)(9),SOFR+,6,,11/15/2029,
oscf-20250930,2025-09-30,Non-Control/Non-Affiliate Investments,"PetVet Care Centers, LLC",Health Care Services,Preferred Equity,,,"6,211","7,175",(8)(14),,,,,"6,338"
oscf-20250930,2025-09-30,Non-Control/Non-Affiliate Investments,"Pluralsight, LLC",Application Software,First Lien Term Loan,7.2,"3,361","3,361","3,361",(5)(8),SOFR+,4.5,1.5,8/22/2029,
oscf-20250930,2025-09-30,Non-Control/Non-Affiliate Investments,"Pluralsight, LLC",Application Software,First Lien Term Loan,7.2,"1,940","1,940","1,940",(5)(8),SOFR+,4.5,1.5,8/22/2029,
oscf-20250930,2025-09-30,Non-Control/Non-Affiliate Investments,"Pluralsight, LLC",Application Software,First Lien Term Loan,,"5,623","5,623","5,623",(5)(8),SOFR+,7.5,11.7,8/22/2029,
oscf-20250930,2025-09-30,Non-Control/Non-Affiliate Investments,"Pluralsight, LLC",Application Software,First Lien Term Loan,,—,0,0,(5)(8)(9),SOFR+,4.5,,8/22/2029,
oscf-20250930,2025-09-30,Non-Control/Non-Affiliate Investments,"Pluralsight, LLC",Application Software,First Lien Revolver,,—,0,0,(5)(8)(9),SOFR+,4.5,,8/22/2029,
oscf-20250930,2025-09-30,Non-Control/Non-Affiliate Investments,"Pluralsight, LLC",Application Software,Common Stock,,,"5,540","3,085",(8)(14),,,,,"1,658,698"
oscf-20250930,2025-09-30,Non-Control/Non-Affiliate Investments,Poseidon Midco AB,Pharmaceuticals,First Lien Term Loan,9.75,"23,063","22,832","23,063",(5)(8)(9)(10),SOFR+,5.5,,9/17/2031,
oscf-20250930,2025-09-30,Non-Control/Non-Affiliate Investments,Poseidon Midco AB,Pharmaceuticals,First Lien Term Loan,,—,-194,-202,(5)(8)(9)(10),E+,5,,9/17/2031,
oscf-20250930,2025-09-30,Non-Control/Non-Affiliate Investments,Poseidon Midco AB,Pharmaceuticals,First Lien Term Loan,7.31,"50,768","55,252","59,652",(5)(8)(10),E+,5.25,,9/17/2031,
oscf-20250930,2025-09-30,Non-Control/Non-Affiliate Investments,"PPW Aero Buyer, Inc.",Aerospace & Defense,First Lien Term Loan,,—,-18,-18,(5)(8)(9),SOFR+,5,,9/30/2031,
oscf-20250930,2025-09-30,Non-Control/Non-Affiliate Investments,"PPW Aero Buyer, Inc.",Aerospace & Defense,First Lien Revolver,,—,-87,-7,(5)(8)(9),SOFR+,5,,9/30/2031,
oscf-20250930,2025-09-30,Non-Control/Non-Affiliate Investments,"PPW Aero Buyer, Inc.",Aerospace & Defense,First Lien Term Loan,9,"18,573","18,565","18,565",(5)(8),SOFR+,5,,9/30/2031,
oscf-20250930,2025-09-30,Non-Control/Non-Affiliate Investments,"PPW Aero Buyer, Inc.",Aerospace & Defense,First Lien Term Loan,9,"10,349","10,245","10,349",(5)(8),SOFR+,5,,9/30/2031,
oscf-20250930,2025-09-30,Non-Control/Non-Affiliate Investments,"PPW Aero Buyer, Inc.",Aerospace & Defense,First Lien Term Loan,,—,-11,0,(5)(8)(9),SOFR+,5,,9/30/2031,
oscf-20250930,2025-09-30,Non-Control/Non-Affiliate Investments,"PPW Aero Buyer, Inc.",Aerospace & Defense,First Lien Term Loan,9,"36,789","36,716","36,789",,SOFR+,5,,9/30/2031,
oscf-20250930,2025-09-30,Non-Control/Non-Affiliate Investments,"PPW Aero Buyer, Inc.",Aerospace & Defense,First Lien Term Loan,9,"26,220","25,490","26,220",,SOFR+,5,,9/30/2031,
oscf-20250930,2025-09-30,Non-Control/Non-Affiliate Investments,"Profrac Holdings II, LLC",Industrial Machinery & Supplies & Components,First Lien Floating Rate Bond,11.23,"58,690","58,103","58,068",(5)(8)(10),SOFR+,7.25,,1/23/2029,
oscf-20250930,2025-09-30,Non-Control/Non-Affiliate Investments,"Project Accelerate Parent, LLC",Systems Software,First Lien Term Loan,9.41,"43,203","42,870","43,203",(5)(8),SOFR+,5.25,,2/24/2031,
oscf-20250930,2025-09-30,Non-Control/Non-Affiliate Investments,"Project Accelerate Parent, LLC",Systems Software,First Lien Revolver,,—,-48,0,(5)(8)(9),SOFR+,5.25,,2/22/2031,
oscf-20250930,2025-09-30,Non-Control/Non-Affiliate Investments,"Propio LS, LLC",Diversified Support Services,First Lien Term Loan,8.75,"10,189","10,087","10,097",,SOFR+,4.75,,5/10/2030,
oscf-20250930,2025-09-30,Non-Control/Non-Affiliate Investments,"Propio LS, LLC",Diversified Support Services,First Lien Term Loan,9.05,"27,834","27,555","27,583",(5)(8),SOFR+,4.75,,5/10/2030,
oscf-20250930,2025-09-30,Non-Control/Non-Affiliate Investments,"Propio LS, LLC",Diversified Support Services,First Lien Revolver,,—,-10,-9,(5)(8)(9),SOFR+,4.75,,5/10/2030,
oscf-20250930,2025-09-30,Non-Control/Non-Affiliate Investments,Prosper Credit Card 2024-1,Specialized Finance,CLO Notes,7.15,"5,240","5,227","5,260",(8)(10),,,,10/15/2034,
oscf-20250930,2025-09-30,Non-Control/Non-Affiliate Investments,Prosper Credit Card 2024-1,Specialized Finance,CLO Notes,10.05,"5,471","5,391","5,450",(8)(10),,,,10/15/2034,
oscf-20250930,2025-09-30,Non-Control/Non-Affiliate Investments,Prosper Credit Card 2024-1,Specialized Finance,CLO Notes,14.64,"7,289","7,289","7,314",(8)(10),,,,10/15/2034,
oscf-20250930,2025-09-30,Non-Control/Non-Affiliate Investments,"Protein for Pets Opco, LLC",Packaged Foods & Meats,First Lien Term Loan,9.41,"62,936","61,973","61,633",(5)(8),SOFR+,5.25,,9/20/2030,
oscf-20250930,2025-09-30,Non-Control/Non-Affiliate Investments,"Protein for Pets Opco, LLC",Packaged Foods & Meats,First Lien Revolver,9.41,"1,793","1,691","1,655",(5)(8)(9),SOFR+,5.25,,9/20/2030,
oscf-20250930,2025-09-30,Non-Control/Non-Affiliate Investments,Quantum Bidco Limited,Food Distributors,First Lien Term Loan,9.74,"27,922","35,193","37,590",(5)(8)(10),SONIA+,5.5,,1/31/2028,
oscf-20250930,2025-09-30,Non-Control/Non-Affiliate Investments,Renaissance Holding Corp.,Education Services,First Lien Term Loan,8.16,"38,792","35,989","33,720",-5,SOFR+,4,,4/5/2030,
oscf-20250930,2025-09-30,Non-Control/Non-Affiliate Investments,Rockford Tower CLO 2024-1,Multi-Sector Holdings,CLO Notes,11.81,"2,500","2,478","2,538",(5)(10),SOFR+,7.48,,4/20/2037,
oscf-20250930,2025-09-30,Non-Control/Non-Affiliate Investments,RWK Midco AB,Life Sciences Tools & Services,First Lien Term Loan,,—,-179,-165,(5)(8)(9)(10),SOFR+,4.75,,7/1/2032,
oscf-20250930,2025-09-30,Non-Control/Non-Affiliate Investments,RWK Midco AB,Life Sciences Tools & Services,First Lien Term Loan,8.91,"70,109","72,380","72,445",(5)(8)(10),SOFR+,4.75,,7/1/2032,
oscf-20250930,2025-09-30,Non-Control/Non-Affiliate Investments,Saratoga,Diversified Financial Services,Credit Linked Note,9.86,"91,668","91,282","93,043",(5)(8)(10)(12),SOFR+,5.33,,12/31/2029,
oscf-20250930,2025-09-30,Non-Control/Non-Affiliate Investments,Secure Acquisition Inc.,Paper & Plastic Packaging Products & Materials,First Lien Term Loan,7.75,"31,622","31,565","31,760",-5,SOFR+,3.75,,12/16/2028,
oscf-20250930,2025-09-30,Non-Control/Non-Affiliate Investments,SEI Holding I Corporation,Trading Companies & Distributors,First Lien Term Loan,9.18,"2,456","2,423","2,419",(5)(8),SOFR+,5,,3/27/2028,
oscf-20250930,2025-09-30,Non-Control/Non-Affiliate Investments,SEI Holding I Corporation,Trading Companies & Distributors,First Lien Term Loan,9.25,"3,332","3,269","3,251",(5)(8)(9),SOFR+,5,,3/27/2028,
oscf-20250930,2025-09-30,Non-Control/Non-Affiliate Investments,SEI Holding I Corporation,Trading Companies & Distributors,First Lien Revolver,,—,-38,-57,(5)(8)(9),SOFR+,5,,3/27/2028,
oscf-20250930,2025-09-30,Non-Control/Non-Affiliate Investments,SEI Holding I Corporation,Trading Companies & Distributors,First Lien Term Loan,,—,-29,-128,(5)(8)(9),SOFR+,5,,3/27/2028,
oscf-20250930,2025-09-30,Non-Control/Non-Affiliate Investments,SEI Holding I Corporation,Trading Companies & Distributors,First Lien Term Loan,9.16,"17,070","16,815","16,813",(5)(8),SOFR+,5,,3/27/2028,
oscf-20250930,2025-09-30,Non-Control/Non-Affiliate Investments,"Seres Therapeutics, Inc.",Biotechnology,Warrants,,,293,40,(8)(10)(14),,,,,"4,674"
oscf-20250930,2025-09-30,Non-Control/Non-Affiliate Investments,"Sierra Enterprises, LLC",Soft Drinks & Non-alcoholic Beverages,First Lien Term Loan,10,"57,240","56,444","56,484",(5)(8),SOFR+,6,,5/20/2030,
oscf-20250930,2025-09-30,Non-Control/Non-Affiliate Investments,"Sierra Enterprises, LLC",Soft Drinks & Non-alcoholic Beverages,First Lien Revolver,,—,-101,-96,(5)(8)(9),SOFR+,6,,5/20/2030,
oscf-20250930,2025-09-30,Non-Control/Non-Affiliate Investments,"Sorenson Communications, LLC",Communications Equipment,First Lien Term Loan,9.91,"82,936","81,759","81,609",(5)(8),SOFR+,5.75,,4/19/2029,
oscf-20250930,2025-09-30,Non-Control/Non-Affiliate Investments,"Sorenson Communications, LLC",Communications Equipment,First Lien Revolver,,—,-144,-159,(5)(8)(9),SOFR+,5.75,,4/19/2029,
oscf-20250930,2025-09-30,Non-Control/Non-Affiliate Investments,Sphynx UK Bidco Ltd,Packaged Foods & Meats,First Lien Term Loan,8.35,"8,490","5,469","5,557",,BBSW+,4.75,,9/2/2032,
oscf-20250930,2025-09-30,Non-Control/Non-Affiliate Investments,Sphynx UK Bidco Ltd,Packaged Foods & Meats,First Lien Term Loan,6.82,"4,699","5,412","5,452",,E+,4.75,,9/2/2032,
oscf-20250930,2025-09-30,Non-Control/Non-Affiliate Investments,Sphynx UK Bidco Ltd,Packaged Foods & Meats,First Lien Term Loan,8.72,"18,960","25,086","25,206",,SONIA+,4.75,,8/15/2032,
oscf-20250930,2025-09-30,Non-Control/Non-Affiliate Investments,Spruce Bidco I Inc.,Health Care Equipment,First Lien Term Loan,6,"2,257,303","14,379","15,068",(5)(8),TONA+,5.25,,1/30/2032,
oscf-20250930,2025-09-30,Non-Control/Non-Affiliate Investments,Spruce Bidco I Inc.,Health Care Equipment,First Lien Term Loan,7.72,"21,111","14,378","14,957",(5)(8),CORRA+,5,,1/30/2032,
oscf-20250930,2025-09-30,Non-Control/Non-Affiliate Investments,Spruce Bidco I Inc.,Health Care Equipment,First Lien Term Loan,9.13,"116,604","115,021","114,948",(5)(8),SOFR+,5,,1/30/2032,
oscf-20250930,2025-09-30,Non-Control/Non-Affiliate Investments,Spruce Bidco I Inc.,Health Care Equipment,First Lien Revolver,,—,-358,-377,(5)(8)(9),SOFR+,5,,1/30/2032,
oscf-20250930,2025-09-30,Non-Control/Non-Affiliate Investments,"Staples, Inc.",Office Services & Supplies,Fixed Rate Bond,10.75,"26,481","25,576","26,316",,,,,9/1/2029,
oscf-20250930,2025-09-30,Non-Control/Non-Affiliate Investments,"Staples, Inc.",Office Services & Supplies,First Lien Term Loan,10.05,"23,649","22,784","22,485",-5,SOFR+,5.75,,9/4/2029,
oscf-20250930,2025-09-30,Non-Control/Non-Affiliate Investments,"Star Parent, Inc.",Life Sciences Tools & Services,First Lien Term Loan,8,"65,183","64,063","65,265",-5,SOFR+,4,,9/27/2030,
oscf-20250930,2025-09-30,Non-Control/Non-Affiliate Investments,SumUp Holdings Luxembourg,Diversified Financial Services,First Lien Term Loan,8.52,"48,203","50,670","55,547",(5)(8)(9)(10),E+,6.5,,4/25/2031,
oscf-20250930,2025-09-30,Non-Control/Non-Affiliate Investments,"TBRS, Inc.",Health Care Supplies,First Lien Term Loan,8.75,"56,457","56,023","55,892",(5)(8),SOFR+,4.75,,11/22/2031,
oscf-20250930,2025-09-30,Non-Control/Non-Affiliate Investments,"TBRS, Inc.",Health Care Supplies,First Lien Term Loan,,—,-52,-33,(5)(8)(9),SOFR+,4.75,,11/22/2031,
oscf-20250930,2025-09-30,Non-Control/Non-Affiliate Investments,"TBRS, Inc.",Health Care Supplies,First Lien Revolver,8.95,468,403,392,(5)(8)(9),SOFR+,4.75,,11/22/2030,
oscf-20250930,2025-09-30,Non-Control/Non-Affiliate Investments,Ten-X LLC,Interactive Media & Services,First Lien Term Loan,10.04,"24,340","23,691","21,359",-5,SOFR+,6,,5/26/2028,
oscf-20250930,2025-09-30,Non-Control/Non-Affiliate Investments,"THG Acquisition, LLC",Insurance Brokers,First Lien Term Loan,8.91,"1,838","1,780","1,814",(5)(8)(9)(10),SOFR+,4.75,,10/31/2031,
oscf-20250930,2025-09-30,Non-Control/Non-Affiliate Investments,"THG Acquisition, LLC",Insurance Brokers,First Lien Term Loan,8.91,"50,579","50,140","50,469",(5)(8)(10),SOFR+,4.75,,10/31/2031,
oscf-20250930,2025-09-30,Non-Control/Non-Affiliate Investments,"THG Acquisition, LLC",Insurance Brokers,First Lien Revolver,8.91,421,372,410,(5)(8)(9)(10),SOFR+,4.75,,10/31/2031,
oscf-20250930,2025-09-30,Non-Control/Non-Affiliate Investments,Transit Buyer LLC,Diversified Support Services,First Lien Term Loan,,—,-9,-12,(5)(8)(9),SOFR+,5,,1/31/2029,
oscf-20250930,2025-09-30,Non-Control/Non-Affiliate Investments,Transit Buyer LLC,Diversified Support Services,First Lien Term Loan,9.03,"8,060","7,956","8,012",(5)(8),SOFR+,5,,1/31/2029,
oscf-20250930,2025-09-30,Non-Control/Non-Affiliate Investments,Transit Buyer LLC,Diversified Support Services,First Lien Term Loan,9.03,"3,801","3,759","3,778",(5)(8),SOFR+,5,,1/31/2029,
oscf-20250930,2025-09-30,Non-Control/Non-Affiliate Investments,Transit Buyer LLC,Diversified Support Services,First Lien Term Loan,9,"8,257","8,165","8,208",(5)(8),SOFR+,5,,1/31/2029,
oscf-20250930,2025-09-30,Non-Control/Non-Affiliate Investments,Trident TPI Holdings Inc,"Metal, Glass & Plastic Containers",First Lien Term Loan,7.75,"12,251","12,251","12,053",-5,SOFR+,3.75,,9/15/2028,
oscf-20250930,2025-09-30,Non-Control/Non-Affiliate Investments,Trinitas CLO VI Ltd.,Multi-Sector Holdings,CLO Notes,11.4,"2,785","2,627","2,746",(5)(10),SOFR+,7.08,,1/25/2034,
oscf-20250930,2025-09-30,Non-Control/Non-Affiliate Investments,"Truck-Lite Co., LLC",Construction Machinery & Heavy Transportation Equipment,First Lien Term Loan,8.89,"2,019","2,000","1,999",(5)(8),SOFR+,5,,2/13/2032,
oscf-20250930,2025-09-30,Non-Control/Non-Affiliate Investments,"Truck-Lite Co., LLC",Construction Machinery & Heavy Transportation Equipment,First Lien Term Loan,8.89,"7,720","7,523","7,530",(5)(8)(9),SOFR+,5,,2/13/2032,
oscf-20250930,2025-09-30,Non-Control/Non-Affiliate Investments,"Truck-Lite Co., LLC",Construction Machinery & Heavy Transportation Equipment,First Lien Term Loan,8.89,"76,676","75,554","75,925",(5)(8),SOFR+,5,,2/13/2032,
oscf-20250930,2025-09-30,Non-Control/Non-Affiliate Investments,"Truck-Lite Co., LLC",Construction Machinery & Heavy Transportation Equipment,First Lien Term Loan,,—,-41,-28,(5)(8)(9),SOFR+,5,,2/13/2032,
oscf-20250930,2025-09-30,Non-Control/Non-Affiliate Investments,"Truck-Lite Co., LLC",Construction Machinery & Heavy Transportation Equipment,First Lien Term Loan,,—,-69,-95,(5)(8)(9),SOFR+,5,,2/13/2032,
oscf-20250930,2025-09-30,Non-Control/Non-Affiliate Investments,"Truck-Lite Co., LLC",Construction Machinery & Heavy Transportation Equipment,First Lien Revolver,,—,-110,-76,(5)(8)(9),SOFR+,5,,2/13/2031,
oscf-20250930,2025-09-30,Non-Control/Non-Affiliate Investments,"US WorldMeds Ventures, LLC",Pharmaceuticals,First Lien Term Loan,,—,0,0,(5)(8)(9),SOFR+,6.25,,7/31/2030,
oscf-20250930,2025-09-30,Non-Control/Non-Affiliate Investments,"US WorldMeds Ventures, LLC",Pharmaceuticals,First Lien Term Loan,,—,0,0,(5)(8)(9),SOFR+,6.25,,7/31/2030,
oscf-20250930,2025-09-30,Non-Control/Non-Affiliate Investments,"US WorldMeds Ventures, LLC",Pharmaceuticals,First Lien Term Loan,10.25,"22,004","21,579","21,608",,SOFR+,6.25,,7/31/2030,
oscf-20250930,2025-09-30,Non-Control/Non-Affiliate Investments,"USIC Holdings, Inc.",Diversified Support Services,First Lien Term Loan,9.7,"1,240","1,240","1,241",(5)(8)(9),SOFR+,5.5,,9/10/2031,
oscf-20250930,2025-09-30,Non-Control/Non-Affiliate Investments,"USIC Holdings, Inc.",Diversified Support Services,First Lien Term Loan,6.82,"16,907","16,738","16,910",(5)(8),SOFR+,5.75,3.13,9/10/2031,
oscf-20250930,2025-09-30,Non-Control/Non-Affiliate Investments,"USIC Holdings, Inc.",Diversified Support Services,First Lien Revolver,9.48,"2,055","2,005","2,055",(5)(8)(9),SOFR+,5.25,,9/10/2031,
oscf-20250930,2025-09-30,Non-Control/Non-Affiliate Investments,"USIC Holdings, Inc.",Diversified Support Services,First Lien Term Loan,9.7,"45,964","45,573","45,973",,SOFR+,5.5,,9/10/2031,
oscf-20250930,2025-09-30,Non-Control/Non-Affiliate Investments,"Verde Purchaser, LLC",Trading Companies & Distributors,First Lien Term Loan,8,"16,191","16,121","16,051",-5,SOFR+,4,,11/30/2030,
oscf-20250930,2025-09-30,Non-Control/Non-Affiliate Investments,"Verona Pharma, Inc.",Pharmaceuticals,First Lien Term Loan,9.7,"6,308","6,182","6,529",(8)(10),,,,5/9/2029,
oscf-20250930,2025-09-30,Non-Control/Non-Affiliate Investments,"Verona Pharma, Inc.",Pharmaceuticals,First Lien Term Loan,9.7,"6,758","6,623","6,995",(8)(10),,,,5/9/2029,
oscf-20250930,2025-09-30,Non-Control/Non-Affiliate Investments,"Verona Pharma, Inc.",Pharmaceuticals,First Lien Term Loan,9.7,"4,956","4,885","5,129",(8)(10),,,,5/9/2029,
oscf-20250930,2025-09-30,Non-Control/Non-Affiliate Investments,"Verona Pharma, Inc.",Pharmaceuticals,First Lien Term Loan,11,—,0,0,(8)(9)(10),,,,5/9/2029,
oscf-20250930,2025-09-30,Non-Control/Non-Affiliate Investments,Violin Finco Guernsey Limited,Asset Management & Custody Banks,First Lien Term Loan,,—,-16,0,(5)(8)(9)(10),SONIA+,5.25,,6/24/2031,
oscf-20250930,2025-09-30,Non-Control/Non-Affiliate Investments,Violin Finco Guernsey Limited,Asset Management & Custody Banks,First Lien Term Loan,9.22,"40,334","50,761","54,300",(5)(8)(10),SONIA+,5.25,,6/24/2031,
oscf-20250930,2025-09-30,Non-Control/Non-Affiliate Investments,Werner Finco LP,Building Products,First Lien Term Loan,9.52,"48,905","48,208","48,245",(5)(8),SOFR+,5.5,,6/16/2031,
oscf-20250930,2025-09-30,Non-Control/Non-Affiliate Investments,West Star Aviation Acquisition LLC,Aerospace & Defense,First Lien Term Loan,,—,-52,0,(5)(8)(9),SOFR+,4.5,,5/20/2032,
oscf-20250930,2025-09-30,Non-Control/Non-Affiliate Investments,West Star Aviation Acquisition LLC,Aerospace & Defense,First Lien Term Loan,8.66,"66,145","65,649","66,040",(5)(8),SOFR+,4.5,,5/20/2032,
oscf-20250930,2025-09-30,Non-Control/Non-Affiliate Investments,West Star Aviation Acquisition LLC,Aerospace & Defense,First Lien Revolver,8.67,"1,850","1,781","1,835",(5)(8)(9),SOFR+,4.5,,5/20/2032,
oscf-20250930,2025-09-30,Non-Control/Non-Affiliate Investments,"Whitney Merger Sub, Inc.",Application Software,First Lien Term Loan,8.75,"68,401","67,717","67,765",(5)(8),SOFR+,4.75,,7/3/2032,
oscf-20250930,2025-09-30,Non-Control/Non-Affiliate Investments,"Whitney Merger Sub, Inc.",Application Software,First Lien Revolver,,—,-98,-91,(5)(8)(9),SOFR+,4.75,,7/3/2032,
oscf-20250930,2025-09-30,Non-Control/Non-Affiliate Investments,Woodmont 2022-9 Trust,Multi-Sector Holdings,CLO Notes,12.09,"9,385","9,298","9,282",(5)(10),SOFR+,7.77,,10/25/2036,
oscf-20250930,2025-09-30,Non-Control/Non-Affiliate Investments,"WP CPP Holdings, LLC",Aerospace & Defense,First Lien Term Loan,7.29,"2,636","2,636","2,639",(5)(8),SOFR+,7,3.88,11/29/2029,
oscf-20250930,2025-09-30,Non-Control/Non-Affiliate Investments,"WP CPP Holdings, LLC",Aerospace & Defense,First Lien Term Loan,7.29,"55,625","54,718","55,653",(5)(8),SOFR+,7,3.88,11/28/2029,
oscf-20250930,2025-09-30,Non-Control/Non-Affiliate Investments,"WP CPP Holdings, LLC",Aerospace & Defense,First Lien Revolver,,—,-101,-17,(5)(8)(9),SOFR+,7,,11/28/2029,
oscf-20250930,2025-09-30,Non-Control/Non-Affiliate Investments,X Holdings Corp.,Interactive Media & Services,First Lien Term Loan,10.96,"23,535","23,486","23,119",-5,SOFR+,6.5,,10/26/2029,
oscf-20250930,2025-09-30,Non-Control/Non-Affiliate Investments,X Holdings Corp.,Interactive Media & Services,First Lien Term Loan,9.5,"10,000","9,751","10,045",,,,,10/26/2029,
oscf-20251231,2025-12-31,Non-Control/Non-Affiliate Investments,107-109 Beech OAK22 LLC,Real Estate Development,First Lien Revolver,11,"9,600","9,593","9,600",(8)(9),,,,2/27/2026,
oscf-20251231,2025-12-31,Non-Control/Non-Affiliate Investments,1261229 BC LTD,Pharmaceuticals,Fixed Rate Bond,10,"22,200","22,200","23,105",-10,,,,4/15/2032,
oscf-20251231,2025-12-31,Non-Control/Non-Affiliate Investments,1261229 BC LTD,Pharmaceuticals,First Lien Term Loan,9.97,"47,561","46,529","46,574",(5)(10),SOFR+,6.25,,10/8/2030,
oscf-20251231,2025-12-31,Non-Control/Non-Affiliate Investments,"1440 Foods Topco, LLC",Packaged Foods & Meats,First Lien Term Loan,8.72,"61,824","58,946","58,887",-5,SOFR+,5,,10/31/2031,
oscf-20251231,2025-12-31,Non-Control/Non-Affiliate Investments,"Access CIG, LLC",Diversified Support Services,First Lien Term Loan,7.72,"65,253","64,908","63,132",-5,SOFR+,4,,8/19/2030,
oscf-20251231,2025-12-31,Non-Control/Non-Affiliate Investments,ACESO Holding 4 S.A.R.L.,Health Care Services,First Lien Term Loan,7.87,"8,508","9,816","9,877",(5)(8)(10),E+,5.75,,9/27/2031,
oscf-20251231,2025-12-31,Non-Control/Non-Affiliate Investments,ACESO Holding 4 S.a.r.l.,Health Care Services,First Lien Term Loan,7.87,"39,777","45,755","46,179",(5)(8)(10),E+,5.75,,9/30/2031,
oscf-20251231,2025-12-31,Non-Control/Non-Affiliate Investments,ACESO Holding 4 S.A.R.L.,Health Care Services,First Lien Term Loan,7.87,"34,034","37,367","39,512",(5)(8)(10),E+,5.75,,9/27/2031,
oscf-20251231,2025-12-31,Non-Control/Non-Affiliate Investments,ACP Falcon Buyer Inc,Systems Software,First Lien Term Loan,9.49,"33,973","33,365","33,973",(5)(8),SOFR+,5.5,,8/1/2029,
oscf-20251231,2025-12-31,Non-Control/Non-Affiliate Investments,ACP Falcon Buyer Inc,Systems Software,First Lien Revolver,,—,-95,0,(5)(8)(9),SOFR+,5.5,,8/1/2029,
oscf-20251231,2025-12-31,Non-Control/Non-Affiliate Investments,Acquia Inc.,Application Software,First Lien Term Loan,9.59,"11,166","11,100","11,166",(5)(8),SOFR+,5.5,,10/30/2026,
oscf-20251231,2025-12-31,Non-Control/Non-Affiliate Investments,ADC Therapeutics SA,Biotechnology,First Lien Term Loan,11.32,"10,406","10,130","10,280",(5)(8)(10),SOFR+,7.5,,8/15/2029,
oscf-20251231,2025-12-31,Non-Control/Non-Affiliate Investments,ADC Therapeutics SA,Biotechnology,Warrants,,,275,52,(8)(10)(14),,,,,"45,727"
oscf-20251231,2025-12-31,Non-Control/Non-Affiliate Investments,AIP RD Buyer Corp.,Distributors,Common Stock,,,428,654,(8)(14),,,,,"4,560"
oscf-20251231,2025-12-31,Non-Control/Non-Affiliate Investments,"American Auto Auction Group, LLC",Diversified Support Services,First Lien Term Loan,8.17,"22,825","22,654","22,479",-5,SOFR+,4.5,,5/28/2032,
oscf-20251231,2025-12-31,Non-Control/Non-Affiliate Investments,Arches Buyer Inc.,Interactive Media & Services,First Lien Term Loan,9.22,"92,554","91,875","92,554",(5)(8),SOFR+,5.5,,12/6/2027,
oscf-20251231,2025-12-31,Non-Control/Non-Affiliate Investments,"Artera Services, LLC",Construction & Engineering,Fixed Rate Bond,8.5,"25,234","23,269","20,972",,,,,2/15/2031,
oscf-20251231,2025-12-31,Non-Control/Non-Affiliate Investments,"Artera Services, LLC",Construction & Engineering,First Lien Term Loan,8.17,"53,397","52,968","43,474",-5,SOFR+,4.5,,2/15/2031,
oscf-20251231,2025-12-31,Non-Control/Non-Affiliate Investments,ASP Integrity Acquisition Co LLC,Diversified Support Services,First Lien Term Loan,,—,-53,-280,(5)(8)(9),SOFR+,5,,3/6/2032,
oscf-20251231,2025-12-31,Non-Control/Non-Affiliate Investments,ASP Integrity Acquisition Co LLC,Diversified Support Services,First Lien Term Loan,8.74,"47,502","46,873","45,835",(5)(8),SOFR+,5,,3/6/2032,
oscf-20251231,2025-12-31,Non-Control/Non-Affiliate Investments,ASP Integrity Acquisition Co LLC,Diversified Support Services,First Lien Revolver,10.75,"2,393","2,277","2,079",(5)(8)(9),PRIME+,4,,3/6/2031,
oscf-20251231,2025-12-31,Non-Control/Non-Affiliate Investments,ASP-R-PAC Acquisition Co LLC,Paper & Plastic Packaging Products & Materials,First Lien Term Loan,9.84,985,979,972,(5)(8)(10),SOFR+,6,,12/29/2027,
oscf-20251231,2025-12-31,Non-Control/Non-Affiliate Investments,ASP-R-PAC Acquisition Co LLC,Paper & Plastic Packaging Products & Materials,First Lien Term Loan,10.1,"4,751","4,719","4,690",(5)(8)(10),SOFR+,6,,12/29/2027,
oscf-20251231,2025-12-31,Non-Control/Non-Affiliate Investments,ASP-R-PAC Acquisition Co LLC,Paper & Plastic Packaging Products & Materials,First Lien Revolver,9.83,458,454,451,(5)(8)(9)(10),SOFR+,6,,12/29/2027,
oscf-20251231,2025-12-31,Non-Control/Non-Affiliate Investments,Astra Acquisition Corp.,Application Software,First Lien Term Loan,,590,590,593,(5)(8),SOFR+,8.75,12.63,3/31/2026,
oscf-20251231,2025-12-31,Non-Control/Non-Affiliate Investments,Astra Acquisition Corp.,Application Software,First Lien Term Loan,,274,209,275,(5)(8),SOFR+,8.75,12.74,3/31/2026,
oscf-20251231,2025-12-31,Non-Control/Non-Affiliate Investments,Astra Acquisition Corp.,Application Software,First Lien Term Loan,,"7,337","6,453","2,935",(5)(8)(11),SOFR+,6.75,,2/25/2028,
oscf-20251231,2025-12-31,Non-Control/Non-Affiliate Investments,Astra Acquisition Corp.,Application Software,First Lien Term Loan,,"8,316","6,324",0,(5)(8)(11),SOFR+,5.25,,10/25/2028,
oscf-20251231,2025-12-31,Non-Control/Non-Affiliate Investments,"Asurion, LLC",Property & Casualty Insurance,First Lien Term Loan,7.82,"25,311","25,235","25,371",-5,SOFR+,4,,8/19/2028,
oscf-20251231,2025-12-31,Non-Control/Non-Affiliate Investments,"Asurion, LLC",Property & Casualty Insurance,First Lien Term Loan,8.07,"33,607","33,152","33,708",-5,SOFR+,4.25,,8/19/2028,
oscf-20251231,2025-12-31,Non-Control/Non-Affiliate Investments,"Asurion, LLC",Property & Casualty Insurance,First Lien Term Loan,7.97,"18,656","18,147","18,672",-5,SOFR+,4.25,,9/19/2030,
oscf-20251231,2025-12-31,Non-Control/Non-Affiliate Investments,athenahealth Group Inc.,Health Care Technology,Preferred Equity,,,"6,140","8,613",(8)(13)(14),,,,,"5,809"
oscf-20251231,2025-12-31,Non-Control/Non-Affiliate Investments,"Atlas Borrower, LLC",Health Care Services,First Lien Term Loan,8.17,"58,141","57,559","57,600",(5)(8),SOFR+,4.5,,9/4/2032,
oscf-20251231,2025-12-31,Non-Control/Non-Affiliate Investments,"Atlas Borrower, LLC",Health Care Services,First Lien Revolver,,—,-99,-92,(5)(8)(9),SOFR+,4.5,,9/4/2032,
oscf-20251231,2025-12-31,Non-Control/Non-Affiliate Investments,Aurelia Netherlands B.V.,Interactive Media & Services,First Lien Term Loan,6.76,"99,155","110,705","116,453",(5)(8)(10),E+,4.75,,5/29/2031,
oscf-20251231,2025-12-31,Non-Control/Non-Affiliate Investments,Aurora Lux Finco S.A.R.L,Application Software,First Lien Term Loan,8.92,"40,000","39,225","39,875",(5)(10),SOFR+,5.25,,9/26/2032,
oscf-20251231,2025-12-31,Non-Control/Non-Affiliate Investments,AVSC Holding Corp.,Specialized Consumer Services,First Lien Term Loan,8.72,"121,015","118,966","118,849",(5)(8),SOFR+,5,,12/5/2031,
oscf-20251231,2025-12-31,Non-Control/Non-Affiliate Investments,AVSC Holding Corp.,Specialized Consumer Services,First Lien Revolver,,—,-205,-217,(5)(8)(9),SOFR+,5,,12/5/2029,
oscf-20251231,2025-12-31,Non-Control/Non-Affiliate Investments,Ballyrock CLO 19,Multi-Sector Holdings,CLO Notes,10.99,"2,220","2,223","2,194",(5)(10),SOFR+,7.11,,4/20/2035,
oscf-20251231,2025-12-31,Non-Control/Non-Affiliate Investments,"Bamboo Ide8 Insurance Services, LLC",Property & Casualty Insurance,First Lien Term Loan,8.82,"20,000","19,850","19,850",(5)(8),SOFR+,5,,1/24/2031,
oscf-20251231,2025-12-31,Non-Control/Non-Affiliate Investments,"Bamboo Ide8 Insurance Services, LLC",Property & Casualty Insurance,First Lien Revolver,,—,-36,-36,(5)(8)(9),SOFR+,5,,1/24/2031,
oscf-20251231,2025-12-31,Non-Control/Non-Affiliate Investments,Bamboo US Bidco LLC,Health Care Equipment,First Lien Term Loan,8.84,"3,242","3,216","3,209",(5)(8),SOFR+,5,,9/30/2030,
oscf-20251231,2025-12-31,Non-Control/Non-Affiliate Investments,Bamboo US Bidco LLC,Health Care Equipment,First Lien Term Loan,8.98,"2,704","2,693","2,672",(5)(8)(9),SOFR+,5,,9/30/2030,
oscf-20251231,2025-12-31,Non-Control/Non-Affiliate Investments,Bamboo US Bidco LLC,Health Care Equipment,First Lien Term Loan,8.84,"3,874","3,811","3,836",(5)(8),SOFR+,5,,9/30/2030,
oscf-20251231,2025-12-31,Non-Control/Non-Affiliate Investments,Bamboo US Bidco LLC,Health Care Equipment,First Lien Term Loan,7.07,"15,757","16,375","18,321",(5)(8),E+,5,,9/30/2030,
oscf-20251231,2025-12-31,Non-Control/Non-Affiliate Investments,Bamboo US Bidco LLC,Health Care Equipment,First Lien Term Loan,8.84,"25,325","24,829","25,072",(5)(8),SOFR+,5,,9/30/2030,
oscf-20251231,2025-12-31,Non-Control/Non-Affiliate Investments,Bamboo US Bidco LLC,Health Care Equipment,First Lien Revolver,,—,-97,-52,(5)(8)(9),SOFR+,5,,10/1/2029,
oscf-20251231,2025-12-31,Non-Control/Non-Affiliate Investments,"Barracuda Parent, LLC",Systems Software,First Lien Term Loan,10.34,"48,886","47,682","46,197",(5)(8),SOFR+,6.5,,8/15/2029,
oscf-20251231,2025-12-31,Non-Control/Non-Affiliate Investments,"Bayou Intermediate II, LLC",Health Care Supplies,First Lien Term Loan,8.48,"4,193","4,119","4,095",(5)(8)(9),SOFR+,4.75,,9/30/2032,
oscf-20251231,2025-12-31,Non-Control/Non-Affiliate Investments,"Bayou Intermediate II, LLC",Health Care Supplies,First Lien Term Loan,8.42,"38,756","38,368","38,396",(5)(8),SOFR+,4.75,,9/30/2032,
oscf-20251231,2025-12-31,Non-Control/Non-Affiliate Investments,"Bayou Intermediate II, LLC",Health Care Supplies,First Lien Revolver,,—,-56,-52,(5)(8)(9),SOFR+,4.75,,9/30/2032,
oscf-20251231,2025-12-31,Non-Control/Non-Affiliate Investments,Beach Acquisition Bidco LLC,Footwear,Fixed Rate Bond,10,"31,650","31,650","34,962",,,,,7/15/2033,
oscf-20251231,2025-12-31,Non-Control/Non-Affiliate Investments,"BG MS US Holdings, LLC",Aerospace & Defense,First Lien Term Loan,8.42,"38,000","37,264","38,000",-5,SOFR+,4.75,,10/17/2032,
oscf-20251231,2025-12-31,Non-Control/Non-Affiliate Investments,"BioXcel Therapeutics, Inc.",Pharmaceuticals,First Lien Term Loan,13,"3,545","3,511","3,100",(8)(10),,,,4/19/2027,
oscf-20251231,2025-12-31,Non-Control/Non-Affiliate Investments,"BioXcel Therapeutics, Inc.",Pharmaceuticals,First Lien Term Loan,13,"1,470","1,469","1,285",(8)(10),,,,4/19/2027,
oscf-20251231,2025-12-31,Non-Control/Non-Affiliate Investments,"BioXcel Therapeutics, Inc.",Pharmaceuticals,Common Stock,,,0,20,(10)(14),,,,,"12,702"
oscf-20251231,2025-12-31,Non-Control/Non-Affiliate Investments,"BioXcel Therapeutics, Inc.",Pharmaceuticals,Warrants,,,0,0,(8)(10)(14),,,,,279
oscf-20251231,2025-12-31,Non-Control/Non-Affiliate Investments,"BioXcel Therapeutics, Inc.",Pharmaceuticals,Warrants,,,74,1,(8)(10)(14),,,,,975
oscf-20251231,2025-12-31,Non-Control/Non-Affiliate Investments,"Biscuit Parent, LLC",Application Software,First Lien Term Loan,8.42,"8,203","8,103","8,203",(5)(8)(9),SOFR+,4.75,,2/27/2031,
oscf-20251231,2025-12-31,Non-Control/Non-Affiliate Investments,"Biscuit Parent, LLC",Application Software,First Lien Term Loan,8.42,"32,701","32,436","32,701",(5)(8),SOFR+,4.75,,2/27/2031,
oscf-20251231,2025-12-31,Non-Control/Non-Affiliate Investments,"Biscuit Parent, LLC",Application Software,First Lien Term Loan,8.42,"49,250","48,706","49,250",(5)(8),SOFR+,4.75,,2/27/2031,
oscf-20251231,2025-12-31,Non-Control/Non-Affiliate Investments,"Biscuit Parent, LLC",Application Software,First Lien Revolver,,—,-166,0,(5)(8)(9),SOFR+,4.75,,2/27/2031,
oscf-20251231,2025-12-31,Non-Control/Non-Affiliate Investments,"Blazing Star Parent, LLC",Drug Retail,First Lien Term Loan,10.82,"85,868","83,869","83,970",(5)(8),SOFR+,7,,8/28/2030,
oscf-20251231,2025-12-31,Non-Control/Non-Affiliate Investments,Blue Bidco Ltd,Wireless Telecommunication Services,First Lien Term Loan,9.26,"3,381","3,340","3,330",(5)(8)(9)(10),SOFR+,5,,6/14/2032,
oscf-20251231,2025-12-31,Non-Control/Non-Affiliate Investments,Blue Bidco Ltd,Wireless Telecommunication Services,First Lien Term Loan,7.17,"5,593","6,418","6,509",(5)(8)(10),E+,5,,6/14/2032,
oscf-20251231,2025-12-31,Non-Control/Non-Affiliate Investments,Blue Bidco Ltd,Wireless Telecommunication Services,First Lien Term Loan,8.68,"1,644","1,629","1,629",(5)(8)(10),SOFR+,5,,6/14/2032,
oscf-20251231,2025-12-31,Non-Control/Non-Affiliate Investments,Blue Bidco Ltd,Wireless Telecommunication Services,First Lien Term Loan,8.73,"8,475","11,415","11,295",(5)(8)(10),SONIA+,5,,6/14/2032,
oscf-20251231,2025-12-31,Non-Control/Non-Affiliate Investments,BOTA BIDCO GMBH,Diversified Chemicals,First Lien Term Loan,5.9,"9,022","8,912","10,272",(5)(8)(10),E+,4,,10/31/2029,
oscf-20251231,2025-12-31,Non-Control/Non-Affiliate Investments,BOTA BIDCO GMBH,Diversified Chemicals,First Lien Term Loan,6.38,"36,081","35,564","40,290",(5)(8)(10),E+,4.5,,10/31/2030,
oscf-20251231,2025-12-31,Non-Control/Non-Affiliate Investments,CD&R Firefly Bidco Limited,Other Specialty Retail,First Lien Term Loan,8.48,"23,022","28,850","31,275",(5)(10),SONIA+,4.75,,4/29/2029,
oscf-20251231,2025-12-31,Non-Control/Non-Affiliate Investments,"Centralsquare Technologies, LLC",Application Software,First Lien Term Loan,9.47,"30,965","30,441","30,927",(5)(8),SOFR+,5.75,,4/12/2030,
oscf-20251231,2025-12-31,Non-Control/Non-Affiliate Investments,"Centralsquare Technologies, LLC",Application Software,First Lien Revolver,,—,-60,-2,(5)(8)(9),SOFR+,5.75,,4/12/2030,
oscf-20251231,2025-12-31,Non-Control/Non-Affiliate Investments,Cielo Bidco Limited,Building Products,First Lien Term Loan,6.65,"2,509","2,878","2,892",(5)(8)(9)(10),E+,4.75,,3/31/2032,
oscf-20251231,2025-12-31,Non-Control/Non-Affiliate Investments,Cielo Bidco Limited,Building Products,First Lien Term Loan,8.47,"39,461","52,954","52,583",(5)(8)(10),SONIA+,4.75,,3/31/2032,
oscf-20251231,2025-12-31,Non-Control/Non-Affiliate Investments,Cielo Bidco Limited,Building Products,First Lien Term Loan,6.65,"9,166","10,599","10,665",(5)(8)(10),E+,4.75,,3/31/2032,
oscf-20251231,2025-12-31,Non-Control/Non-Affiliate Investments,"Cloud Software Group, Inc.",Application Software,First Lien Term Loan,6.92,"13,895","13,813","13,929",-5,SOFR+,3.25,,3/24/2031,
oscf-20251231,2025-12-31,Non-Control/Non-Affiliate Investments,Colony Holding Corporation,Distributors,First Lien Term Loan,10.42,"3,851","3,832","3,799",(5)(8),SOFR+,6.5,,11/13/2026,
oscf-20251231,2025-12-31,Non-Control/Non-Affiliate Investments,Colony Holding Corporation,Distributors,First Lien Term Loan,10.44,"11,843","11,761","11,684",(5)(8),SOFR+,6.5,,11/13/2026,
oscf-20251231,2025-12-31,Non-Control/Non-Affiliate Investments,Condor Merger Sub Inc.,Systems Software,Fixed Rate Bond,7.38,"22,277","20,976","19,451",,,,,2/15/2030,
oscf-20251231,2025-12-31,Non-Control/Non-Affiliate Investments,Connect Holding II LLC,Alternative Carriers,Fixed Rate Bond,10.5,"12,030","11,691","11,407",,,,,4/3/2031,
oscf-20251231,2025-12-31,Non-Control/Non-Affiliate Investments,Connect Holding II LLC,Alternative Carriers,First Lien Term Loan,7.99,"40,830","37,866","35,688",-5,SOFR+,4.25,,4/3/2031,
oscf-20251231,2025-12-31,Non-Control/Non-Affiliate Investments,"Coupa Holdings, LLC",Application Software,First Lien Term Loan,,—,-9,3,(5)(8)(9),SOFR+,5.25,,2/27/2030,
oscf-20251231,2025-12-31,Non-Control/Non-Affiliate Investments,"Coupa Holdings, LLC",Application Software,First Lien Term Loan,9.09,"13,262","13,065","13,295",(5)(8),SOFR+,5.25,,2/27/2030,
oscf-20251231,2025-12-31,Non-Control/Non-Affiliate Investments,"Coupa Holdings, LLC",Application Software,First Lien Revolver,,—,-12,2,(5)(8)(9),SOFR+,5.25,,2/27/2029,
oscf-20251231,2025-12-31,Non-Control/Non-Affiliate Investments,"Creek Parent, Inc.",Life Sciences Tools & Services,First Lien Term Loan,8.73,"105,680","103,960","103,990",(5)(8),SOFR+,5,,12/18/2031,
oscf-20251231,2025-12-31,Non-Control/Non-Affiliate Investments,"Creek Parent, Inc.",Life Sciences Tools & Services,First Lien Revolver,,—,-227,-244,(5)(8)(9),SOFR+,5,,12/18/2031,
oscf-20251231,2025-12-31,Non-Control/Non-Affiliate Investments,"Crewline Buyer, Inc.",Application Software,First Lien Term Loan,10.59,"3,080","3,018","3,057",(5)(8),SOFR+,6.75,,11/8/2030,
oscf-20251231,2025-12-31,Non-Control/Non-Affiliate Investments,"Crewline Buyer, Inc.",Application Software,First Lien Term Loan,10.59,"43,911","43,150","43,582",(5)(8),SOFR+,6.75,,11/8/2030,
oscf-20251231,2025-12-31,Non-Control/Non-Affiliate Investments,"Crewline Buyer, Inc.",Application Software,First Lien Revolver,,—,-79,-34,(5)(8)(9),SOFR+,6.75,,11/8/2030,
oscf-20251231,2025-12-31,Non-Control/Non-Affiliate Investments,"Dealer Tire Financial, LLC",Distributors,Fixed Rate Bond,8,"36,819","36,506","37,017",,,,,2/1/2028,
oscf-20251231,2025-12-31,Non-Control/Non-Affiliate Investments,Delta Leasing SPV II LLC,Specialized Finance,Subordinated Debt Term Loan,8,"39,762","39,466","39,762",(8)(10),,,3,8/31/2029,
oscf-20251231,2025-12-31,Non-Control/Non-Affiliate Investments,Delta Leasing SPV II LLC,Specialized Finance,Subordinated Debt Term Loan,3,"29,554","29,554","29,554",(8)(10),,,7,8/31/2029,
oscf-20251231,2025-12-31,Non-Control/Non-Affiliate Investments,Delta Leasing SPV II LLC,Specialized Finance,Preferred Equity,,,330,468,(8)(10)(14),,,,,330
oscf-20251231,2025-12-31,Non-Control/Non-Affiliate Investments,Delta Leasing SPV II LLC,Specialized Finance,Common Stock,,,2,0,(8)(10)(14),,,,,2
oscf-20251231,2025-12-31,Non-Control/Non-Affiliate Investments,Delta Leasing SPV II LLC,Specialized Finance,Warrants,,,0,0,(8)(10)(14),,,,,25
oscf-20251231,2025-12-31,Non-Control/Non-Affiliate Investments,Digicel International Finance Ltd / Difl US LLC,Wireless Telecommunication Services,Fixed Rate Bond,8.63,"4,757","4,757","4,939",-10,,,,8/1/2032,
oscf-20251231,2025-12-31,Non-Control/Non-Affiliate Investments,"DirecTV Financing, LLC",Cable & Satellite,Fixed Rate Bond,10,"21,198","21,198","21,677",,,,,2/15/2031,
oscf-20251231,2025-12-31,Non-Control/Non-Affiliate Investments,"DirecTV Financing, LLC",Cable & Satellite,First Lien Term Loan,9.1,200,199,201,-5,SOFR+,5,,8/2/2027,
oscf-20251231,2025-12-31,Non-Control/Non-Affiliate Investments,"DirecTV Financing, LLC",Cable & Satellite,First Lien Term Loan,9.35,"26,194","25,854","26,317",-5,SOFR+,5.25,,8/2/2029,
oscf-20251231,2025-12-31,Non-Control/Non-Affiliate Investments,"DirecTV Financing, LLC",Cable & Satellite,First Lien Term Loan,9.34,"27,901","27,489","27,931",-5,SOFR+,5.5,,2/17/2031,
oscf-20251231,2025-12-31,Non-Control/Non-Affiliate Investments,"Draken International, LLC",Aerospace & Defense,First Lien Term Loan,,—,-202,0,(5)(8)(9)(10),SOFR+,5,,5/19/2032,
oscf-20251231,2025-12-31,Non-Control/Non-Affiliate Investments,"Draken International, LLC",Aerospace & Defense,First Lien Term Loan,8.87,"18,849","18,506","18,934",(5)(8)(10),SOFR+,5,,5/19/2032,
oscf-20251231,2025-12-31,Non-Control/Non-Affiliate Investments,"Draken International, LLC",Aerospace & Defense,First Lien Term Loan,8.72,"59,320","77,852","80,148",(5)(8)(10),SONIA+,5,,5/19/2032,
oscf-20251231,2025-12-31,Non-Control/Non-Affiliate Investments,"DTI Holdco, Inc.",Research & Consulting Services,First Lien Term Loan,7.72,"38,755","37,928","36,291",-5,SOFR+,4,,4/26/2029,
oscf-20251231,2025-12-31,Non-Control/Non-Affiliate Investments,Dukes Root Control Inc.,Environmental & Facilities Services,First Lien Term Loan,9.49,"1,036","1,030","1,036",(5)(8),SOFR+,5.5,,12/8/2028,
oscf-20251231,2025-12-31,Non-Control/Non-Affiliate Investments,Dukes Root Control Inc.,Environmental & Facilities Services,First Lien Term Loan,9.63,"1,922","1,908","1,922",(5)(8),SOFR+,5.5,,12/8/2029,
oscf-20251231,2025-12-31,Non-Control/Non-Affiliate Investments,Dukes Root Control Inc.,Environmental & Facilities Services,First Lien Term Loan,9.47,"17,078","16,916","17,078",(5)(8),SOFR+,5.5,,12/8/2028,
oscf-20251231,2025-12-31,Non-Control/Non-Affiliate Investments,Dukes Root Control Inc.,Environmental & Facilities Services,First Lien Revolver,9.82,184,164,184,(5)(8)(9),SOFR+,5.5,,12/8/2028,
oscf-20251231,2025-12-31,Non-Control/Non-Affiliate Investments,Empire Bidco AB,Life Sciences Tools & Services,First Lien Term Loan,,—,-452,-423,(5)(8)(9)(10),STIBOR+,5.25,,9/22/2032,
oscf-20251231,2025-12-31,Non-Control/Non-Affiliate Investments,Empire Bidco AB,Life Sciences Tools & Services,First Lien Term Loan,7.27,"348,703","36,470","37,122",(5)(8)(10),STIBOR+,5.25,,9/22/2032,
oscf-20251231,2025-12-31,Non-Control/Non-Affiliate Investments,Empire Bidco AB,Life Sciences Tools & Services,First Lien Term Loan,8.98,"27,033","35,781","35,688",(5)(8)(10),SONIA+,5.25,,9/22/2032,
oscf-20251231,2025-12-31,Non-Control/Non-Affiliate Investments,Engineering Research And Consulting LLC,Construction & Engineering,First Lien Term Loan,8.67,"31,660","31,212","23,191",-5,SOFR+,5,,8/29/2031,
oscf-20251231,2025-12-31,Non-Control/Non-Affiliate Investments,"Enverus Holdings, Inc.",Application Software,First Lien Term Loan,,—,-25,-25,(5)(8)(9),SOFR+,4.5,,12/18/2032,
oscf-20251231,2025-12-31,Non-Control/Non-Affiliate Investments,"Enverus Holdings, Inc.",Application Software,First Lien Term Loan,,—,-14,-14,(5)(8)(9),SOFR+,4.5,,12/18/2032,
oscf-20251231,2025-12-31,Non-Control/Non-Affiliate Investments,"Enverus Holdings, Inc.",Application Software,First Lien Term Loan,8.2,"49,972","49,784","49,784",(5)(8),SOFR+,4.5,,12/18/2032,
oscf-20251231,2025-12-31,Non-Control/Non-Affiliate Investments,"Enverus Holdings, Inc.",Application Software,First Lien Revolver,,—,-19,-19,(5)(8)(9),SOFR+,4.5,,12/18/2032,
oscf-20251231,2025-12-31,Non-Control/Non-Affiliate Investments,"eShipping, LLC",Diversified Support Services,First Lien Term Loan,,—,-18,-18,(5)(8)(9)(10),SOFR+,4.5,,12/23/2032,
oscf-20251231,2025-12-31,Non-Control/Non-Affiliate Investments,"eShipping, LLC",Diversified Support Services,First Lien Term Loan,8.19,"18,955","18,860","18,860",(5)(8)(10),SOFR+,4.5,,12/23/2032,
oscf-20251231,2025-12-31,Non-Control/Non-Affiliate Investments,"eShipping, LLC",Diversified Support Services,First Lien Revolver,8.19,447,429,429,(5)(8)(9)(10),SOFR+,4.5,,12/23/2032,
oscf-20251231,2025-12-31,Non-Control/Non-Affiliate Investments,Establishment Labs Holdings Inc.,Health Care Technology,First Lien Term Loan,9,"1,832","1,823","1,868",(8)(10),,,,4/21/2027,
oscf-20251231,2025-12-31,Non-Control/Non-Affiliate Investments,Establishment Labs Holdings Inc.,Health Care Technology,First Lien Term Loan,10,"1,689","1,681","1,723",(8)(10),,,,4/21/2027,
oscf-20251231,2025-12-31,Non-Control/Non-Affiliate Investments,Establishment Labs Holdings Inc.,Health Care Technology,First Lien Term Loan,10,"1,689","1,681","1,723",(8)(10),,,,4/21/2027,
oscf-20251231,2025-12-31,Non-Control/Non-Affiliate Investments,Establishment Labs Holdings Inc.,Health Care Technology,First Lien Term Loan,9,"11,437","11,397","11,666",(8)(10),,,,4/21/2027,
oscf-20251231,2025-12-31,Non-Control/Non-Affiliate Investments,"Everbridge, Inc.",Application Software,First Lien Term Loan,8.98,"7,661","7,608","7,661",(5)(8)(9),SOFR+,5,,7/2/2031,
oscf-20251231,2025-12-31,Non-Control/Non-Affiliate Investments,"Everbridge, Inc.",Application Software,First Lien Term Loan,8.98,"78,167","77,860","78,167",(5)(8),SOFR+,5,,7/2/2031,
oscf-20251231,2025-12-31,Non-Control/Non-Affiliate Investments,"Everbridge, Inc.",Application Software,First Lien Revolver,,—,-31,0,(5)(8)(9),SOFR+,5,,7/2/2031,
oscf-20251231,2025-12-31,Non-Control/Non-Affiliate Investments,"Evergreen IX Borrower 2023, LLC",Application Software,First Lien Term Loan,8.42,"8,984","8,914","8,984",(5)(8),SOFR+,4.75,,9/30/2030,
oscf-20251231,2025-12-31,Non-Control/Non-Affiliate Investments,"Evergreen IX Borrower 2023, LLC",Application Software,First Lien Term Loan,8.42,"35,580","34,977","35,580",(5)(8),SOFR+,4.75,,9/30/2030,
oscf-20251231,2025-12-31,Non-Control/Non-Affiliate Investments,"Evergreen IX Borrower 2023, LLC",Application Software,First Lien Revolver,,—,-62,0,(5)(8)(9),SOFR+,4.75,,9/29/2029,
oscf-20251231,2025-12-31,Non-Control/Non-Affiliate Investments,Eyesouth Eye Care Holdco LLC,Health Care Services,First Lien Term Loan,9.38,"4,414","4,360","4,361",(5)(8)(9),SOFR+,5.5,,10/5/2029,
oscf-20251231,2025-12-31,Non-Control/Non-Affiliate Investments,Eyesouth Eye Care Holdco LLC,Health Care Services,First Lien Term Loan,9.47,"3,167","3,124","3,129",(5)(8),SOFR+,5.5,,10/5/2029,
oscf-20251231,2025-12-31,Non-Control/Non-Affiliate Investments,Eyesouth Eye Care Holdco LLC,Health Care Services,Common Stock,,,885,"1,140",(8)(14),,,,,885
oscf-20251231,2025-12-31,Non-Control/Non-Affiliate Investments,F&M BUYER LLC,Systems Software,First Lien Term Loan,,—,-40,-40,(5)(8)(9),SOFR+,4.5,,3/18/2032,
oscf-20251231,2025-12-31,Non-Control/Non-Affiliate Investments,F&M BUYER LLC,Systems Software,First Lien Term Loan,8.17,"23,866","23,627","23,627",(5)(8),SOFR+,4.5,,3/18/2032,
oscf-20251231,2025-12-31,Non-Control/Non-Affiliate Investments,F&M BUYER LLC,Systems Software,First Lien Revolver,,—,-35,-35,(5)(8)(9),SOFR+,4.5,,3/18/2032,
oscf-20251231,2025-12-31,Non-Control/Non-Affiliate Investments,"Finastra USA, Inc.",Application Software,First Lien Term Loan,10.97,"11,958","11,810","11,958",(5)(8)(10),SOFR+,7.25,,9/13/2029,
oscf-20251231,2025-12-31,Non-Control/Non-Affiliate Investments,Flexera Software LLC,Application Software,First Lien Term Loan,8.44,"11,678","11,590","11,651",(5)(8),SOFR+,4.5,,8/16/2032,
oscf-20251231,2025-12-31,Non-Control/Non-Affiliate Investments,Flexera Software LLC,Application Software,First Lien Term Loan,6.38,"12,305","14,376","14,419",(5)(8),E+,4.5,,8/15/2032,
oscf-20251231,2025-12-31,Non-Control/Non-Affiliate Investments,Flexera Software LLC,Application Software,First Lien Term Loan,8.6,"40,774","40,672","40,680",(5)(8),SOFR+,4.5,,8/15/2032,
oscf-20251231,2025-12-31,Non-Control/Non-Affiliate Investments,Flexera Software LLC,Application Software,First Lien Revolver,,—,-8,-7,(5)(8)(9),SOFR+,4.5,,8/13/2032,
oscf-20251231,2025-12-31,Non-Control/Non-Affiliate Investments,Formulations Parent Corp,Specialty Chemicals,First Lien Term Loan,7.93,"17,456","17,282","17,456",(5)(8),SOFR+,4,,4/9/2032,
oscf-20251231,2025-12-31,Non-Control/Non-Affiliate Investments,Fortress Credit BSL XV,Multi-Sector Holdings,CLO Notes,8.63,"5,000","5,000","4,959",(5)(10),SOFR+,4.75,,10/18/2033,
oscf-20251231,2025-12-31,Non-Control/Non-Affiliate Investments,Fortress Credit BSL XV,Multi-Sector Holdings,CLO Notes,12.33,"6,000","6,035","5,844",(5)(10),SOFR+,8.45,,10/18/2033,
oscf-20251231,2025-12-31,Non-Control/Non-Affiliate Investments,"Galileo Parent, Inc.",Aerospace & Defense,First Lien Term Loan,9.42,"82,769","82,401","82,372",(5)(8),SOFR+,5.75,,5/3/2030,
oscf-20251231,2025-12-31,Non-Control/Non-Affiliate Investments,"Galileo Parent, Inc.",Aerospace & Defense,First Lien Revolver,9.42,"8,656","8,636","8,584",(5)(8)(9),SOFR+,5.75,,5/3/2029,
oscf-20251231,2025-12-31,Non-Control/Non-Affiliate Investments,Geo Topco Corporation,Building Products,First Lien Term Loan,8.41,"10,195","10,062","10,060",(5)(8)(9),SOFR+,4.5,,10/15/2031,
oscf-20251231,2025-12-31,Non-Control/Non-Affiliate Investments,Geo Topco Corporation,Building Products,First Lien Term Loan,8.4,"56,177","55,713","55,812",(5)(8),SOFR+,4.5,,10/15/2031,
oscf-20251231,2025-12-31,Non-Control/Non-Affiliate Investments,Geo Topco Corporation,Building Products,First Lien Revolver,8.32,"1,821","1,756","1,770",(5)(8)(9),SOFR+,4.5,,10/15/2031,
oscf-20251231,2025-12-31,Non-Control/Non-Affiliate Investments,"Grand River Aseptic Manufacturing, Inc.",Health Care Equipment,First Lien Term Loan,8.74,"30,022","29,762","29,713",(5)(8),SOFR+,5,,3/10/2031,
oscf-20251231,2025-12-31,Non-Control/Non-Affiliate Investments,"Grand River Aseptic Manufacturing, Inc.",Health Care Equipment,First Lien Revolver,,—,-80,-95,(5)(8)(9),SOFR+,5,,3/10/2031,
oscf-20251231,2025-12-31,Non-Control/Non-Affiliate Investments,"Greenway Health, LLC",Health Care Technology,First Lien Term Loan,10.42,"24,563","24,109","24,563",(5)(8),SOFR+,6.75,,4/1/2029,
oscf-20251231,2025-12-31,Non-Control/Non-Affiliate Investments,"Grove Hotel Parcel Owner, LLC","Hotels, Resorts & Cruise Lines",First Lien Term Loan,11.82,"3,537","3,516","3,443",(5)(8),SOFR+,8,,6/21/2027,
oscf-20251231,2025-12-31,Non-Control/Non-Affiliate Investments,"Grove Hotel Parcel Owner, LLC","Hotels, Resorts & Cruise Lines",First Lien Term Loan,11.82,"17,109","17,009","16,656",(5)(8),SOFR+,8,,6/21/2027,
oscf-20251231,2025-12-31,Non-Control/Non-Affiliate Investments,"Grove Hotel Parcel Owner, LLC","Hotels, Resorts & Cruise Lines",First Lien Revolver,11.83,884,874,837,(5)(8)(9),SOFR+,8,,6/21/2027,
oscf-20251231,2025-12-31,Non-Control/Non-Affiliate Investments,HAH Group Holding Co LLC,Health Care Services,Fixed Rate Bond,9.75,"11,565","10,967","10,884",,,,,10/1/2031,
oscf-20251231,2025-12-31,Non-Control/Non-Affiliate Investments,HAH Group Holding Co LLC,Health Care Services,First Lien Term Loan,8.72,"9,378","8,544","8,263",-5,SOFR+,5,,9/17/2031,
oscf-20251231,2025-12-31,Non-Control/Non-Affiliate Investments,Harbor Purchaser Inc.,Education Services,First Lien Term Loan,9.07,"41,342","40,541","36,592",-5,SOFR+,5.25,,4/9/2029,
oscf-20251231,2025-12-31,Non-Control/Non-Affiliate Investments,"Harrow Health, Inc.",Pharmaceuticals,Fixed Rate Bond,8.63,"7,700","7,700","8,098",-10,,,,9/15/2030,
oscf-20251231,2025-12-31,Non-Control/Non-Affiliate Investments,Hertz Vehicle Financing III,Specialized Finance,Subordinated Debt Revolver,9.28,"85,710","85,710","85,736",(8)(10),,,,6/28/2028,
oscf-20251231,2025-12-31,Non-Control/Non-Affiliate Investments,"Icefall Parent, Inc.",Application Software,First Lien Term Loan,8.17,"52,319","52,184","52,843",(5)(8),SOFR+,4.5,,1/25/2030,
oscf-20251231,2025-12-31,Non-Control/Non-Affiliate Investments,"Icefall Parent, Inc.",Application Software,First Lien Revolver,,—,-36,0,(5)(8)(9),SOFR+,4.5,,1/25/2030,
oscf-20251231,2025-12-31,Non-Control/Non-Affiliate Investments,"iCIMs, Inc.",Application Software,First Lien Term Loan,9.61,"16,314","16,205","15,911",(5)(8),SOFR+,5.75,,8/18/2028,
oscf-20251231,2025-12-31,Non-Control/Non-Affiliate Investments,"iCIMs, Inc.",Application Software,First Lien Term Loan,10.11,"2,325","2,307","2,297",(5)(8),SOFR+,6.25,,8/18/2028,
oscf-20251231,2025-12-31,Non-Control/Non-Affiliate Investments,"iCIMs, Inc.",Application Software,First Lien Revolver,9.61,477,466,441,(5)(8)(9),SOFR+,5.75,,8/18/2028,
oscf-20251231,2025-12-31,Non-Control/Non-Affiliate Investments,Inmar Inc,Application Software,First Lien Term Loan,8.34,"60,356","60,085","59,752",-5,SOFR+,4.5,,10/30/2031,
oscf-20251231,2025-12-31,Non-Control/Non-Affiliate Investments,"Integrity Marketing Acquisition, LLC",Insurance Brokers,First Lien Term Loan,,—,-107,-20,(5)(8)(9),SOFR+,5,,8/25/2028,
oscf-20251231,2025-12-31,Non-Control/Non-Affiliate Investments,"Integrity Marketing Acquisition, LLC",Insurance Brokers,First Lien Term Loan,9.2,"81,451","81,070","81,353",(5)(8),SOFR+,5,,8/25/2028,
oscf-20251231,2025-12-31,Non-Control/Non-Affiliate Investments,"Integrity Marketing Acquisition, LLC",Insurance Brokers,First Lien Revolver,,—,-51,-8,(5)(8)(9),SOFR+,5,,8/25/2028,
oscf-20251231,2025-12-31,Non-Control/Non-Affiliate Investments,Intralot Capital Luxembourg S.A.,Casinos & Gaming,First Lien Term Loan,9.22,"41,506","54,682","54,800",(5)(8)(10),SONIA+,5.5,,10/7/2031,
oscf-20251231,2025-12-31,Non-Control/Non-Affiliate Investments,"Inventus Power, Inc.",Electrical Components & Equipment,First Lien Term Loan,11.33,"42,778","42,762","42,722",(5)(8),SOFR+,7.5,,1/15/2026,
oscf-20251231,2025-12-31,Non-Control/Non-Affiliate Investments,"Inventus Power, Inc.",Electrical Components & Equipment,First Lien Revolver,,—,-2,-6,(5)(8)(9),SOFR+,7.5,,1/15/2026,
oscf-20251231,2025-12-31,Non-Control/Non-Affiliate Investments,IW Buyer LLC,Electrical Components & Equipment,First Lien Term Loan,8.82,"4,886","4,852","4,862",(5)(8),SOFR+,5,,6/28/2029,
oscf-20251231,2025-12-31,Non-Control/Non-Affiliate Investments,IW Buyer LLC,Electrical Components & Equipment,First Lien Term Loan,8.82,"18,867","18,678","18,773",(5)(8),SOFR+,5,,6/28/2029,
oscf-20251231,2025-12-31,Non-Control/Non-Affiliate Investments,IW Buyer LLC,Electrical Components & Equipment,First Lien Term Loan,8.82,"28,428","27,985","28,286",(5)(8),SOFR+,5,,6/28/2029,
oscf-20251231,2025-12-31,Non-Control/Non-Affiliate Investments,IW Buyer LLC,Electrical Components & Equipment,First Lien Revolver,8.82,"2,144","2,027","2,107",(5)(8)(9),SOFR+,5,,6/28/2029,
oscf-20251231,2025-12-31,Non-Control/Non-Affiliate Investments,Janus Bidco Limited,Application Software,First Lien Term Loan,,—,-147,0,(5)(8)(9)(10),SONIA+,5.5,,4/25/2031,
oscf-20251231,2025-12-31,Non-Control/Non-Affiliate Investments,Janus Bidco Limited,Application Software,First Lien Term Loan,9.34,"50,019","49,063","50,019",(5)(8)(10),SOFR+,5.5,,4/25/2031,
oscf-20251231,2025-12-31,Non-Control/Non-Affiliate Investments,"Jeppesen Holdings, LLC",Application Software,First Lien Term Loan,8.59,"49,624","49,376","49,386",(5)(8)(15),SOFR+,4.75,,10/31/2032,
oscf-20251231,2025-12-31,Non-Control/Non-Affiliate Investments,"Jeppesen Holdings, LLC",Application Software,First Lien Revolver,,—,-17,-16,(5)(8)(9),SOFR+,4.75,,10/31/2032,
oscf-20251231,2025-12-31,Non-Control/Non-Affiliate Investments,JN Bidco LLC,Health Care Technology,Common Stock,,,"3,338","7,587",(8)(14),,,,,"3,595,500"
oscf-20251231,2025-12-31,Non-Control/Non-Affiliate Investments,Kairos Intermediateco AB,Health Care Supplies,First Lien Term Loan,,—,-20,0,(5)(8)(9)(10),E+,4.75,,4/22/2032,
oscf-20251231,2025-12-31,Non-Control/Non-Affiliate Investments,Kairos Intermediateco AB,Health Care Supplies,First Lien Term Loan,6.85,"20,027","23,237","23,352",(5)(8)(9)(10),E+,4.75,,4/22/2032,
oscf-20251231,2025-12-31,Non-Control/Non-Affiliate Investments,Kairos Intermediateco AB,Health Care Supplies,First Lien Term Loan,8.9,"184,534","18,147","18,220",(5)(8)(10),NIBOR+,4.75,,4/22/2032,
oscf-20251231,2025-12-31,Non-Control/Non-Affiliate Investments,Kairos Intermediateco AB,Health Care Supplies,First Lien Term Loan,8.48,"13,129","17,618","17,586",(5)(8)(10),SONIA+,4.75,,4/22/2032,
oscf-20251231,2025-12-31,Non-Control/Non-Affiliate Investments,Kaseya Inc.,Systems Software,Second Lien Term Loan,8.72,"43,764","43,689","42,943",-5,SOFR+,5,,3/20/2033,
oscf-20251231,2025-12-31,Non-Control/Non-Affiliate Investments,"Kings Buyer, LLC",Environmental & Facilities Services,First Lien Term Loan,9.02,"57,665","57,279","54,505",(5)(8),SOFR+,5.25,,10/29/2027,
oscf-20251231,2025-12-31,Non-Control/Non-Affiliate Investments,"Kings Buyer, LLC",Environmental & Facilities Services,First Lien Term Loan,9.02,"4,693","4,678","4,436",(5)(8),SOFR+,5.25,,10/29/2027,
oscf-20251231,2025-12-31,Non-Control/Non-Affiliate Investments,"Kings Buyer, LLC",Environmental & Facilities Services,First Lien Revolver,11,"3,098","3,049","2,632",(5)(8)(9),PRIME+,4.25,,10/29/2027,
oscf-20251231,2025-12-31,Non-Control/Non-Affiliate Investments,Kite Midco II Inc.,Research & Consulting Services,First Lien Term Loan,,—,-61,-71,(5)(8)(9),SOFR+,4.5,,11/25/2031,
oscf-20251231,2025-12-31,Non-Control/Non-Affiliate Investments,Kite Midco II Inc.,Research & Consulting Services,First Lien Term Loan,8.23,"39,033","38,539","38,682",(5)(8),SOFR+,4.5,,11/25/2031,
oscf-20251231,2025-12-31,Non-Control/Non-Affiliate Investments,"LABL, Inc.",Paper & Plastic Packaging Products & Materials,First Lien Term Loan,8.94,"28,003","27,640","17,937",-5,SOFR+,5,,10/30/2028,
oscf-20251231,2025-12-31,Non-Control/Non-Affiliate Investments,"LDS Buyer, LLC",Air Freight & Logistics,First Lien Term Loan,8.72,"8,282","8,111","8,206",(5)(8),SOFR+,5,,2/9/2032,
oscf-20251231,2025-12-31,Non-Control/Non-Affiliate Investments,"LDS Buyer, LLC",Air Freight & Logistics,First Lien Term Loan,8.72,"41,828","41,372","41,443",(5)(8),SOFR+,5,,2/9/2032,
oscf-20251231,2025-12-31,Non-Control/Non-Affiliate Investments,"LDS Buyer, LLC",Air Freight & Logistics,First Lien Term Loan,,—,-81,-90,(5)(8)(9),SOFR+,5,,2/9/2032,
oscf-20251231,2025-12-31,Non-Control/Non-Affiliate Investments,"LDS Buyer, LLC",Air Freight & Logistics,First Lien Term Loan,8.72,"4,214","4,184","4,175",(5)(8),SOFR+,5,,2/9/2032,
oscf-20251231,2025-12-31,Non-Control/Non-Affiliate Investments,"LDS Buyer, LLC",Air Freight & Logistics,First Lien Revolver,,—,-68,-57,(5)(8)(9),SOFR+,5,,2/9/2032,
oscf-20251231,2025-12-31,Non-Control/Non-Affiliate Investments,"Learfield Communications, LLC",Movies & Entertainment,First Lien Term Loan,8.47,"45,335","45,241","45,501",-5,SOFR+,4.75,,6/30/2028,
oscf-20251231,2025-12-31,Non-Control/Non-Affiliate Investments,"Legends Hospitality Holding Company, LLC",Specialized Consumer Services,First Lien Term Loan,8.72,"2,704","2,656","2,648",(5)(8)(9),SOFR+,5,,8/22/2031,
oscf-20251231,2025-12-31,Non-Control/Non-Affiliate Investments,"Legends Hospitality Holding Company, LLC",Specialized Consumer Services,First Lien Term Loan,6.48,"57,194","56,307","56,210",(5)(8),SOFR+,5.5,2.75,8/22/2031,
oscf-20251231,2025-12-31,Non-Control/Non-Affiliate Investments,"Legends Hospitality Holding Company, LLC",Specialized Consumer Services,First Lien Revolver,8.72,"2,128","2,027","2,028",(5)(8)(9),SOFR+,5,,8/22/2030,
oscf-20251231,2025-12-31,Non-Control/Non-Affiliate Investments,"Lightbox Intermediate, L.P.",Real Estate Services,First Lien Term Loan,8.97,"59,144","58,429","58,571",(5)(8),SOFR+,5.25,,1/13/2030,
oscf-20251231,2025-12-31,Non-Control/Non-Affiliate Investments,"Lightbox Intermediate, L.P.",Real Estate Services,First Lien Revolver,,—,-47,-37,(5)(8)(9),SOFR+,5.25,,1/13/2030,
oscf-20251231,2025-12-31,Non-Control/Non-Affiliate Investments,"LSL Holdco, LLC",Health Care Distributors,First Lien Term Loan,9.82,"1,024",995,989,(5)(8),SOFR+,6,,1/31/2028,
oscf-20251231,2025-12-31,Non-Control/Non-Affiliate Investments,"LSL Holdco, LLC",Health Care Distributors,First Lien Term Loan,9.82,"8,792","8,731","8,490",(5)(8),SOFR+,6,,1/31/2028,
oscf-20251231,2025-12-31,Non-Control/Non-Affiliate Investments,"LSL Holdco, LLC",Health Care Distributors,First Lien Revolver,9.82,609,602,574,(5)(8)(9),SOFR+,6,,1/31/2028,
oscf-20251231,2025-12-31,Non-Control/Non-Affiliate Investments,M2S Group Intermediate Holdings Inc,Paper & Plastic Packaging Products & Materials,First Lien Term Loan,8.59,"52,570","50,518","52,321",-5,SOFR+,4.75,,8/25/2031,
oscf-20251231,2025-12-31,Non-Control/Non-Affiliate Investments,McAfee Corp.,Systems Software,First Lien Term Loan,6.72,"31,512","30,009","29,185",-5,SOFR+,3,,3/1/2029,
oscf-20251231,2025-12-31,Non-Control/Non-Affiliate Investments,"Mesoblast, Inc.",Biotechnology,Warrants,,,152,242,(8)(10)(14),,,,,"33,174"
oscf-20251231,2025-12-31,Non-Control/Non-Affiliate Investments,"MHE Intermediate Holdings, LLC",Diversified Support Services,First Lien Term Loan,9.99,"5,165","5,135","5,089",(5)(8),SOFR+,6,,7/21/2027,
oscf-20251231,2025-12-31,Non-Control/Non-Affiliate Investments,"MHE Intermediate Holdings, LLC",Diversified Support Services,First Lien Term Loan,10.24,"1,015","1,006","1,000",(5)(8),SOFR+,6.25,,7/21/2027,
oscf-20251231,2025-12-31,Non-Control/Non-Affiliate Investments,Microf Funding V LLC,Consumer Finance,First Lien Term Loan,9.69,"19,966","19,749","19,888",(5)(8)(9)(10),SOFR+,6,,6/3/2027,
oscf-20251231,2025-12-31,Non-Control/Non-Affiliate Investments,"Minotaur Acquisition, Inc.",Diversified Financial Services,First Lien Term Loan,8.72,"6,958","6,855","6,888",(5)(8),SOFR+,5,,6/3/2030,
oscf-20251231,2025-12-31,Non-Control/Non-Affiliate Investments,"Minotaur Acquisition, Inc.",Diversified Financial Services,First Lien Term Loan,8.72,"6,660","6,562","6,593",(5)(8),SOFR+,5,,6/3/2030,
oscf-20251231,2025-12-31,Non-Control/Non-Affiliate Investments,"Minotaur Acquisition, Inc.",Diversified Financial Services,First Lien Term Loan,8.72,"16,601","16,438","16,435",(5)(8),SOFR+,5,,6/3/2030,
oscf-20251231,2025-12-31,Non-Control/Non-Affiliate Investments,"Minotaur Acquisition, Inc.",Diversified Financial Services,First Lien Term Loan,8.72,"41,112","40,507","40,701",(5)(8),SOFR+,5,,6/3/2030,
oscf-20251231,2025-12-31,Non-Control/Non-Affiliate Investments,"Minotaur Acquisition, Inc.",Diversified Financial Services,First Lien Revolver,,—,-62,-42,(5)(8)(9),SOFR+,5,,6/3/2030,
oscf-20251231,2025-12-31,Non-Control/Non-Affiliate Investments,Mitchell International Inc,Application Software,Second Lien Term Loan,8.97,"42,135","41,953","41,972",-5,SOFR+,5.25,,6/17/2032,
oscf-20251231,2025-12-31,Non-Control/Non-Affiliate Investments,Mitchell International Inc,Application Software,First Lien Term Loan,6.97,"16,886","16,802","16,962",-5,SOFR+,3.25,,6/17/2031,
oscf-20251231,2025-12-31,Non-Control/Non-Affiliate Investments,Modena Buyer LLC,Application Software,First Lien Term Loan,8.09,"38,073","37,473","37,951",-5,SOFR+,4.25,,7/1/2031,
oscf-20251231,2025-12-31,Non-Control/Non-Affiliate Investments,Monotype Imaging Holdings Inc.,Application Software,First Lien Term Loan,8.97,"1,542","1,485","1,541",(5)(8)(9),SOFR+,5.25,,2/28/2031,
oscf-20251231,2025-12-31,Non-Control/Non-Affiliate Investments,Monotype Imaging Holdings Inc.,Application Software,First Lien Term Loan,8.97,"71,205","70,137","71,190",(5)(8),SOFR+,5.25,,2/28/2031,
oscf-20251231,2025-12-31,Non-Control/Non-Affiliate Investments,Monotype Imaging Holdings Inc.,Application Software,First Lien Revolver,,—,-94,-10,(5)(8)(9),SOFR+,5.25,,2/28/2030,
oscf-20251231,2025-12-31,Non-Control/Non-Affiliate Investments,Monroe Engineering Group LLC,Industrial Machinery & Supplies & Components,First Lien Term Loan,,—,-24,0,(5)(8)(9),SOFR+,4.75,,12/20/2028,
oscf-20251231,2025-12-31,Non-Control/Non-Affiliate Investments,Monroe Engineering Group LLC,Industrial Machinery & Supplies & Components,First Lien Term Loan,,—,-24,0,(5)(8)(9),SOFR+,4.75,,12/20/2028,
oscf-20251231,2025-12-31,Non-Control/Non-Affiliate Investments,MRI Software LLC,Application Software,First Lien Term Loan,8.42,"4,785","4,758","4,757",(5)(8),SOFR+,4.75,,2/10/2028,
oscf-20251231,2025-12-31,Non-Control/Non-Affiliate Investments,MRI Software LLC,Application Software,First Lien Term Loan,8.42,988,959,939,(5)(8)(9),SOFR+,4.75,,2/10/2028,
oscf-20251231,2025-12-31,Non-Control/Non-Affiliate Investments,MRI Software LLC,Application Software,First Lien Term Loan,8.42,"57,495","57,104","57,156",(5)(8),SOFR+,4.75,,2/10/2028,
oscf-20251231,2025-12-31,Non-Control/Non-Affiliate Investments,MRI Software LLC,Application Software,First Lien Term Loan,8.42,"7,034","7,031","6,993",(5)(8),SOFR+,4.75,,2/10/2028,
oscf-20251231,2025-12-31,Non-Control/Non-Affiliate Investments,MRI Software LLC,Application Software,First Lien Revolver,8.44,"1,400","1,378","1,359",(5)(8)(9),SOFR+,4.75,,2/10/2028,
oscf-20251231,2025-12-31,Non-Control/Non-Affiliate Investments,"MRO Florida, Inc.",Aerospace & Defense,First Lien Term Loan,8.19,"3,300","3,268","3,263",(5)(8)(9)(10),SOFR+,4.5,,10/2/2032,
oscf-20251231,2025-12-31,Non-Control/Non-Affiliate Investments,"MRO Florida, Inc.",Aerospace & Defense,First Lien Term Loan,8.48,"51,562","51,175","51,190",(5)(8)(10),SOFR+,4.5,,10/2/2032,
oscf-20251231,2025-12-31,Non-Control/Non-Affiliate Investments,Nabors Industries Inc,Oil & Gas Drilling,Fixed Rate Bond,7.63,"22,260","22,270","21,894",-10,,,,11/15/2032,
oscf-20251231,2025-12-31,Non-Control/Non-Affiliate Investments,National Mentor Holdings,Health Care Services,Fixed Rate Bond,10.5,"18,855","18,502","18,972",,,,,12/15/2030,
oscf-20251231,2025-12-31,Non-Control/Non-Affiliate Investments,"Nellson Nutraceutical, LLC",Packaged Foods & Meats,First Lien Term Loan,,—,-28,-25,(5)(8)(9)(10),SOFR+,5.75,,4/17/2031,
oscf-20251231,2025-12-31,Non-Control/Non-Affiliate Investments,"Nellson Nutraceutical, LLC",Packaged Foods & Meats,First Lien Term Loan,9.42,"14,393","14,203","14,249",(5)(8)(10),SOFR+,5.75,,4/17/2031,
oscf-20251231,2025-12-31,Non-Control/Non-Affiliate Investments,"Nellson Nutraceutical, LLC",Packaged Foods & Meats,First Lien Term Loan,9.42,"48,485","47,843","48,000",(5)(8)(10),SOFR+,5.75,,4/17/2031,
oscf-20251231,2025-12-31,Non-Control/Non-Affiliate Investments,"Nellson Nutraceutical, LLC",Packaged Foods & Meats,First Lien Revolver,9.42,"2,127","1,996","2,028",(5)(8)(9)(10),SOFR+,5.75,,4/17/2031,
oscf-20251231,2025-12-31,Non-Control/Non-Affiliate Investments,NEP Group Inc,Broadcasting,First Lien Term Loan,6.65,"5,000","5,734","5,413",-5,E+,4.75,,10/7/2031,
oscf-20251231,2025-12-31,Non-Control/Non-Affiliate Investments,NEP Group Inc,Broadcasting,First Lien Term Loan,8.22,"13,750","13,420","12,667",-5,SOFR+,4.5,,10/17/2031,
oscf-20251231,2025-12-31,Non-Control/Non-Affiliate Investments,Neptune Bidco US Inc.,Aerospace & Defense,First Lien Term Loan,8.42,"30,740","30,377","30,740",(5)(8),SOFR+,4.75,,1/19/2031,
oscf-20251231,2025-12-31,Non-Control/Non-Affiliate Investments,Neptune Bidco US Inc.,Aerospace & Defense,First Lien Term Loan,,—,-9,0,(5)(8)(9),SOFR+,5.25,,1/19/2031,
oscf-20251231,2025-12-31,Non-Control/Non-Affiliate Investments,"Next Holdco, LLC",Health Care Technology,First Lien Term Loan,,—,-62,-71,(5)(8)(9),SOFR+,5.25,,11/12/2030,
oscf-20251231,2025-12-31,Non-Control/Non-Affiliate Investments,"Next Holdco, LLC",Health Care Technology,First Lien Term Loan,9.09,"17,650","17,501","17,491",(5)(8),SOFR+,5.25,,11/9/2030,
oscf-20251231,2025-12-31,Non-Control/Non-Affiliate Investments,"Next Holdco, LLC",Health Care Technology,First Lien Term Loan,9.48,"45,808","45,331","45,396",(5)(8),SOFR+,5.25,,11/12/2030,
oscf-20251231,2025-12-31,Non-Control/Non-Affiliate Investments,"Next Holdco, LLC",Health Care Technology,First Lien Revolver,,—,-43,-39,(5)(8)(9),SOFR+,5.25,,11/8/2029,
oscf-20251231,2025-12-31,Non-Control/Non-Affiliate Investments,Nexus Buyer LLC,Specialized Finance,Second Lien Term Loan,9.47,"70,644","70,013","70,147",-5,SOFR+,5.75,,2/16/2032,
oscf-20251231,2025-12-31,Non-Control/Non-Affiliate Investments,"NFM & J, L.P.",Diversified Support Services,First Lien Term Loan,9.67,"1,368","1,359","1,360",(5)(8),SOFR+,5.75,,11/10/2029,
oscf-20251231,2025-12-31,Non-Control/Non-Affiliate Investments,"NFM & J, L.P.",Diversified Support Services,First Lien Term Loan,9.69,"21,821","21,538","21,682",(5)(8),SOFR+,5.75,,11/10/2029,
oscf-20251231,2025-12-31,Non-Control/Non-Affiliate Investments,"NFM & J, L.P.",Diversified Support Services,First Lien Revolver,11.5,"1,736","1,672","1,705",(5)(8)(9),PRIME+,4.75,,11/10/2029,
oscf-20251231,2025-12-31,Non-Control/Non-Affiliate Investments,"North Star Acquisitionco, LLC",Education Services,First Lien Term Loan,8.47,"1,399","1,920","1,882",(5)(8)(10),SONIA+,4.5,,5/29/2030,
oscf-20251231,2025-12-31,Non-Control/Non-Affiliate Investments,"North Star Acquisitionco, LLC",Education Services,First Lien Term Loan,8.22,"4,330","4,322","4,330",(5)(8)(9)(10),SOFR+,4.5,,5/3/2029,
oscf-20251231,2025-12-31,Non-Control/Non-Affiliate Investments,"North Star Acquisitionco, LLC",Education Services,First Lien Term Loan,8.22,"3,313","3,276","3,313",(5)(8)(10),SOFR+,4.5,,5/3/2029,
oscf-20251231,2025-12-31,Non-Control/Non-Affiliate Investments,"North Star Acquisitionco, LLC",Education Services,First Lien Term Loan,8.38,"68,811","6,194","6,822",(5)(8)(10),NIBOR+,4.5,,5/3/2029,
oscf-20251231,2025-12-31,Non-Control/Non-Affiliate Investments,"North Star Acquisitionco, LLC",Education Services,First Lien Term Loan,8.22,"27,846","27,753","27,846",(5)(8)(10),SOFR+,4.5,,5/3/2029,
oscf-20251231,2025-12-31,Non-Control/Non-Affiliate Investments,"North Star Acquisitionco, LLC",Education Services,First Lien Term Loan,8.22,"36,168","35,766","36,168",(5)(8)(10),SOFR+,4.5,,5/3/2029,
oscf-20251231,2025-12-31,Non-Control/Non-Affiliate Investments,"North Star Acquisitionco, LLC",Education Services,First Lien Term Loan,8.22,"3,140","3,916","4,223",(5)(8)(10),SONIA+,4.5,,5/3/2029,
oscf-20251231,2025-12-31,Non-Control/Non-Affiliate Investments,"North Star Acquisitionco, LLC",Education Services,First Lien Revolver,,—,-22,0,(5)(8)(9)(10),SOFR+,4.5,,4/29/2030,
oscf-20251231,2025-12-31,Non-Control/Non-Affiliate Investments,"North Star Acquisitionco, LLC",Education Services,First Lien Revolver,,—,-49,0,(5)(8)(9)(10),SOFR+,4.5,,5/3/2029,
oscf-20251231,2025-12-31,Non-Control/Non-Affiliate Investments,OFSI Fund Ltd,Multi-Sector Holdings,CLO Notes,11.37,"1,105","1,053","1,062",(5)(10),SOFR+,7.48,,4/20/2034,
oscf-20251231,2025-12-31,Non-Control/Non-Affiliate Investments,"OneOncology, LLC",Health Care Services,First Lien Term Loan,8.67,"16,965","16,796","17,050",(5)(8),SOFR+,5,,6/10/2030,
oscf-20251231,2025-12-31,Non-Control/Non-Affiliate Investments,"OneOncology, LLC",Health Care Services,First Lien Term Loan,8.42,"8,453","8,319","8,411",(5)(8),SOFR+,4.75,,6/10/2030,
oscf-20251231,2025-12-31,Non-Control/Non-Affiliate Investments,"OneOncology, LLC",Health Care Services,First Lien Term Loan,8.42,"62,434","61,901","62,122",(5)(8),SOFR+,4.75,,6/10/2030,
oscf-20251231,2025-12-31,Non-Control/Non-Affiliate Investments,"OneOncology, LLC",Health Care Services,First Lien Term Loan,8.67,"22,707","22,479","22,820",(5)(8),SOFR+,5,,6/10/2030,
oscf-20251231,2025-12-31,Non-Control/Non-Affiliate Investments,"OneOncology, LLC",Health Care Services,First Lien Term Loan,8.17,"8,873","8,663","8,541",(5)(8)(9),SOFR+,4.5,,6/10/2030,
oscf-20251231,2025-12-31,Non-Control/Non-Affiliate Investments,"OneOncology, LLC",Health Care Services,First Lien Term Loan,8.42,"27,103","26,701","26,967",(5)(8),SOFR+,4.75,,6/10/2030,
oscf-20251231,2025-12-31,Non-Control/Non-Affiliate Investments,"OneOncology, LLC",Health Care Services,First Lien Revolver,,—,-199,-89,(5)(8)(9),SOFR+,4.75,,6/11/2029,
oscf-20251231,2025-12-31,Non-Control/Non-Affiliate Investments,Optimizely North America Inc.,Application Software,First Lien Term Loan,8.72,"47,416","47,021","46,467",(5)(8)(10),SOFR+,5,,10/30/2031,
oscf-20251231,2025-12-31,Non-Control/Non-Affiliate Investments,Optimizely North America Inc.,Application Software,First Lien Revolver,,—,-59,-142,(5)(8)(9)(10),SOFR+,5,,10/30/2031,
oscf-20251231,2025-12-31,Non-Control/Non-Affiliate Investments,Optimizely Sweden Holdings AB,Application Software,First Lien Term Loan,7.15,"16,931","18,242","19,487",(5)(8)(10),E+,5.25,,10/30/2031,
oscf-20251231,2025-12-31,Non-Control/Non-Affiliate Investments,Optimizely Sweden Holdings AB,Application Software,First Lien Term Loan,9.22,"5,643","7,281","7,439",(5)(8)(10),SONIA+,5.5,,10/30/2031,
oscf-20251231,2025-12-31,Non-Control/Non-Affiliate Investments,PAI Financing Merger Sub LLC,Pharmaceuticals,First Lien Term Loan,8.17,"74,069","73,098","73,328",(5)(8),SOFR+,4.5,,2/13/2032,
oscf-20251231,2025-12-31,Non-Control/Non-Affiliate Investments,PAI Financing Merger Sub LLC,Pharmaceuticals,First Lien Revolver,8.17,"2,256","2,049","2,098",(5)(8)(9),SOFR+,4.5,,2/13/2032,
oscf-20251231,2025-12-31,Non-Control/Non-Affiliate Investments,Paratek Pharmaceuticals Inc,Pharmaceuticals,First Lien Term Loan,10.17,"18,387","18,235","18,387",(5)(8),SOFR+,6.5,,11/21/2028,
oscf-20251231,2025-12-31,Non-Control/Non-Affiliate Investments,Paulus Holdings Public Limited Company,Health Care Technology,Preferred Equity,,,"1,622","2,625",(8)(10)(14),,,,,"84,181"
oscf-20251231,2025-12-31,Non-Control/Non-Affiliate Investments,Paulus Holdings Public Limited Company,Health Care Technology,Warrants,,,356,576,(8)(10)(14),,,,,"18,492"
oscf-20251231,2025-12-31,Non-Control/Non-Affiliate Investments,Peraton Corp.,Aerospace & Defense,First Lien Term Loan,7.69,"5,317","5,293","4,946",-5,SOFR+,3.75,,2/1/2028,
oscf-20251231,2025-12-31,Non-Control/Non-Affiliate Investments,PetSmart LLC,Other Specialty Retail,First Lien Term Loan,7.73,"40,642","40,245","40,528",-5,SOFR+,4,,8/1/2032,
oscf-20251231,2025-12-31,Non-Control/Non-Affiliate Investments,"PetVet Care Centers, LLC",Health Care Services,First Lien Term Loan,9.72,"72,174","71,170","66,213",(5)(8),SOFR+,6,,11/15/2030,
oscf-20251231,2025-12-31,Non-Control/Non-Affiliate Investments,"PetVet Care Centers, LLC",Health Care Services,First Lien Revolver,9.84,961,837,271,(5)(8)(9),SOFR+,6,,11/15/2029,
oscf-20251231,2025-12-31,Non-Control/Non-Affiliate Investments,"PetVet Care Centers, LLC",Health Care Services,Preferred Equity,,,"6,211","7,229",(8)(14),,,,,"6,338"
oscf-20251231,2025-12-31,Non-Control/Non-Affiliate Investments,Pike Corporation,Construction & Engineering,First Lien Term Loan,,—,41,42,(5)(8)(9)(10),SOFR+,4.5,,12/20/2032,
oscf-20251231,2025-12-31,Non-Control/Non-Affiliate Investments,Pike Corporation,Construction & Engineering,First Lien Term Loan,8.2,"76,438","76,438","76,829",(5)(8)(10),SOFR+,4.5,,12/20/2032,
oscf-20251231,2025-12-31,Non-Control/Non-Affiliate Investments,Pike Corporation,Construction & Engineering,First Lien Revolver,,—,0,-34,(5)(8)(9)(10),SOFR+,4.5,,12/20/2032,
oscf-20251231,2025-12-31,Non-Control/Non-Affiliate Investments,"Pluralsight, LLC",Application Software,First Lien Term Loan,,—,0,0,(5)(8)(9),SOFR+,4.5,,8/22/2029,
oscf-20251231,2025-12-31,Non-Control/Non-Affiliate Investments,"Pluralsight, LLC",Application Software,First Lien Term Loan,6.82,"1,943","1,943","1,943",(5)(8),SOFR+,4.5,1.5,8/22/2029,
oscf-20251231,2025-12-31,Non-Control/Non-Affiliate Investments,"Pluralsight, LLC",Application Software,First Lien Term Loan,6.82,"3,365","3,365","3,365",(5)(8),SOFR+,4.5,1.5,8/22/2029,
oscf-20251231,2025-12-31,Non-Control/Non-Affiliate Investments,"Pluralsight, LLC",Application Software,First Lien Term Loan,,"5,793","5,623","4,055",(5)(8)(11),SOFR+,7.5,,8/22/2029,
oscf-20251231,2025-12-31,Non-Control/Non-Affiliate Investments,"Pluralsight, LLC",Application Software,First Lien Revolver,,—,0,0,(5)(8)(9),SOFR+,4.5,,8/22/2029,
oscf-20251231,2025-12-31,Non-Control/Non-Affiliate Investments,"Pluralsight, LLC",Application Software,Common Stock,,,"5,540",0,(8)(14),,,,,"1,658,698"
oscf-20251231,2025-12-31,Non-Control/Non-Affiliate Investments,Poseidon Midco AB,Pharmaceuticals,First Lien Term Loan,8.85,"23,063","22,882","23,063",(5)(8)(9)(10),SOFR+,5.25,,9/17/2031,
oscf-20251231,2025-12-31,Non-Control/Non-Affiliate Investments,Poseidon Midco AB,Pharmaceuticals,First Lien Term Loan,,—,-194,-216,(5)(8)(9)(10),E+,5,,9/17/2031,
oscf-20251231,2025-12-31,Non-Control/Non-Affiliate Investments,Poseidon Midco AB,Pharmaceuticals,First Lien Term Loan,7.42,"50,768","55,307","59,624",(5)(8)(10),E+,5.25,,9/17/2031,
oscf-20251231,2025-12-31,Non-Control/Non-Affiliate Investments,"PPW Aero Buyer, Inc.",Aerospace & Defense,First Lien Term Loan,8.67,"10,323","10,219","10,323",(5)(8),SOFR+,5,,9/30/2031,
oscf-20251231,2025-12-31,Non-Control/Non-Affiliate Investments,"PPW Aero Buyer, Inc.",Aerospace & Defense,First Lien Term Loan,,—,-9,0,(5)(8)(9),SOFR+,5,,9/30/2031,
oscf-20251231,2025-12-31,Non-Control/Non-Affiliate Investments,"PPW Aero Buyer, Inc.",Aerospace & Defense,First Lien Term Loan,8.67,"36,696","36,633","36,696",(5)(8),SOFR+,5,,9/30/2031,
oscf-20251231,2025-12-31,Non-Control/Non-Affiliate Investments,"PPW Aero Buyer, Inc.",Aerospace & Defense,First Lien Term Loan,8.67,"26,153","25,456","26,153",(5)(8),SOFR+,5,,9/30/2031,
oscf-20251231,2025-12-31,Non-Control/Non-Affiliate Investments,"PPW Aero Buyer, Inc.",Aerospace & Defense,First Lien Term Loan,,—,-18,0,(5)(8)(9),SOFR+,5,,9/30/2031,
oscf-20251231,2025-12-31,Non-Control/Non-Affiliate Investments,"PPW Aero Buyer, Inc.",Aerospace & Defense,First Lien Term Loan,8.67,"18,526","18,519","18,526",(5)(8),SOFR+,5,,9/30/2031,
oscf-20251231,2025-12-31,Non-Control/Non-Affiliate Investments,"PPW Aero Buyer, Inc.",Aerospace & Defense,First Lien Revolver,,—,-83,0,(5)(8)(9),SOFR+,5,,9/30/2031,
oscf-20251231,2025-12-31,Non-Control/Non-Affiliate Investments,"Premium Parent, LLC",Health Care Technology,First Lien Term Loan,10.38,"101,591","99,588","99,589",(5)(8),SOFR+,6.5,,11/25/2032,
oscf-20251231,2025-12-31,Non-Control/Non-Affiliate Investments,"Premium Parent, LLC",Health Care Technology,First Lien Revolver,10.38,"2,997","2,756","2,756",(5)(8)(9),SOFR+,6.5,,9/21/2032,
oscf-20251231,2025-12-31,Non-Control/Non-Affiliate Investments,"Profrac Holdings II, LLC",Industrial Machinery & Supplies & Components,First Lien Floating Rate Bond,10.9,"56,598","56,032","55,823",(5)(8)(10),SOFR+,7.25,,1/23/2029,
oscf-20251231,2025-12-31,Non-Control/Non-Affiliate Investments,"Project Accelerate Parent, LLC",Systems Software,First Lien Term Loan,8.97,"43,094","42,777","43,094",(5)(8),SOFR+,5.25,,2/24/2031,
oscf-20251231,2025-12-31,Non-Control/Non-Affiliate Investments,"Project Accelerate Parent, LLC",Systems Software,First Lien Revolver,,—,-46,0,(5)(8)(9),SOFR+,5.25,,2/22/2031,
oscf-20251231,2025-12-31,Non-Control/Non-Affiliate Investments,"Propio LS, LLC",Diversified Support Services,First Lien Term Loan,8.47,"10,163","10,062","10,072",(5)(8),SOFR+,4.75,,5/10/2030,
oscf-20251231,2025-12-31,Non-Control/Non-Affiliate Investments,"Propio LS, LLC",Diversified Support Services,First Lien Term Loan,8.75,"27,764","27,486","27,514",(5)(8),SOFR+,4.75,,5/10/2030,
oscf-20251231,2025-12-31,Non-Control/Non-Affiliate Investments,"Propio LS, LLC",Diversified Support Services,First Lien Revolver,8.68,453,442,443,(5)(8)(9),SOFR+,4.75,,5/10/2030,
oscf-20251231,2025-12-31,Non-Control/Non-Affiliate Investments,Prosper Credit Card 2024-1,Specialized Finance,CLO Notes,7.15,"5,240","5,228","5,254",(8)(10),,,,10/15/2034,
oscf-20251231,2025-12-31,Non-Control/Non-Affiliate Investments,Prosper Credit Card 2024-1,Specialized Finance,CLO Notes,10.05,"5,471","5,393","5,452",(8)(10),,,,10/15/2034,
oscf-20251231,2025-12-31,Non-Control/Non-Affiliate Investments,Prosper Credit Card 2024-1,Specialized Finance,CLO Notes,14.64,"7,289","7,289","7,305",(8)(10),,,,10/15/2034,
oscf-20251231,2025-12-31,Non-Control/Non-Affiliate Investments,"Protein for Pets Opco, LLC",Packaged Foods & Meats,First Lien Term Loan,8.97,"62,777","61,865","61,534",(5)(8),SOFR+,5.25,,9/20/2030,
oscf-20251231,2025-12-31,Non-Control/Non-Affiliate Investments,"Protein for Pets Opco, LLC",Packaged Foods & Meats,First Lien Revolver,8.97,"1,328","1,231","1,196",(5)(8)(9),SOFR+,5.25,,9/20/2030,
oscf-20251231,2025-12-31,Non-Control/Non-Affiliate Investments,Quantum Bidco Limited,Food Distributors,First Lien Term Loan,9.5,"27,922","35,415","37,556",(5)(8)(10),SONIA+,5.5,,1/31/2028,
oscf-20251231,2025-12-31,Non-Control/Non-Affiliate Investments,Renaissance Holding Corp.,Education Services,First Lien Term Loan,7.72,"50,822","46,559","44,530",-5,SOFR+,4,,4/5/2030,
oscf-20251231,2025-12-31,Non-Control/Non-Affiliate Investments,Rockford Tower CLO 2024-1,Multi-Sector Holdings,CLO Notes,11.36,"2,500","2,478","2,529",(5)(10),SOFR+,7.48,,4/20/2037,
oscf-20251231,2025-12-31,Non-Control/Non-Affiliate Investments,RWK Midco AB,Life Sciences Tools & Services,First Lien Term Loan,8.44,"6,469","6,258","6,305",(5)(8)(9)(10),SOFR+,4.75,,7/1/2032,
oscf-20251231,2025-12-31,Non-Control/Non-Affiliate Investments,RWK Midco AB,Life Sciences Tools & Services,First Lien Term Loan,6.79,"17,268","20,073","20,092",(5)(8)(10),E+,4.75,,7/1/2032,
oscf-20251231,2025-12-31,Non-Control/Non-Affiliate Investments,RWK Midco AB,Life Sciences Tools & Services,First Lien Term Loan,8.92,"52,841","52,313","52,350",(5)(8)(10),SOFR+,4.75,,7/1/2032,
oscf-20251231,2025-12-31,Non-Control/Non-Affiliate Investments,Saratoga,Diversified Financial Services,Credit Linked Note,9.86,"82,235","81,816","83,386",(5)(8)(10)(12),SOFR+,5.33,,12/31/2029,
oscf-20251231,2025-12-31,Non-Control/Non-Affiliate Investments,Secure Acquisition Inc.,Paper & Plastic Packaging Products & Materials,First Lien Term Loan,7.42,"31,542","31,490","31,818",-5,SOFR+,3.75,,12/16/2028,
oscf-20251231,2025-12-31,Non-Control/Non-Affiliate Investments,SEI Holding I Corporation,Trading Companies & Distributors,First Lien Term Loan,8.75,"2,450","2,421","2,425",(5)(8),SOFR+,5,,3/27/2028,
oscf-20251231,2025-12-31,Non-Control/Non-Affiliate Investments,SEI Holding I Corporation,Trading Companies & Distributors,First Lien Term Loan,8.87,"3,324","3,270","3,270",(5)(8)(9),SOFR+,5,,3/27/2028,
oscf-20251231,2025-12-31,Non-Control/Non-Affiliate Investments,SEI Holding I Corporation,Trading Companies & Distributors,First Lien Revolver,,—,-34,-38,(5)(8)(9),SOFR+,5,,3/27/2028,
oscf-20251231,2025-12-31,Non-Control/Non-Affiliate Investments,SEI Holding I Corporation,Trading Companies & Distributors,First Lien Term Loan,,—,-26,-85,(5)(8)(9),SOFR+,5,,3/27/2028,
oscf-20251231,2025-12-31,Non-Control/Non-Affiliate Investments,SEI Holding I Corporation,Trading Companies & Distributors,First Lien Term Loan,8.72,"17,026","16,798","16,856",(5)(8),SOFR+,5,,3/27/2028,
oscf-20251231,2025-12-31,Non-Control/Non-Affiliate Investments,"Seres Therapeutics, Inc.",Biotechnology,Warrants,,,293,26,(8)(10)(14),,,,,"4,674"
oscf-20251231,2025-12-31,Non-Control/Non-Affiliate Investments,"Sierra Enterprises, LLC",Soft Drinks & Non-alcoholic Beverages,First Lien Term Loan,9.67,"57,096","56,346","57,096",(5)(8),SOFR+,6,,5/20/2030,
oscf-20251231,2025-12-31,Non-Control/Non-Affiliate Investments,"Sierra Enterprises, LLC",Soft Drinks & Non-alcoholic Beverages,First Lien Revolver,,—,-95,0,(5)(8)(9),SOFR+,6,,5/20/2030,
oscf-20251231,2025-12-31,Non-Control/Non-Affiliate Investments,Silk Holdings III LLC,Personal Care Products,First Lien Term Loan,8.34,"36,385","36,021","36,025",(5)(8),SOFR+,4.5,,12/1/2032,
oscf-20251231,2025-12-31,Non-Control/Non-Affiliate Investments,Silk Holdings III LLC,Personal Care Products,First Lien Revolver,7.34,485,461,461,(5)(8)(9),SOFR+,3.5,,12/1/2032,
oscf-20251231,2025-12-31,Non-Control/Non-Affiliate Investments,"Sorenson Communications, LLC",Communications Equipment,First Lien Term Loan,9.47,"81,220","80,149","79,995",(5)(8),SOFR+,5.75,,4/19/2029,
oscf-20251231,2025-12-31,Non-Control/Non-Affiliate Investments,"Sorenson Communications, LLC",Communications Equipment,First Lien Revolver,,—,-134,-150,(5)(8)(9),SOFR+,5.75,,4/19/2029,
oscf-20251231,2025-12-31,Non-Control/Non-Affiliate Investments,Sphynx UK Bidco Ltd,Packaged Foods & Meats,First Lien Term Loan,8.24,"8,490","5,469","5,591",(5)(8)(10),BBSW+,4.75,,9/2/2032,
oscf-20251231,2025-12-31,Non-Control/Non-Affiliate Investments,Sphynx UK Bidco Ltd,Packaged Foods & Meats,First Lien Term Loan,6.52,"4,699","5,412","5,450",(5)(8)(10),E+,4.75,,9/2/2032,
oscf-20251231,2025-12-31,Non-Control/Non-Affiliate Investments,Sphynx UK Bidco Ltd,Packaged Foods & Meats,First Lien Term Loan,8.23,"18,960","25,086","25,183",(5)(8)(10),SONIA+,4.75,,8/15/2032,
oscf-20251231,2025-12-31,Non-Control/Non-Affiliate Investments,Spruce Bidco I Inc.,Health Care Equipment,First Lien Term Loan,7,"21,058","14,351","15,220",(5)(8),CORRA+,4.75,,1/30/2032,
oscf-20251231,2025-12-31,Non-Control/Non-Affiliate Investments,Spruce Bidco I Inc.,Health Care Equipment,First Lien Term Loan,8.45,"116,312","114,796","115,230",(5)(8),SOFR+,4.75,,1/30/2032,
oscf-20251231,2025-12-31,Non-Control/Non-Affiliate Investments,Spruce Bidco I Inc.,Health Care Equipment,First Lien Term Loan,6.06,"2,251,646","14,349","14,230",(5)(8),TONA+,5,,1/30/2032,
oscf-20251231,2025-12-31,Non-Control/Non-Affiliate Investments,Spruce Bidco I Inc.,Health Care Equipment,First Lien Revolver,,—,-343,-240,(5)(8)(9),SOFR+,4.75,,1/30/2032,
oscf-20251231,2025-12-31,Non-Control/Non-Affiliate Investments,"Staples, Inc.",Office Services & Supplies,Fixed Rate Bond,10.75,"26,481","25,616","26,360",,,,,9/1/2029,
oscf-20251231,2025-12-31,Non-Control/Non-Affiliate Investments,"Staples, Inc.",Office Services & Supplies,First Lien Term Loan,9.6,"23,589","22,782","22,461",-5,SOFR+,5.75,,9/4/2029,
oscf-20251231,2025-12-31,Non-Control/Non-Affiliate Investments,"Star Parent, Inc.",Life Sciences Tools & Services,First Lien Term Loan,7.67,"65,018","63,930","65,168",-5,SOFR+,4,,9/27/2030,
oscf-20251231,2025-12-31,Non-Control/Non-Affiliate Investments,SumUp Holdings Luxembourg,Diversified Financial Services,First Lien Term Loan,8.07,"47,274","50,875","55,521",(5)(8)(10),E+,6,,4/25/2031,
oscf-20251231,2025-12-31,Non-Control/Non-Affiliate Investments,"TBRS, Inc.",Health Care Supplies,First Lien Term Loan,,—,-46,-33,(5)(8)(9),SOFR+,4.75,,11/22/2031,
oscf-20251231,2025-12-31,Non-Control/Non-Affiliate Investments,"TBRS, Inc.",Health Care Supplies,First Lien Term Loan,8.42,"56,315","55,899","55,752",(5)(8),SOFR+,4.75,,11/22/2031,
oscf-20251231,2025-12-31,Non-Control/Non-Affiliate Investments,"TBRS, Inc.",Health Care Supplies,First Lien Revolver,,—,-62,-76,(5)(8)(9),SOFR+,4.75,,11/22/2030,
oscf-20251231,2025-12-31,Non-Control/Non-Affiliate Investments,Ten-X LLC,Interactive Media & Services,First Lien Term Loan,9.73,"24,274","23,688","21,331",-5,SOFR+,6,,5/26/2028,
oscf-20251231,2025-12-31,Non-Control/Non-Affiliate Investments,"THG Acquisition, LLC",Insurance Brokers,First Lien Term Loan,8.47,"3,287","3,226","3,188",(5)(8)(9)(10),SOFR+,4.75,,10/31/2031,
oscf-20251231,2025-12-31,Non-Control/Non-Affiliate Investments,"THG Acquisition, LLC",Insurance Brokers,First Lien Term Loan,8.47,"50,452","50,032","50,008",(5)(8)(10),SOFR+,4.75,,10/31/2031,
oscf-20251231,2025-12-31,Non-Control/Non-Affiliate Investments,"THG Acquisition, LLC",Insurance Brokers,First Lien Revolver,8.47,745,698,695,(5)(8)(9)(10),SOFR+,4.75,,10/31/2031,
oscf-20251231,2025-12-31,Non-Control/Non-Affiliate Investments,Transit Buyer LLC,Diversified Support Services,First Lien Term Loan,8.72,396,387,396,(5)(8)(9),SOFR+,5,,1/31/2029,
oscf-20251231,2025-12-31,Non-Control/Non-Affiliate Investments,Transit Buyer LLC,Diversified Support Services,First Lien Term Loan,8.73,"8,040","7,960","8,040",(5)(8),SOFR+,5,,1/31/2029,
oscf-20251231,2025-12-31,Non-Control/Non-Affiliate Investments,Transit Buyer LLC,Diversified Support Services,First Lien Term Loan,8.73,"3,791","3,752","3,791",(5)(8),SOFR+,5,,1/31/2029,
oscf-20251231,2025-12-31,Non-Control/Non-Affiliate Investments,Transit Buyer LLC,Diversified Support Services,First Lien Term Loan,8.72,"8,236","8,151","8,236",(5)(8),SOFR+,5,,1/31/2029,
oscf-20251231,2025-12-31,Non-Control/Non-Affiliate Investments,"Trident TPI Holdings, Inc.",Paper & Plastic Packaging Products & Materials,First Lien Term Loan,7.42,"31,039","30,483","29,891",-5,SOFR+,3.75,,9/15/2028,
oscf-20251231,2025-12-31,Non-Control/Non-Affiliate Investments,Trinitas CLO VI Ltd.,Multi-Sector Holdings,CLO Notes,10.94,"2,785","2,630","2,611",(5)(10),SOFR+,7.08,,1/25/2034,
oscf-20251231,2025-12-31,Non-Control/Non-Affiliate Investments,"Truck-Lite Co., LLC",Construction Machinery & Heavy Transportation Equipment,First Lien Term Loan,8.45,"1,647","1,608","1,620",(5)(8)(9),SOFR+,4.75,,2/13/2032,
oscf-20251231,2025-12-31,Non-Control/Non-Affiliate Investments,"Truck-Lite Co., LLC",Construction Machinery & Heavy Transportation Equipment,First Lien Term Loan,8.48,"7,701","7,514","7,510",(5)(8)(9),SOFR+,4.75,,2/13/2032,
oscf-20251231,2025-12-31,Non-Control/Non-Affiliate Investments,"Truck-Lite Co., LLC",Construction Machinery & Heavy Transportation Equipment,First Lien Term Loan,,—,-67,-95,(5)(8)(9),SOFR+,4.75,,2/13/2032,
oscf-20251231,2025-12-31,Non-Control/Non-Affiliate Investments,"Truck-Lite Co., LLC",Construction Machinery & Heavy Transportation Equipment,First Lien Term Loan,8.48,"2,014","1,995","1,994",(5)(8),SOFR+,4.75,,2/13/2032,
oscf-20251231,2025-12-31,Non-Control/Non-Affiliate Investments,"Truck-Lite Co., LLC",Construction Machinery & Heavy Transportation Equipment,First Lien Term Loan,8.48,"76,484","75,409","75,734",(5)(8),SOFR+,4.75,,2/13/2032,
oscf-20251231,2025-12-31,Non-Control/Non-Affiliate Investments,"Truck-Lite Co., LLC",Construction Machinery & Heavy Transportation Equipment,First Lien Revolver,,—,-105,-76,(5)(8)(9),SOFR+,5,,2/13/2031,
oscf-20251231,2025-12-31,Non-Control/Non-Affiliate Investments,"US WorldMeds Ventures, LLC",Pharmaceuticals,First Lien Term Loan,,—,0,0,(5)(8)(9),SOFR+,6.25,,7/31/2030,
oscf-20251231,2025-12-31,Non-Control/Non-Affiliate Investments,"US WorldMeds Ventures, LLC",Pharmaceuticals,First Lien Term Loan,,—,0,0,(5)(8)(9),SOFR+,6.25,,7/31/2030,
oscf-20251231,2025-12-31,Non-Control/Non-Affiliate Investments,"US WorldMeds Ventures, LLC",Pharmaceuticals,First Lien Term Loan,9.92,"22,004","21,601","21,608",(5)(8),SOFR+,6.25,,7/31/2030,
oscf-20251231,2025-12-31,Non-Control/Non-Affiliate Investments,"USIC Holdings, Inc.",Diversified Support Services,First Lien Term Loan,9.32,"1,556","1,556","1,556",(5)(8)(9),SOFR+,5.5,,9/10/2031,
oscf-20251231,2025-12-31,Non-Control/Non-Affiliate Investments,"USIC Holdings, Inc.",Diversified Support Services,First Lien Term Loan,6.45,"16,998","16,830","17,107",(5)(8),SOFR+,5.75,3.13,9/10/2031,
oscf-20251231,2025-12-31,Non-Control/Non-Affiliate Investments,"USIC Holdings, Inc.",Diversified Support Services,First Lien Term Loan,9.32,"45,848","45,475","45,857",(5)(8),SOFR+,5.5,,9/10/2031,
oscf-20251231,2025-12-31,Non-Control/Non-Affiliate Investments,"USIC Holdings, Inc.",Diversified Support Services,First Lien Revolver,9.04,"2,763","2,715","2,763",(5)(8)(9),SOFR+,5.25,,9/10/2031,
oscf-20251231,2025-12-31,Non-Control/Non-Affiliate Investments,Violin Finco Guernsey Limited,Asset Management & Custody Banks,First Lien Term Loan,,—,-15,0,(5)(8)(9)(10),SONIA+,5.25,,6/24/2031,
oscf-20251231,2025-12-31,Non-Control/Non-Affiliate Investments,Violin Finco Guernsey Limited,Asset Management & Custody Banks,First Lien Term Loan,8.97,"40,334","50,780","54,251",(5)(8)(10),SONIA+,5.25,,6/24/2031,
oscf-20251231,2025-12-31,Non-Control/Non-Affiliate Investments,Werner Finco LP,Building Products,First Lien Term Loan,9.21,"48,783","48,118","48,134",(5)(8),SOFR+,5.5,,6/16/2031,
oscf-20251231,2025-12-31,Non-Control/Non-Affiliate Investments,West Star Aviation Acquisition LLC,Aerospace & Defense,First Lien Term Loan,8.22,"6,459","6,383","6,459",(5)(8)(9),SOFR+,4.5,,5/20/2032,
oscf-20251231,2025-12-31,Non-Control/Non-Affiliate Investments,West Star Aviation Acquisition LLC,Aerospace & Defense,First Lien Term Loan,8.22,"65,980","65,485","65,888",(5)(8),SOFR+,4.5,,5/20/2032,
oscf-20251231,2025-12-31,Non-Control/Non-Affiliate Investments,West Star Aviation Acquisition LLC,Aerospace & Defense,First Lien Revolver,8.42,"1,388","1,318","1,375",(5)(8)(9),SOFR+,4.5,,5/20/2032,
oscf-20251231,2025-12-31,Non-Control/Non-Affiliate Investments,"Whitney Merger Sub, Inc.",Application Software,First Lien Term Loan,8.42,"68,401","67,717","67,765",(5)(8),SOFR+,4.75,,7/3/2032,
oscf-20251231,2025-12-31,Non-Control/Non-Affiliate Investments,"Whitney Merger Sub, Inc.",Application Software,First Lien Revolver,,—,-98,-91,(5)(8)(9),SOFR+,4.75,,7/3/2032,
oscf-20251231,2025-12-31,Non-Control/Non-Affiliate Investments,Wilsonart LLC,Building Products,First Lien Term Loan,7.92,"13,313","12,995","12,928",-5,SOFR+,4.25,,8/5/2031,
oscf-20251231,2025-12-31,Non-Control/Non-Affiliate Investments,Woodmont 2022-9 Trust,Multi-Sector Holdings,CLO Notes,11.63,"9,385","9,299","9,567",(5)(10),SOFR+,7.77,,10/25/2036,
oscf-20251231,2025-12-31,Non-Control/Non-Affiliate Investments,"WP CPP Holdings, LLC",Aerospace & Defense,First Lien Term Loan,6.89,"2,656","2,630","2,655",(5)(8),SOFR+,7,3.88,11/29/2029,
oscf-20251231,2025-12-31,Non-Control/Non-Affiliate Investments,"WP CPP Holdings, LLC",Aerospace & Defense,First Lien Term Loan,7.29,"56,037","55,188","56,026",(5)(8),SOFR+,7,3.88,11/28/2029,
oscf-20251231,2025-12-31,Non-Control/Non-Affiliate Investments,"WP CPP Holdings, LLC",Aerospace & Defense,First Lien Revolver,,—,-95,-15,(5)(8)(9),SOFR+,7,,11/28/2029,
oscf-20251231,2025-12-31,Non-Control/Non-Affiliate Investments,X Holdings Corp.,Interactive Media & Services,First Lien Term Loan,10.45,"27,813","27,663","27,386",-5,SOFR+,6.5,,10/26/2029,
oscf-20251231,2025-12-31,Non-Control/Non-Affiliate Investments,X Holdings Corp.,Interactive Media & Services,First Lien Term Loan,9.5,"10,000","9,767","9,984",,,,,10/26/2029,
oscf-20251231,2025-12-31,Non-Control/Non-Affiliate Investments,Zayo Group Holdings Inc,Alternative Carriers,First Lien Term Loan,6.33,"18,816","17,929","17,909",-5,SOFR+,3,0.5,3/11/2030,
oscf-20260331,2026-03-31,Non-Control/Non-Affiliate Investments,107-109 Beech OAK22 LLC,Real Estate Development,First Lien Revolver,11,"9,600","9,593","9,600",(8)(9),,,,5/27/2026,
oscf-20260331,2026-03-31,Non-Control/Non-Affiliate Investments,1261229 BC LTD,Pharmaceuticals,Fixed Rate Bond,10,"22,200","22,200","22,748",-10,,,,4/15/2032,
oscf-20260331,2026-03-31,Non-Control/Non-Affiliate Investments,1261229 BC LTD,Pharmaceuticals,First Lien Term Loan,9.92,"27,492","26,926","26,606",(5)(10),SOFR+,6.25,,10/8/2030,
oscf-20260331,2026-03-31,Non-Control/Non-Affiliate Investments,"1440 Foods Topco, LLC",Packaged Foods & Meats,First Lien Term Loan,8.67,"61,636","58,888","51,157",-5,SOFR+,5,,10/31/2031,
oscf-20260331,2026-03-31,Non-Control/Non-Affiliate Investments,"Access CIG, LLC",Diversified Support Services,First Lien Term Loan,7.7,"65,089","64,763","59,177",-5,SOFR+,4,,8/19/2030,
oscf-20260331,2026-03-31,Non-Control/Non-Affiliate Investments,ACESO Holding 4 S.A.R.L.,Health Care Services,First Lien Term Loan,8.25,"8,508","9,822","9,702",(5)(8)(10),E+,5.75,,9/27/2031,
oscf-20260331,2026-03-31,Non-Control/Non-Affiliate Investments,ACESO Holding 4 S.a.r.l.,Health Care Services,First Lien Term Loan,8.25,"39,777","45,890","45,359",(5)(8)(10),E+,5.75,,9/30/2031,
oscf-20260331,2026-03-31,Non-Control/Non-Affiliate Investments,ACESO Holding 4 S.A.R.L.,Health Care Services,First Lien Term Loan,8.25,"34,034","37,492","38,810",(5)(8)(10),E+,5.75,,9/27/2031,
oscf-20260331,2026-03-31,Non-Control/Non-Affiliate Investments,ACP Falcon Buyer Inc,Systems Software,First Lien Term Loan,9.16,"33,887","33,322","33,802",(5)(8),SOFR+,5.5,,8/1/2029,
oscf-20260331,2026-03-31,Non-Control/Non-Affiliate Investments,ACP Falcon Buyer Inc,Systems Software,First Lien Revolver,,—,-89,-13,(5)(8)(9),SOFR+,5.5,,8/1/2029,
oscf-20260331,2026-03-31,Non-Control/Non-Affiliate Investments,Acquia Inc.,Application Software,First Lien Term Loan,8.8,"11,166","11,120","10,974",(5)(8),SOFR+,5,,10/30/2026,
oscf-20260331,2026-03-31,Non-Control/Non-Affiliate Investments,ADC Therapeutics SA,Biotechnology,First Lien Term Loan,11.35,"10,406","10,148","10,351",(5)(8)(10),SOFR+,7.5,,8/15/2029,
oscf-20260331,2026-03-31,Non-Control/Non-Affiliate Investments,ADC Therapeutics SA,Biotechnology,Warrants,,,275,32,(8)(10)(14),,,,,"45,727"
oscf-20260331,2026-03-31,Non-Control/Non-Affiliate Investments,AIP RD Buyer Corp.,Distributors,Common Stock,,,428,736,(8)(14),,,,,"4,560"
oscf-20260331,2026-03-31,Non-Control/Non-Affiliate Investments,Arches Buyer Inc.,Interactive Media & Services,First Lien Term Loan,9.17,"92,319","91,728","92,319",(5)(8),SOFR+,5.5,,12/6/2027,
oscf-20260331,2026-03-31,Non-Control/Non-Affiliate Investments,"Artera Services, LLC",Construction & Engineering,Fixed Rate Bond,8.5,"25,234","23,338","21,629",,,,,2/15/2031,
oscf-20260331,2026-03-31,Non-Control/Non-Affiliate Investments,"Artera Services, LLC",Construction & Engineering,First Lien Term Loan,8.17,"53,261","52,833","45,694",-5,SOFR+,4.5,,2/15/2031,
oscf-20260331,2026-03-31,Non-Control/Non-Affiliate Investments,ASP Integrity Acquisition Co LLC,Diversified Support Services,First Lien Term Loan,,—,-51,-294,(5)(8)(9),SOFR+,5,,3/6/2032,
oscf-20260331,2026-03-31,Non-Control/Non-Affiliate Investments,ASP Integrity Acquisition Co LLC,Diversified Support Services,First Lien Term Loan,8.67,"47,382","46,780","45,634",(5)(8),SOFR+,5,,3/6/2032,
oscf-20260331,2026-03-31,Non-Control/Non-Affiliate Investments,ASP Integrity Acquisition Co LLC,Diversified Support Services,First Lien Revolver,10.75,"6,083","5,972","5,752",(5)(8)(9),PRIME+,4,,3/6/2031,
oscf-20260331,2026-03-31,Non-Control/Non-Affiliate Investments,ASP-R-PAC Acquisition Co LLC,Paper & Plastic Packaging Products & Materials,First Lien Term Loan,9.67,983,977,972,(5)(8)(10),SOFR+,6,,12/29/2027,
oscf-20260331,2026-03-31,Non-Control/Non-Affiliate Investments,ASP-R-PAC Acquisition Co LLC,Paper & Plastic Packaging Products & Materials,First Lien Term Loan,9.93,"4,738","4,711","4,685",(5)(8)(10),SOFR+,6,,12/29/2027,
oscf-20260331,2026-03-31,Non-Control/Non-Affiliate Investments,ASP-R-PAC Acquisition Co LLC,Paper & Plastic Packaging Products & Materials,First Lien Revolver,9.78,552,549,546,(5)(8)(9)(10),SOFR+,6,,12/29/2027,
oscf-20260331,2026-03-31,Non-Control/Non-Affiliate Investments,"Asurion, LLC",Property & Casualty Insurance,First Lien Term Loan,7.42,"21,836","21,502","21,140",-5,SOFR+,3.75,,2/23/2033,
oscf-20260331,2026-03-31,Non-Control/Non-Affiliate Investments,athenahealth Group Inc.,Health Care Technology,Fixed Rate Bond,6.5,"10,357","10,030","9,732",,,,,2/15/2030,
oscf-20260331,2026-03-31,Non-Control/Non-Affiliate Investments,athenahealth Group Inc.,Health Care Technology,Preferred Equity,,,"1,706","2,308",(8)(13)(14),,,,,"1,524"
oscf-20260331,2026-03-31,Non-Control/Non-Affiliate Investments,"Atlas Borrower, LLC",Health Care Services,First Lien Term Loan,8.2,"57,995","57,415","57,456",(5)(8),SOFR+,4.5,,9/4/2032,
oscf-20260331,2026-03-31,Non-Control/Non-Affiliate Investments,"Atlas Borrower, LLC",Health Care Services,First Lien Revolver,,—,-99,-92,(5)(8)(9),SOFR+,4.5,,9/4/2032,
oscf-20260331,2026-03-31,Non-Control/Non-Affiliate Investments,Aurelia Netherlands B.V.,Interactive Media & Services,First Lien Term Loan,6.77,"99,155","110,901","112,247",(5)(8)(10),E+,4.75,,5/29/2031,
oscf-20260331,2026-03-31,Non-Control/Non-Affiliate Investments,Aurora Lux Finco S.A.R.L,Application Software,First Lien Term Loan,8.95,"39,900","39,155","36,758",(5)(10),SOFR+,5.25,,9/26/2032,
oscf-20260331,2026-03-31,Non-Control/Non-Affiliate Investments,AVSC Holding Corp.,Specialized Consumer Services,First Lien Term Loan,8.67,"120,710","118,751","118,610",(5)(8),SOFR+,5,,12/5/2031,
oscf-20260331,2026-03-31,Non-Control/Non-Affiliate Investments,AVSC Holding Corp.,Specialized Consumer Services,First Lien Revolver,8.67,"2,348","2,156","2,142",(5)(8)(9),SOFR+,5,,12/5/2029,
oscf-20260331,2026-03-31,Non-Control/Non-Affiliate Investments,Ballyrock CLO 19,Multi-Sector Holdings,CLO Notes,10.78,"2,220","2,223","2,029",(5)(10),SOFR+,7.11,,4/20/2035,
oscf-20260331,2026-03-31,Non-Control/Non-Affiliate Investments,"Bamboo Ide8 Insurance Services, LLC",Property & Casualty Insurance,First Lien Term Loan,8.7,"47,816","47,457","47,481",(5)(8),SOFR+,5,,1/24/2031,
oscf-20260331,2026-03-31,Non-Control/Non-Affiliate Investments,"Bamboo Ide8 Insurance Services, LLC",Property & Casualty Insurance,First Lien Revolver,,—,-36,-34,(5)(8)(9),SOFR+,5,,1/24/2031,
oscf-20260331,2026-03-31,Non-Control/Non-Affiliate Investments,Bamboo US Bidco LLC,Health Care Equipment,First Lien Term Loan,8.67,"3,234","3,209","3,201",(5)(8),SOFR+,5,,9/30/2030,
oscf-20260331,2026-03-31,Non-Control/Non-Affiliate Investments,Bamboo US Bidco LLC,Health Care Equipment,First Lien Term Loan,8.67,"3,250","3,237","3,218",(5)(8),SOFR+,5,,9/30/2030,
oscf-20260331,2026-03-31,Non-Control/Non-Affiliate Investments,Bamboo US Bidco LLC,Health Care Equipment,First Lien Term Loan,8.67,"3,865","3,805","3,826",(5)(8),SOFR+,5,,9/30/2030,
oscf-20260331,2026-03-31,Non-Control/Non-Affiliate Investments,Bamboo US Bidco LLC,Health Care Equipment,First Lien Term Loan,8.67,"25,263","24,793","25,010",(5)(8),SOFR+,5,,9/30/2030,
oscf-20260331,2026-03-31,Non-Control/Non-Affiliate Investments,Bamboo US Bidco LLC,Health Care Equipment,First Lien Revolver,,—,-91,-52,(5)(8)(9),SOFR+,5.25,,10/1/2029,
oscf-20260331,2026-03-31,Non-Control/Non-Affiliate Investments,Bamboo US Bidco LLC,Health Care Equipment,First Lien Term Loan,7.03,"15,718","16,351","17,929",(5)(8),E+,5,,9/30/2030,
oscf-20260331,2026-03-31,Non-Control/Non-Affiliate Investments,"Barracuda Parent, LLC",Systems Software,First Lien Term Loan,10.17,"48,886","47,764","40,087",(5)(8),SOFR+,6.5,,8/15/2029,
oscf-20260331,2026-03-31,Non-Control/Non-Affiliate Investments,"Bayou Intermediate II, LLC",Health Care Supplies,First Lien Term Loan,8.45,"5,849","5,767","5,753",(5)(8)(9),SOFR+,4.75,,9/30/2032,
oscf-20260331,2026-03-31,Non-Control/Non-Affiliate Investments,"Bayou Intermediate II, LLC",Health Care Supplies,First Lien Term Loan,8.45,"38,756","38,368","38,403",(5)(8),SOFR+,4.75,,9/30/2032,
oscf-20260331,2026-03-31,Non-Control/Non-Affiliate Investments,"Bayou Intermediate II, LLC",Health Care Supplies,First Lien Revolver,8.45,"2,396","2,340","2,345",(5)(8)(9),SOFR+,4.75,,9/30/2032,
oscf-20260331,2026-03-31,Non-Control/Non-Affiliate Investments,Beach Acquisition Bidco LLC,Footwear,Fixed Rate Bond,,"18,443","18,443","19,656",,,,10.75,7/15/2033,
oscf-20260331,2026-03-31,Non-Control/Non-Affiliate Investments,"BG MS US Holdings, LLC",Aerospace & Defense,First Lien Term Loan,8.45,"11,500","11,290","11,443",-5,SOFR+,4.75,,10/17/2032,
oscf-20260331,2026-03-31,Non-Control/Non-Affiliate Investments,"BioXcel Therapeutics, Inc.",Pharmaceuticals,First Lien Term Loan,13,"3,289","3,263","2,876",(8)(10),,,,4/19/2027,
oscf-20260331,2026-03-31,Non-Control/Non-Affiliate Investments,"BioXcel Therapeutics, Inc.",Pharmaceuticals,First Lien Term Loan,13,"1,363","1,363","1,192",(8)(10),,,,4/19/2027,
oscf-20260331,2026-03-31,Non-Control/Non-Affiliate Investments,"BioXcel Therapeutics, Inc.",Pharmaceuticals,Common Stock,,,0,17,(10)(14),,,,,"12,702"
oscf-20260331,2026-03-31,Non-Control/Non-Affiliate Investments,"BioXcel Therapeutics, Inc.",Pharmaceuticals,Warrants,,,0,0,(8)(10)(14),,,,,279
oscf-20260331,2026-03-31,Non-Control/Non-Affiliate Investments,"BioXcel Therapeutics, Inc.",Pharmaceuticals,Warrants,,,74,0,(8)(10)(14),,,,,975
oscf-20260331,2026-03-31,Non-Control/Non-Affiliate Investments,"Biscuit Parent, LLC",Application Software,First Lien Term Loan,,—,-37,0,(5)(8)(9),SOFR+,4.75,,2/27/2031,
oscf-20260331,2026-03-31,Non-Control/Non-Affiliate Investments,"Biscuit Parent, LLC",Application Software,First Lien Term Loan,8.45,"32,618","32,367","32,618",(5)(8),SOFR+,4.75,,2/27/2031,
oscf-20260331,2026-03-31,Non-Control/Non-Affiliate Investments,"Biscuit Parent, LLC",Application Software,First Lien Term Loan,8.45,"60,536","60,020","60,536",(5)(8),SOFR+,4.75,,2/27/2031,
oscf-20260331,2026-03-31,Non-Control/Non-Affiliate Investments,"Biscuit Parent, LLC",Application Software,First Lien Revolver,,—,-158,0,(5)(8)(9),SOFR+,4.75,,2/27/2031,
oscf-20260331,2026-03-31,Non-Control/Non-Affiliate Investments,"Blazing Star Parent, LLC",Drug Retail,First Lien Term Loan,10.67,"85,328","83,447","83,664",(5)(8),SOFR+,7,,8/28/2030,
oscf-20260331,2026-03-31,Non-Control/Non-Affiliate Investments,Blue Bidco Ltd,Wireless Telecommunication Services,First Lien Term Loan,8.73,"3,678","3,745","3,637",(5)(8)(9)(10),SOFR+,5,,6/14/2032,
oscf-20260331,2026-03-31,Non-Control/Non-Affiliate Investments,Blue Bidco Ltd,Wireless Telecommunication Services,First Lien Term Loan,8.68,"1,644","1,630","1,603",(5)(8)(10),SOFR+,5,,6/14/2032,
oscf-20260331,2026-03-31,Non-Control/Non-Affiliate Investments,Blue Bidco Ltd,Wireless Telecommunication Services,First Lien Term Loan,8.73,"8,475","11,418","10,896",(5)(8)(10),SONIA+,5,,6/14/2032,
oscf-20260331,2026-03-31,Non-Control/Non-Affiliate Investments,Blue Bidco Ltd,Wireless Telecommunication Services,First Lien Term Loan,7.17,"5,593","6,420","6,283",(5)(8)(10),E+,5,,6/14/2032,
oscf-20260331,2026-03-31,Non-Control/Non-Affiliate Investments,BOTA BIDCO GMBH,Diversified Chemicals,First Lien Term Loan,5.89,"8,632","8,552","9,672",(5)(8)(10),E+,3.75,,10/31/2029,
oscf-20260331,2026-03-31,Non-Control/Non-Affiliate Investments,BOTA BIDCO GMBH,Diversified Chemicals,First Lien Term Loan,6.39,"36,081","35,651","39,598",(5)(8)(10),E+,4.25,,10/31/2030,
oscf-20260331,2026-03-31,Non-Control/Non-Affiliate Investments,Buttercup 2023-1 LLC,Specialized Finance,CLO Notes,10.13,"30,824","30,901","30,855",(5)(8)(10),SOFR+,6.5,,9/30/2030,
oscf-20260331,2026-03-31,Non-Control/Non-Affiliate Investments,CCO Holdings LLC,Cable & Satellite,Fixed Rate Bond,7,"36,000","36,000","36,135",-10,,,,2/1/2033,
oscf-20260331,2026-03-31,Non-Control/Non-Affiliate Investments,"Centralsquare Technologies, LLC",Application Software,First Lien Term Loan,9.42,"30,890","30,398","30,544",(5)(8),SOFR+,5.75,,4/12/2030,
oscf-20260331,2026-03-31,Non-Control/Non-Affiliate Investments,"Centralsquare Technologies, LLC",Application Software,First Lien Revolver,,—,-57,-36,(5)(8)(9),SOFR+,5.75,,4/12/2030,
oscf-20260331,2026-03-31,Non-Control/Non-Affiliate Investments,Cielo Bidco Limited,Building Products,First Lien Term Loan,6.64,"2,675","3,068","3,023",(5)(8)(9)(10),E+,4.75,,3/31/2032,
oscf-20260331,2026-03-31,Non-Control/Non-Affiliate Investments,Cielo Bidco Limited,Building Products,First Lien Term Loan,6.64,"9,166","10,599","10,455",(5)(8)(10),E+,4.75,,3/31/2032,
oscf-20260331,2026-03-31,Non-Control/Non-Affiliate Investments,Cielo Bidco Limited,Building Products,First Lien Term Loan,8.48,"39,461","52,954","51,517",(5)(8)(10),SONIA+,4.75,,3/31/2032,
oscf-20260331,2026-03-31,Non-Control/Non-Affiliate Investments,Connect Holding II LLC,Alternative Carriers,Fixed Rate Bond,10.5,"10,108","9,833","10,056",,,,,4/3/2031,
oscf-20260331,2026-03-31,Non-Control/Non-Affiliate Investments,Connect Holding II LLC,Alternative Carriers,First Lien Term Loan,7.93,"34,261","31,891","31,979",-5,SOFR+,4.25,,4/3/2031,
oscf-20260331,2026-03-31,Non-Control/Non-Affiliate Investments,"Coupa Holdings, LLC",Application Software,First Lien Term Loan,,—,-8,-48,(5)(8)(9),SOFR+,5.25,,2/27/2030,
oscf-20260331,2026-03-31,Non-Control/Non-Affiliate Investments,"Coupa Holdings, LLC",Application Software,First Lien Term Loan,8.92,"13,228","13,043","12,699",(5)(8),SOFR+,5.25,,2/27/2030,
oscf-20260331,2026-03-31,Non-Control/Non-Affiliate Investments,"Coupa Holdings, LLC",Application Software,First Lien Revolver,,—,-11,-37,(5)(8)(9),SOFR+,5.25,,2/27/2029,
oscf-20260331,2026-03-31,Non-Control/Non-Affiliate Investments,"Creek Parent, Inc.",Life Sciences Tools & Services,First Lien Term Loan,8.67,"105,414","103,728","103,770",(5)(8),SOFR+,5,,12/18/2031,
oscf-20260331,2026-03-31,Non-Control/Non-Affiliate Investments,"Creek Parent, Inc.",Life Sciences Tools & Services,First Lien Revolver,,—,-218,-236,(5)(8)(9),SOFR+,5,,12/18/2031,
oscf-20260331,2026-03-31,Non-Control/Non-Affiliate Investments,"Crewline Buyer, Inc.",Application Software,First Lien Term Loan,10.42,"3,080","3,021","2,926",(5)(8),SOFR+,6.75,,11/8/2030,
oscf-20260331,2026-03-31,Non-Control/Non-Affiliate Investments,"Crewline Buyer, Inc.",Application Software,First Lien Term Loan,10.42,"43,911","43,189","41,715",(5)(8),SOFR+,6.75,,11/8/2030,
oscf-20260331,2026-03-31,Non-Control/Non-Affiliate Investments,"Crewline Buyer, Inc.",Application Software,First Lien Revolver,,—,-75,-229,(5)(8)(9),SOFR+,6.75,,11/8/2030,
oscf-20260331,2026-03-31,Non-Control/Non-Affiliate Investments,"Dealer Tire Financial, LLC",Distributors,Fixed Rate Bond,8,"32,113","31,882","31,419",,,,,2/1/2028,
oscf-20260331,2026-03-31,Non-Control/Non-Affiliate Investments,Delta Leasing SPV II LLC,Specialized Finance,Subordinated Debt Term Loan,8,"40,060","40,060","40,060",(8)(10),,,3,8/31/2029,
oscf-20260331,2026-03-31,Non-Control/Non-Affiliate Investments,Delta Leasing SPV II LLC,Specialized Finance,Subordinated Debt Term Loan,3,"30,072","30,072","30,072",(8)(10),,,7,8/31/2029,
oscf-20260331,2026-03-31,Non-Control/Non-Affiliate Investments,Delta Leasing SPV II LLC,Specialized Finance,Preferred Equity,,,330,332,(8)(10)(14),,,,,330
oscf-20260331,2026-03-31,Non-Control/Non-Affiliate Investments,Delta Leasing SPV II LLC,Specialized Finance,Warrants,,,0,0,(8)(10)(14),,,,,25
oscf-20260331,2026-03-31,Non-Control/Non-Affiliate Investments,Delta Leasing SPV II LLC,Specialized Finance,Common Stock,,,2,0,(8)(10)(14),,,,,2
oscf-20260331,2026-03-31,Non-Control/Non-Affiliate Investments,Digicel International Finance Ltd / Difl US LLC,Wireless Telecommunication Services,Fixed Rate Bond,8.63,"4,757","4,757","4,844",-10,,,,8/1/2032,
oscf-20260331,2026-03-31,Non-Control/Non-Affiliate Investments,"DirecTV Financing, LLC",Cable & Satellite,Fixed Rate Bond,10,"21,198","21,198","21,656",,,,,2/15/2031,
oscf-20260331,2026-03-31,Non-Control/Non-Affiliate Investments,"DirecTV Financing, LLC",Cable & Satellite,First Lien Term Loan,9.18,"15,749","15,507","15,814",-5,SOFR+,5.5,,8/2/2029,
oscf-20260331,2026-03-31,Non-Control/Non-Affiliate Investments,"DirecTV Financing, LLC",Cable & Satellite,First Lien Term Loan,9.17,"17,291","17,070","17,338",-5,SOFR+,5.5,,2/17/2031,
oscf-20260331,2026-03-31,Non-Control/Non-Affiliate Investments,"Draken International, LLC",Aerospace & Defense,First Lien Term Loan,,—,-194,0,(5)(8)(9)(10),SOFR+,5,,5/19/2032,
oscf-20260331,2026-03-31,Non-Control/Non-Affiliate Investments,"Draken International, LLC",Aerospace & Defense,First Lien Term Loan,8.65,"18,849","18,519","18,812",(5)(8)(10),SOFR+,5,,5/19/2032,
oscf-20260331,2026-03-31,Non-Control/Non-Affiliate Investments,"Draken International, LLC",Aerospace & Defense,First Lien Term Loan,8.73,"59,320","77,904","78,069",(5)(8)(10),SONIA+,5,,5/19/2032,
oscf-20260331,2026-03-31,Non-Control/Non-Affiliate Investments,"DTI Holdco, Inc.",Research & Consulting Services,First Lien Term Loan,7.67,"19,238","18,692","16,657",-5,SOFR+,4,,4/26/2029,
oscf-20260331,2026-03-31,Non-Control/Non-Affiliate Investments,Dukes Root Control Inc.,Environmental & Facilities Services,First Lien Term Loan,9.32,"1,034","1,028","1,034",(5)(8),SOFR+,5.5,,12/8/2028,
oscf-20260331,2026-03-31,Non-Control/Non-Affiliate Investments,Dukes Root Control Inc.,Environmental & Facilities Services,First Lien Term Loan,9.31,"1,918","1,903","1,918",(5)(8),SOFR+,5.5,,12/8/2029,
oscf-20260331,2026-03-31,Non-Control/Non-Affiliate Investments,Dukes Root Control Inc.,Environmental & Facilities Services,First Lien Term Loan,9.32,"17,035","16,887","17,035",(5)(8),SOFR+,5.5,,12/8/2028,
oscf-20260331,2026-03-31,Non-Control/Non-Affiliate Investments,Dukes Root Control Inc.,Environmental & Facilities Services,First Lien Revolver,,—,-18,0,(5)(8)(9),SOFR+,5.5,,12/8/2028,
oscf-20260331,2026-03-31,Non-Control/Non-Affiliate Investments,Empire Bidco AB,Life Sciences Tools & Services,First Lien Term Loan,,—,-453,-400,(5)(8)(9)(10),STIBOR+,5.25,,9/22/2032,
oscf-20260331,2026-03-31,Non-Control/Non-Affiliate Investments,Empire Bidco AB,Life Sciences Tools & Services,First Lien Term Loan,7.27,"348,703","36,568","35,938",(5)(8)(10),STIBOR+,5.25,,9/22/2032,
oscf-20260331,2026-03-31,Non-Control/Non-Affiliate Investments,Empire Bidco AB,Life Sciences Tools & Services,First Lien Term Loan,8.98,"27,033","35,959","35,006",(5)(8)(10),SONIA+,5.25,,9/22/2032,
oscf-20260331,2026-03-31,Non-Control/Non-Affiliate Investments,Engineering Research And Consulting LLC,Construction & Engineering,First Lien Term Loan,8.7,"31,580","31,148","25,054",-5,SOFR+,5,,8/29/2031,
oscf-20260331,2026-03-31,Non-Control/Non-Affiliate Investments,"Enverus Holdings, Inc.",Application Software,First Lien Term Loan,,—,-24,-21,(5)(8)(9),SOFR+,4.5,,12/18/2032,
oscf-20260331,2026-03-31,Non-Control/Non-Affiliate Investments,"Enverus Holdings, Inc.",Application Software,First Lien Term Loan,8.17,"58,529","58,327","58,330",(5)(8),SOFR+,4.5,,12/18/2032,
oscf-20260331,2026-03-31,Non-Control/Non-Affiliate Investments,"Enverus Holdings, Inc.",Application Software,First Lien Revolver,,—,-19,-17,(5)(8)(9),SOFR+,4.5,,12/18/2032,
oscf-20260331,2026-03-31,Non-Control/Non-Affiliate Investments,"eShipping, LLC",Diversified Support Services,First Lien Term Loan,,—,-18,-16,(5)(8)(9)(10),SOFR+,4.5,,12/23/2032,
oscf-20260331,2026-03-31,Non-Control/Non-Affiliate Investments,"eShipping, LLC",Diversified Support Services,First Lien Term Loan,8.2,"18,955","18,960","18,867",(5)(8)(10),SOFR+,4.5,,12/23/2032,
oscf-20260331,2026-03-31,Non-Control/Non-Affiliate Investments,"eShipping, LLC",Diversified Support Services,First Lien Revolver,10.25,224,206,207,(5)(8)(9)(10),PRIME+,3.5,,12/23/2032,
oscf-20260331,2026-03-31,Non-Control/Non-Affiliate Investments,Establishment Labs Holdings Inc.,Health Care Technology,First Lien Term Loan,9,"1,832","1,825","1,868",(8)(10),,,,4/21/2027,
oscf-20260331,2026-03-31,Non-Control/Non-Affiliate Investments,Establishment Labs Holdings Inc.,Health Care Technology,First Lien Term Loan,10,"1,689","1,682","1,722",(8)(10),,,,4/21/2027,
oscf-20260331,2026-03-31,Non-Control/Non-Affiliate Investments,Establishment Labs Holdings Inc.,Health Care Technology,First Lien Term Loan,10,"1,689","1,682","1,723",(8)(10),,,,4/21/2027,
oscf-20260331,2026-03-31,Non-Control/Non-Affiliate Investments,Establishment Labs Holdings Inc.,Health Care Technology,First Lien Term Loan,9,"11,437","11,404","11,666",(8)(10),,,,4/21/2027,
oscf-20260331,2026-03-31,Non-Control/Non-Affiliate Investments,"Everbridge, Inc.",Application Software,First Lien Term Loan,8.66,"7,642","7,591","7,446",(5)(8)(9),SOFR+,5,,7/2/2031,
oscf-20260331,2026-03-31,Non-Control/Non-Affiliate Investments,"Everbridge, Inc.",Application Software,First Lien Term Loan,8.66,"77,969","77,677","77,190",(5)(8),SOFR+,5,,7/2/2031,
oscf-20260331,2026-03-31,Non-Control/Non-Affiliate Investments,"Everbridge, Inc.",Application Software,First Lien Revolver,,—,-30,-79,(5)(8)(9),SOFR+,5,,7/2/2031,
oscf-20260331,2026-03-31,Non-Control/Non-Affiliate Investments,"Evergreen IX Borrower 2023, LLC",Application Software,First Lien Term Loan,8.45,"8,961","8,895","8,890",(5)(8),SOFR+,4.75,,9/30/2030,
oscf-20260331,2026-03-31,Non-Control/Non-Affiliate Investments,"Evergreen IX Borrower 2023, LLC",Application Software,First Lien Term Loan,8.45,"35,489","34,919","35,212",(5)(8),SOFR+,4.75,,9/30/2030,
oscf-20260331,2026-03-31,Non-Control/Non-Affiliate Investments,"Evergreen IX Borrower 2023, LLC",Application Software,First Lien Revolver,,—,-58,-29,(5)(8)(9),SOFR+,4.75,,9/29/2029,
oscf-20260331,2026-03-31,Non-Control/Non-Affiliate Investments,Eyesouth Eye Care Holdco LLC,Health Care Services,First Lien Term Loan,9.27,"4,805","4,746","4,747",(5)(8)(9),SOFR+,5.5,,10/5/2029,
oscf-20260331,2026-03-31,Non-Control/Non-Affiliate Investments,Eyesouth Eye Care Holdco LLC,Health Care Services,First Lien Term Loan,9.27,"3,159","3,119","3,121",(5)(8),SOFR+,5.5,,10/5/2029,
oscf-20260331,2026-03-31,Non-Control/Non-Affiliate Investments,Eyesouth Eye Care Holdco LLC,Health Care Services,Common Stock,,,885,"1,140",(8)(14),,,,,885
oscf-20260331,2026-03-31,Non-Control/Non-Affiliate Investments,F&M BUYER LLC,Systems Software,First Lien Term Loan,,—,-40,-40,(5)(8)(9),SOFR+,4.5,,3/18/2032,
oscf-20260331,2026-03-31,Non-Control/Non-Affiliate Investments,F&M BUYER LLC,Systems Software,First Lien Term Loan,8.2,"23,866","23,627","23,377",(5)(8),SOFR+,4.5,,3/18/2032,
oscf-20260331,2026-03-31,Non-Control/Non-Affiliate Investments,F&M BUYER LLC,Systems Software,First Lien Revolver,,—,-35,-71,(5)(8)(9),SOFR+,4.5,,3/18/2032,
oscf-20260331,2026-03-31,Non-Control/Non-Affiliate Investments,Flexera Software LLC,Application Software,First Lien Term Loan,8.2,"11,678","11,593","11,211",(5)(8),SOFR+,4.5,,8/16/2032,
oscf-20260331,2026-03-31,Non-Control/Non-Affiliate Investments,Flexera Software LLC,Application Software,First Lien Term Loan,6.45,"12,305","14,376","13,646",(5)(8),E+,4.5,,8/15/2032,
oscf-20260331,2026-03-31,Non-Control/Non-Affiliate Investments,Flexera Software LLC,Application Software,First Lien Term Loan,8.15,"40,774","40,672","39,143",(5)(8),SOFR+,4.5,,8/15/2032,
oscf-20260331,2026-03-31,Non-Control/Non-Affiliate Investments,Flexera Software LLC,Application Software,First Lien Revolver,,—,-8,-125,(5)(8)(9),SOFR+,4.5,,8/13/2032,
oscf-20260331,2026-03-31,Non-Control/Non-Affiliate Investments,Fortress Credit BSL XV,Multi-Sector Holdings,CLO Notes,8.42,"5,000","5,000","4,925",(5)(10),SOFR+,4.75,,10/18/2033,
oscf-20260331,2026-03-31,Non-Control/Non-Affiliate Investments,Fortress Credit BSL XV,Multi-Sector Holdings,CLO Notes,12.12,"6,000","6,035","5,626",(5)(10),SOFR+,8.45,,10/18/2033,
oscf-20260331,2026-03-31,Non-Control/Non-Affiliate Investments,"Galileo Parent, Inc.",Aerospace & Defense,First Lien Term Loan,8.12,"25,406","25,025","24,953",-5,SOFR+,4.5,,3/3/2033,
oscf-20260331,2026-03-31,Non-Control/Non-Affiliate Investments,Geo Topco Corporation,Building Products,First Lien Term Loan,8.18,"10,195","10,068","10,064",(5)(8)(9),SOFR+,4.5,,10/15/2031,
oscf-20260331,2026-03-31,Non-Control/Non-Affiliate Investments,Geo Topco Corporation,Building Products,First Lien Term Loan,8.17,"56,177","55,732","55,823",(5)(8),SOFR+,4.5,,10/15/2031,
oscf-20260331,2026-03-31,Non-Control/Non-Affiliate Investments,Geo Topco Corporation,Building Products,First Lien Revolver,8.17,"1,821","1,759","1,772",(5)(8)(9),SOFR+,4.5,,10/15/2031,
oscf-20260331,2026-03-31,Non-Control/Non-Affiliate Investments,"Grand River Aseptic Manufacturing, Inc.",Health Care Equipment,First Lien Term Loan,8.67,"30,022","29,775","29,367",(5)(8),SOFR+,5,,3/10/2031,
oscf-20260331,2026-03-31,Non-Control/Non-Affiliate Investments,"Grand River Aseptic Manufacturing, Inc.",Health Care Equipment,First Lien Revolver,8.71,"2,309","2,233","2,108",(5)(8)(9),SOFR+,5,,3/10/2031,
oscf-20260331,2026-03-31,Non-Control/Non-Affiliate Investments,"Greenway Health, LLC",Health Care Technology,First Lien Term Loan,10.45,"24,500","24,082","24,206",(5)(8),SOFR+,6.75,,4/1/2029,
oscf-20260331,2026-03-31,Non-Control/Non-Affiliate Investments,"Grove Hotel Parcel Owner, LLC","Hotels, Resorts & Cruise Lines",First Lien Term Loan,11.77,"3,537","3,519","3,417",(5)(8),SOFR+,8,,6/21/2027,
oscf-20260331,2026-03-31,Non-Control/Non-Affiliate Investments,"Grove Hotel Parcel Owner, LLC","Hotels, Resorts & Cruise Lines",First Lien Term Loan,11.77,"17,065","16,982","16,488",(5)(8),SOFR+,8,,6/21/2027,
oscf-20260331,2026-03-31,Non-Control/Non-Affiliate Investments,"Grove Hotel Parcel Owner, LLC","Hotels, Resorts & Cruise Lines",First Lien Revolver,11.78,884,876,824,(5)(8)(9),SOFR+,8,,6/21/2027,
oscf-20260331,2026-03-31,Non-Control/Non-Affiliate Investments,HAH Group Holding Co LLC,Health Care Services,Fixed Rate Bond,9.75,"11,565","10,986","10,142",,,,,10/1/2031,
oscf-20260331,2026-03-31,Non-Control/Non-Affiliate Investments,HAH Group Holding Co LLC,Health Care Services,First Lien Term Loan,8.67,"9,354","8,558","8,039",-5,SOFR+,5,,9/17/2031,
oscf-20260331,2026-03-31,Non-Control/Non-Affiliate Investments,Harbor Purchaser Inc.,Education Services,First Lien Term Loan,9.02,"41,235","40,485","35,078",-5,SOFR+,5.25,,4/9/2029,
oscf-20260331,2026-03-31,Non-Control/Non-Affiliate Investments,Hertz Vehicle Financing III,Specialized Finance,Subordinated Debt Revolver,9.28,"85,710","85,710","85,496",(8)(10),,,,6/28/2028,
oscf-20260331,2026-03-31,Non-Control/Non-Affiliate Investments,"Hologic, Inc.",Health Care Equipment,Second Lien Term Loan,,—,-624,0,(5)(9),SOFR+,5,,4/7/2034,
oscf-20260331,2026-03-31,Non-Control/Non-Affiliate Investments,"Icefall Parent, Inc.",Application Software,First Lien Term Loan,8.2,"52,319","52,192","51,796",(5)(8),SOFR+,4.5,,1/25/2030,
oscf-20260331,2026-03-31,Non-Control/Non-Affiliate Investments,"Icefall Parent, Inc.",Application Software,First Lien Revolver,,—,-34,-51,(5)(8)(9),SOFR+,4.5,,1/25/2030,
oscf-20260331,2026-03-31,Non-Control/Non-Affiliate Investments,"iCIMs, Inc.",Application Software,First Lien Term Loan,9.42,"16,314","16,215","15,304",(5)(8),SOFR+,5.75,,8/18/2028,
oscf-20260331,2026-03-31,Non-Control/Non-Affiliate Investments,"iCIMs, Inc.",Application Software,First Lien Term Loan,9.92,"2,325","2,309","2,206",(5)(8),SOFR+,6.25,,8/18/2028,
oscf-20260331,2026-03-31,Non-Control/Non-Affiliate Investments,"iCIMs, Inc.",Application Software,First Lien Revolver,9.42,202,192,112,(5)(8)(9),SOFR+,5.75,,8/18/2028,
oscf-20260331,2026-03-31,Non-Control/Non-Affiliate Investments,Inmar Inc,Application Software,First Lien Term Loan,8.2,"55,216","54,971","53,180",-5,SOFR+,4.5,,10/30/2031,
oscf-20260331,2026-03-31,Non-Control/Non-Affiliate Investments,"Integrity Marketing Acquisition, LLC",Insurance Brokers,First Lien Term Loan,,—,-97,-19,(5)(8)(9),SOFR+,5,,8/25/2028,
oscf-20260331,2026-03-31,Non-Control/Non-Affiliate Investments,"Integrity Marketing Acquisition, LLC",Insurance Brokers,First Lien Term Loan,8.67,"81,245","80,901","81,156",(5)(8),SOFR+,5,,8/25/2028,
oscf-20260331,2026-03-31,Non-Control/Non-Affiliate Investments,"Integrity Marketing Acquisition, LLC",Insurance Brokers,First Lien Revolver,,—,-46,-8,(5)(8)(9),SOFR+,5,,8/25/2028,
oscf-20260331,2026-03-31,Non-Control/Non-Affiliate Investments,Intralot Capital Luxembourg S.A.,Casinos & Gaming,First Lien Term Loan,9.23,"41,506","54,726","53,070",(5)(8)(10),SONIA+,5.5,,10/7/2031,
oscf-20260331,2026-03-31,Non-Control/Non-Affiliate Investments,"Inventus Power, Inc.",Electrical Components & Equipment,First Lien Term Loan,11.28,"42,668","42,668","42,608",(5)(8),SOFR+,7.5,,4/15/2026,
oscf-20260331,2026-03-31,Non-Control/Non-Affiliate Investments,"Inventus Power, Inc.",Electrical Components & Equipment,First Lien Revolver,,—,-2,-3,(5)(8)(9),SOFR+,7.5,,4/30/2026,
oscf-20260331,2026-03-31,Non-Control/Non-Affiliate Investments,IW Buyer LLC,Electrical Components & Equipment,First Lien Term Loan,8.77,"4,886","4,854","4,862",(5)(8),SOFR+,5,,6/28/2029,
oscf-20260331,2026-03-31,Non-Control/Non-Affiliate Investments,IW Buyer LLC,Electrical Components & Equipment,First Lien Term Loan,8.77,"20,517","20,320","20,415",(5)(8),SOFR+,5,,6/28/2029,
oscf-20260331,2026-03-31,Non-Control/Non-Affiliate Investments,IW Buyer LLC,Electrical Components & Equipment,First Lien Term Loan,8.77,"36,502","36,050","36,319",(5)(8),SOFR+,5,,6/28/2029,
oscf-20260331,2026-03-31,Non-Control/Non-Affiliate Investments,IW Buyer LLC,Electrical Components & Equipment,First Lien Revolver,,—,-119,-48,(5)(8)(9),SOFR+,5,,6/28/2029,
oscf-20260331,2026-03-31,Non-Control/Non-Affiliate Investments,Janus Bidco Limited,Application Software,First Lien Term Loan,,—,-141,0,(5)(8)(9)(10),SONIA+,5.5,,4/25/2031,
oscf-20260331,2026-03-31,Non-Control/Non-Affiliate Investments,Janus Bidco Limited,Application Software,First Lien Term Loan,9.13,"46,882","46,028","46,882",(5)(8)(10),SOFR+,5.5,,4/25/2031,
oscf-20260331,2026-03-31,Non-Control/Non-Affiliate Investments,"Jeppesen Holdings, LLC",Application Software,First Lien Term Loan,8.42,"49,624","49,376","48,339",(5)(8)(15),SOFR+,4.75,,10/31/2032,
oscf-20260331,2026-03-31,Non-Control/Non-Affiliate Investments,"Jeppesen Holdings, LLC",Application Software,First Lien Revolver,,—,-17,-86,(5)(8)(9),SOFR+,4.75,,10/31/2032,
oscf-20260331,2026-03-31,Non-Control/Non-Affiliate Investments,JN Bidco LLC,Health Care Technology,Common Stock,,,"3,338","7,587",(8)(14),,,,,
oscf-20260331,2026-03-31,Non-Control/Non-Affiliate Investments,Jonah Energy South Texas LLC,Oil & Gas Exploration & Production,First Lien Term Loan,9.65,"68,480","67,796","67,795",(5)(8),SOFR+,6,,3/30/2030,
oscf-20260331,2026-03-31,Non-Control/Non-Affiliate Investments,Kairos Intermediateco AB,Health Care Supplies,First Lien Term Loan,,—,-20,-19,(5)(8)(9)(10),E+,4.75,,4/22/2032,
oscf-20260331,2026-03-31,Non-Control/Non-Affiliate Investments,Kairos Intermediateco AB,Health Care Supplies,First Lien Term Loan,6.85,"20,027","23,241","22,909",(5)(8)(9)(10),E+,4.75,,4/22/2032,
oscf-20260331,2026-03-31,Non-Control/Non-Affiliate Investments,Kairos Intermediateco AB,Health Care Supplies,First Lien Term Loan,8.97,"184,534","18,151","18,867",(5)(8)(10),NIBOR+,4.75,,4/22/2032,
oscf-20260331,2026-03-31,Non-Control/Non-Affiliate Investments,Kairos Intermediateco AB,Health Care Supplies,First Lien Term Loan,8.48,"13,129","17,620","17,242",(5)(8)(10),SONIA+,4.75,,4/22/2032,
oscf-20260331,2026-03-31,Non-Control/Non-Affiliate Investments,Kaseya Inc.,Systems Software,Second Lien Term Loan,8.67,"43,764","43,687","35,193",-5,SOFR+,5,,3/20/2033,
oscf-20260331,2026-03-31,Non-Control/Non-Affiliate Investments,"Kings Buyer, LLC",Environmental & Facilities Services,First Lien Term Loan,9.05,"57,517","57,185","54,365",(5)(8),SOFR+,5.25,,10/29/2027,
oscf-20260331,2026-03-31,Non-Control/Non-Affiliate Investments,"Kings Buyer, LLC",Environmental & Facilities Services,First Lien Term Loan,9.05,"4,681","4,668","4,424",(5)(8),SOFR+,5.25,,10/29/2027,
oscf-20260331,2026-03-31,Non-Control/Non-Affiliate Investments,"Kings Buyer, LLC",Environmental & Facilities Services,First Lien Revolver,11,"5,985","5,943","5,519",(5)(8)(9),PRIME+,4.25,,10/29/2027,
oscf-20260331,2026-03-31,Non-Control/Non-Affiliate Investments,Kite Midco II Inc.,Research & Consulting Services,First Lien Term Loan,,—,-58,-69,(5)(8)(9),SOFR+,4.5,,11/25/2031,
oscf-20260331,2026-03-31,Non-Control/Non-Affiliate Investments,Kite Midco II Inc.,Research & Consulting Services,First Lien Term Loan,8.23,"39,033","38,559","38,693",(5)(8),SOFR+,4.5,,11/25/2031,
oscf-20260331,2026-03-31,Non-Control/Non-Affiliate Investments,"LDS Buyer, LLC",Air Freight & Logistics,First Lien Term Loan,8.67,"8,262","8,098","8,167",(5)(8),SOFR+,5,,2/9/2032,
oscf-20260331,2026-03-31,Non-Control/Non-Affiliate Investments,"LDS Buyer, LLC",Air Freight & Logistics,First Lien Term Loan,8.67,"41,723","41,286","41,247",(5)(8),SOFR+,5,,2/9/2032,
oscf-20260331,2026-03-31,Non-Control/Non-Affiliate Investments,"LDS Buyer, LLC",Air Freight & Logistics,First Lien Term Loan,,—,-81,-124,(5)(8)(9),SOFR+,5,,2/9/2032,
oscf-20260331,2026-03-31,Non-Control/Non-Affiliate Investments,"LDS Buyer, LLC",Air Freight & Logistics,First Lien Term Loan,8.67,"4,203","4,173","4,156",(5)(8),SOFR+,5,,2/9/2032,
oscf-20260331,2026-03-31,Non-Control/Non-Affiliate Investments,"LDS Buyer, LLC",Air Freight & Logistics,First Lien Revolver,,—,-65,-71,(5)(8)(9),SOFR+,5,,2/9/2032,
oscf-20260331,2026-03-31,Non-Control/Non-Affiliate Investments,"Learfield Communications, LLC",Movies & Entertainment,First Lien Term Loan,8.17,"45,220","45,136","45,385",-5,SOFR+,4.5,,6/30/2028,
oscf-20260331,2026-03-31,Non-Control/Non-Affiliate Investments,"Legends Hospitality Holding Company, LLC",Specialized Consumer Services,First Lien Term Loan,8.67,"3,252","3,201","3,195",(5)(8),SOFR+,5,,8/22/2031,
oscf-20260331,2026-03-31,Non-Control/Non-Affiliate Investments,"Legends Hospitality Holding Company, LLC",Specialized Consumer Services,First Lien Term Loan,6.42,"57,225","56,379","56,207",(5)(8),SOFR+,5.5,2.75,8/22/2031,
oscf-20260331,2026-03-31,Non-Control/Non-Affiliate Investments,"Legends Hospitality Holding Company, LLC",Specialized Consumer Services,First Lien Revolver,8.67,"3,437","3,341","3,340",(5)(8)(9),SOFR+,5,,8/22/2030,
oscf-20260331,2026-03-31,Non-Control/Non-Affiliate Investments,"Lightbox Intermediate, L.P.",Real Estate Services,First Lien Term Loan,8.67,"58,995","58,325","57,338",(5)(8),SOFR+,5,,1/13/2030,
oscf-20260331,2026-03-31,Non-Control/Non-Affiliate Investments,"Lightbox Intermediate, L.P.",Real Estate Services,First Lien Revolver,,—,-44,-109,(5)(8)(9),SOFR+,5,,1/13/2030,
oscf-20260331,2026-03-31,Non-Control/Non-Affiliate Investments,"LSL Holdco, LLC",Health Care Distributors,First Lien Term Loan,9.77,"1,021",996,990,(5)(8),SOFR+,6,,1/31/2028,
oscf-20260331,2026-03-31,Non-Control/Non-Affiliate Investments,"LSL Holdco, LLC",Health Care Distributors,First Lien Term Loan,9.77,"8,769","8,715","8,500",(5)(8),SOFR+,6,,1/31/2028,
oscf-20260331,2026-03-31,Non-Control/Non-Affiliate Investments,"LSL Holdco, LLC",Health Care Distributors,First Lien Revolver,9.77,528,522,496,(5)(8)(9),SOFR+,6,,1/31/2028,
oscf-20260331,2026-03-31,Non-Control/Non-Affiliate Investments,M2S Group Intermediate Holdings Inc,Paper & Plastic Packaging Products & Materials,First Lien Term Loan,8.42,"37,954","36,755","37,163",-5,SOFR+,4.75,,8/25/2031,
oscf-20260331,2026-03-31,Non-Control/Non-Affiliate Investments,McAfee Corp.,Systems Software,First Lien Term Loan,6.67,"31,433","30,050","28,172",-5,SOFR+,3,,3/1/2029,
oscf-20260331,2026-03-31,Non-Control/Non-Affiliate Investments,"Mesoblast, Inc.",Biotechnology,Warrants,,,152,124,(8)(10)(14),,,,,"33,174"
oscf-20260331,2026-03-31,Non-Control/Non-Affiliate Investments,"MHE Intermediate Holdings, LLC",Diversified Support Services,First Lien Term Loan,9.82,"5,152","5,127","5,095",(5)(8),SOFR+,6,,7/21/2027,
oscf-20260331,2026-03-31,Non-Control/Non-Affiliate Investments,"MHE Intermediate Holdings, LLC",Diversified Support Services,First Lien Term Loan,10.07,"1,015","1,007","1,004",(5)(8),SOFR+,6.25,,7/21/2027,
oscf-20260331,2026-03-31,Non-Control/Non-Affiliate Investments,Microf Funding V LLC,Consumer Finance,First Lien Term Loan,9.66,"19,966","19,787","19,550",(5)(8)(9)(10),SOFR+,6,,6/3/2027,
oscf-20260331,2026-03-31,Non-Control/Non-Affiliate Investments,"Minotaur Acquisition, Inc.",Diversified Financial Services,First Lien Term Loan,8.67,"6,958","6,861","6,892",(5)(8),SOFR+,5,,6/3/2030,
oscf-20260331,2026-03-31,Non-Control/Non-Affiliate Investments,"Minotaur Acquisition, Inc.",Diversified Financial Services,First Lien Term Loan,8.67,"6,590","6,498","6,528",(5)(8),SOFR+,5,,6/3/2030,
oscf-20260331,2026-03-31,Non-Control/Non-Affiliate Investments,"Minotaur Acquisition, Inc.",Diversified Financial Services,First Lien Term Loan,8.67,"16,559","16,406","16,404",(5)(8),SOFR+,5,,6/3/2030,
oscf-20260331,2026-03-31,Non-Control/Non-Affiliate Investments,"Minotaur Acquisition, Inc.",Diversified Financial Services,First Lien Term Loan,8.67,"41,008","40,437","40,622",(5)(8),SOFR+,5,,6/3/2030,
oscf-20260331,2026-03-31,Non-Control/Non-Affiliate Investments,"Minotaur Acquisition, Inc.",Diversified Financial Services,First Lien Revolver,,—,-58,-40,(5)(8)(9),SOFR+,5,,6/3/2030,
oscf-20260331,2026-03-31,Non-Control/Non-Affiliate Investments,Mitchell International Inc,Application Software,Second Lien Term Loan,8.92,"42,135","41,953","38,172",-5,SOFR+,5.25,,6/17/2032,
oscf-20260331,2026-03-31,Non-Control/Non-Affiliate Investments,Modena Buyer LLC,Application Software,First Lien Term Loan,7.92,"36,368","35,821","32,767",-5,SOFR+,4.25,,7/1/2031,
oscf-20260331,2026-03-31,Non-Control/Non-Affiliate Investments,Monotype Imaging Holdings Inc.,Application Software,First Lien Term Loan,8.92,"1,538","1,523","1,476",(5)(8),SOFR+,5.25,,2/28/2031,
oscf-20260331,2026-03-31,Non-Control/Non-Affiliate Investments,Monotype Imaging Holdings Inc.,Application Software,First Lien Term Loan,8.92,"71,024","69,959","68,183",(5)(8),SOFR+,5.25,,2/28/2031,
oscf-20260331,2026-03-31,Non-Control/Non-Affiliate Investments,Monotype Imaging Holdings Inc.,Application Software,First Lien Revolver,,—,-88,-320,(5)(8)(9),SOFR+,5.25,,2/28/2030,
oscf-20260331,2026-03-31,Non-Control/Non-Affiliate Investments,Monroe Engineering Group LLC,Industrial Machinery & Supplies & Components,First Lien Term Loan,,—,-22,-28,(5)(8)(9),SOFR+,4.75,,12/20/2028,
oscf-20260331,2026-03-31,Non-Control/Non-Affiliate Investments,Monroe Engineering Group LLC,Industrial Machinery & Supplies & Components,First Lien Term Loan,,—,-22,-28,(5)(8)(9),SOFR+,4.75,,12/20/2028,
oscf-20260331,2026-03-31,Non-Control/Non-Affiliate Investments,MP Midco Holdings LLC,Packaged Foods & Meats,First Lien Term Loan,10.17,"12,897","12,975","12,951",-5,SOFR+,6.5,,3/29/2030,
oscf-20260331,2026-03-31,Non-Control/Non-Affiliate Investments,MRI Software LLC,Application Software,First Lien Term Loan,8.45,"4,773","4,749","4,655",(5)(8),SOFR+,4.75,,2/10/2028,
oscf-20260331,2026-03-31,Non-Control/Non-Affiliate Investments,MRI Software LLC,Application Software,First Lien Term Loan,8.47,"3,181","3,152","2,977",(5)(8)(9),SOFR+,4.75,,2/10/2028,
oscf-20260331,2026-03-31,Non-Control/Non-Affiliate Investments,MRI Software LLC,Application Software,First Lien Term Loan,8.45,"57,343","56,998","55,926",(5)(8),SOFR+,4.75,,2/10/2028,
oscf-20260331,2026-03-31,Non-Control/Non-Affiliate Investments,MRI Software LLC,Application Software,First Lien Term Loan,8.45,"7,016","7,012","6,843",(5)(8),SOFR+,4.75,,2/10/2028,
oscf-20260331,2026-03-31,Non-Control/Non-Affiliate Investments,MRI Software LLC,Application Software,First Lien Revolver,8.45,"1,750","1,731","1,577",(5)(8)(9),SOFR+,4.75,,2/10/2028,
oscf-20260331,2026-03-31,Non-Control/Non-Affiliate Investments,"MRO Florida, Inc.",Aerospace & Defense,First Lien Term Loan,8.19,"3,300","3,268","3,264",(5)(8)(9)(10),SOFR+,4.5,,10/2/2032,
oscf-20260331,2026-03-31,Non-Control/Non-Affiliate Investments,"MRO Florida, Inc.",Aerospace & Defense,First Lien Term Loan,8.16,"51,433","51,047","51,078",(5)(8)(10),SOFR+,4.5,,10/2/2032,
oscf-20260331,2026-03-31,Non-Control/Non-Affiliate Investments,National Mentor Holdings,Health Care Services,Fixed Rate Bond,10.5,"18,855","18,516","19,476",,,,,12/15/2030,
oscf-20260331,2026-03-31,Non-Control/Non-Affiliate Investments,"Nellson Nutraceutical, LLC",Packaged Foods & Meats,First Lien Term Loan,,—,-28,-25,(5)(8)(9)(10),SOFR+,5.75,,4/17/2031,
oscf-20260331,2026-03-31,Non-Control/Non-Affiliate Investments,"Nellson Nutraceutical, LLC",Packaged Foods & Meats,First Lien Term Loan,9.45,"14,357","14,142","14,214",(5)(8)(10),SOFR+,5.75,,4/17/2031,
oscf-20260331,2026-03-31,Non-Control/Non-Affiliate Investments,"Nellson Nutraceutical, LLC",Packaged Foods & Meats,First Lien Term Loan,9.45,"48,363","47,753","47,880",(5)(8)(10),SOFR+,5.75,,4/17/2031,
oscf-20260331,2026-03-31,Non-Control/Non-Affiliate Investments,"Nellson Nutraceutical, LLC",Packaged Foods & Meats,First Lien Revolver,11.5,"3,494","3,369","3,395",(5)(8)(9)(10),PRIME+,4.75,,4/17/2031,
oscf-20260331,2026-03-31,Non-Control/Non-Affiliate Investments,Neptune Bidco US Inc.,Aerospace & Defense,First Lien Term Loan,8.45,"30,740","30,395","30,478",(5)(8),SOFR+,4.75,,1/19/2031,
oscf-20260331,2026-03-31,Non-Control/Non-Affiliate Investments,Neptune Bidco US Inc.,Aerospace & Defense,First Lien Term Loan,10.5,707,697,648,(5)(8)(9),SOFR+,3.75,,1/19/2031,
oscf-20260331,2026-03-31,Non-Control/Non-Affiliate Investments,"New Blackboard, LLC",Application Software,Preferred Equity,,,930,841,(8)(14),,,,,"88,532"
oscf-20260331,2026-03-31,Non-Control/Non-Affiliate Investments,"New Blackboard, LLC",Application Software,Common Stock,,,597,165,(8)(14),,,,,"165,363"
oscf-20260331,2026-03-31,Non-Control/Non-Affiliate Investments,"Next Holdco, LLC",Health Care Technology,First Lien Term Loan,8.89,"17,605","17,464","17,454",(5)(8),SOFR+,5.25,,11/9/2030,
oscf-20260331,2026-03-31,Non-Control/Non-Affiliate Investments,"Next Holdco, LLC",Health Care Technology,First Lien Term Loan,8.89,"45,692","45,240","45,299",(5)(8),SOFR+,5.25,,11/12/2030,
oscf-20260331,2026-03-31,Non-Control/Non-Affiliate Investments,"Next Holdco, LLC",Health Care Technology,First Lien Revolver,,—,-40,-36,(5)(8)(9),SOFR+,5.25,,11/8/2029,
oscf-20260331,2026-03-31,Non-Control/Non-Affiliate Investments,Nexus Buyer LLC,Specialized Finance,Second Lien Term Loan,9.42,"59,241","58,724","57,612",-5,SOFR+,5.75,,2/16/2032,
oscf-20260331,2026-03-31,Non-Control/Non-Affiliate Investments,Nexus Buyer LLC,Specialized Finance,First Lien Term Loan,7.17,"10,843","10,517","10,456",-5,SOFR+,3.5,,7/31/2031,
oscf-20260331,2026-03-31,Non-Control/Non-Affiliate Investments,"NFM & J, L.P.",Diversified Support Services,First Lien Term Loan,9.52,"1,365","1,356","1,337",(5)(8),SOFR+,5.75,,11/10/2029,
oscf-20260331,2026-03-31,Non-Control/Non-Affiliate Investments,"NFM & J, L.P.",Diversified Support Services,First Lien Term Loan,9.48,"21,759","21,495","21,322",(5)(8),SOFR+,5.75,,11/10/2029,
oscf-20260331,2026-03-31,Non-Control/Non-Affiliate Investments,"NFM & J, L.P.",Diversified Support Services,First Lien Revolver,11.5,"2,149","2,089","2,050",(5)(8)(9),PRIME+,4.75,,11/10/2029,
oscf-20260331,2026-03-31,Non-Control/Non-Affiliate Investments,NFO Orange Buyer LLC,Distributors,First Lien Term Loan,,—,-20,-20,(5)(8)(9),SOFR+,4.5,,1/13/2033,
oscf-20260331,2026-03-31,Non-Control/Non-Affiliate Investments,NFO Orange Buyer LLC,Distributors,First Lien Term Loan,8.24,"37,500","37,304","37,317",(5)(8),SOFR+,4.5,,1/13/2033,
oscf-20260331,2026-03-31,Non-Control/Non-Affiliate Investments,NFO Orange Buyer LLC,Distributors,First Lien Revolver,10.25,"1,071","1,045","1,045",(5)(8)(9),PRIME+,3.5,,1/13/2033,
oscf-20260331,2026-03-31,Non-Control/Non-Affiliate Investments,"North Star Acquisitionco, LLC",Education Services,First Lien Term Loan,8.38,"1,399","1,920","1,808",(5)(8)(10),SONIA+,4.5,,5/29/2030,
oscf-20260331,2026-03-31,Non-Control/Non-Affiliate Investments,"North Star Acquisitionco, LLC",Education Services,First Lien Term Loan,8.2,"4,692","4,683","4,599",(5)(8)(10),SOFR+,4.5,,5/29/2030,
oscf-20260331,2026-03-31,Non-Control/Non-Affiliate Investments,"North Star Acquisitionco, LLC",Education Services,First Lien Term Loan,8.2,"3,313","3,279","3,247",(5)(8)(10),SOFR+,4.5,,5/3/2029,
oscf-20260331,2026-03-31,Non-Control/Non-Affiliate Investments,"North Star Acquisitionco, LLC",Education Services,First Lien Term Loan,8.82,"68,811","6,196","6,923",(5)(8)(10),NIBOR+,4.5,,5/3/2029,
oscf-20260331,2026-03-31,Non-Control/Non-Affiliate Investments,"North Star Acquisitionco, LLC",Education Services,First Lien Term Loan,8.2,"27,846","27,760","27,289",(5)(8)(10),SOFR+,4.5,,5/3/2029,
oscf-20260331,2026-03-31,Non-Control/Non-Affiliate Investments,"North Star Acquisitionco, LLC",Education Services,First Lien Term Loan,8.2,"36,168","35,796","35,445",(5)(8)(10),SOFR+,4.5,,5/3/2029,
oscf-20260331,2026-03-31,Non-Control/Non-Affiliate Investments,"North Star Acquisitionco, LLC",Education Services,First Lien Term Loan,8.23,"3,140","3,917","4,058",(5)(8)(10),SONIA+,4.5,,5/3/2029,
oscf-20260331,2026-03-31,Non-Control/Non-Affiliate Investments,"North Star Acquisitionco, LLC",Education Services,First Lien Revolver,,—,-21,-124,(5)(8)(9)(10),SOFR+,4.5,,4/29/2030,
oscf-20260331,2026-03-31,Non-Control/Non-Affiliate Investments,"North Star Acquisitionco, LLC",Education Services,First Lien Revolver,8.2,"2,651","2,606","2,563",(5)(8)(9)(10),SOFR+,4.5,,5/3/2029,
oscf-20260331,2026-03-31,Non-Control/Non-Affiliate Investments,OFSI Fund Ltd,Multi-Sector Holdings,CLO Notes,11.15,"1,105","1,054",905,(5)(10),SOFR+,7.48,,4/20/2034,
oscf-20260331,2026-03-31,Non-Control/Non-Affiliate Investments,Optimizely North America Inc.,Application Software,First Lien Term Loan,8.67,"47,296","46,919","44,898",(5)(8)(10),SOFR+,5,,10/30/2031,
oscf-20260331,2026-03-31,Non-Control/Non-Affiliate Investments,Optimizely North America Inc.,Application Software,First Lien Revolver,,—,-57,-308,(5)(8)(9)(10),SOFR+,5,,10/30/2031,
oscf-20260331,2026-03-31,Non-Control/Non-Affiliate Investments,Optimizely Sweden Holdings AB,Application Software,First Lien Term Loan,7.16,"16,888","18,203","18,459",(5)(8)(10),E+,5.25,,10/30/2031,
oscf-20260331,2026-03-31,Non-Control/Non-Affiliate Investments,Optimizely Sweden Holdings AB,Application Software,First Lien Term Loan,9.23,"5,629","7,265","7,053",(5)(8)(10),SONIA+,5.5,,10/30/2031,
oscf-20260331,2026-03-31,Non-Control/Non-Affiliate Investments,PAI Financing Merger Sub LLC,Pharmaceuticals,First Lien Term Loan,8.17,"73,929","72,999","72,902",(5)(8),SOFR+,4.5,,2/13/2032,
oscf-20260331,2026-03-31,Non-Control/Non-Affiliate Investments,PAI Financing Merger Sub LLC,Pharmaceuticals,First Lien Revolver,8.2,"1,579","1,380","1,360",(5)(8)(9),SOFR+,4.5,,2/13/2032,
oscf-20260331,2026-03-31,Non-Control/Non-Affiliate Investments,Paulus Holdings Public Limited Company,Health Care Technology,Preferred Equity,,,"1,622","2,625",(8)(10)(14),,,,,"84,181"
oscf-20260331,2026-03-31,Non-Control/Non-Affiliate Investments,Paulus Holdings Public Limited Company,Health Care Technology,Warrants,,,356,576,(8)(10)(14),,,,,"18,492"
oscf-20260331,2026-03-31,Non-Control/Non-Affiliate Investments,"PetVet Care Centers, LLC",Health Care Services,First Lien Term Loan,9.67,"71,990","71,039","64,791",(5)(8),SOFR+,6,,11/15/2030,
oscf-20260331,2026-03-31,Non-Control/Non-Affiliate Investments,"PetVet Care Centers, LLC",Health Care Services,First Lien Revolver,9.68,"1,921","1,805",961,(5)(8)(9),SOFR+,6,,11/15/2029,
oscf-20260331,2026-03-31,Non-Control/Non-Affiliate Investments,"PetVet Care Centers, LLC",Health Care Services,Preferred Equity,,,"6,211","7,197",(8)(14),,,,,"6,338"
oscf-20260331,2026-03-31,Non-Control/Non-Affiliate Investments,Pike Corporation,Construction & Engineering,First Lien Term Loan,,—,40,0,(5)(8)(9)(10),SOFR+,4.5,,12/20/2032,
oscf-20260331,2026-03-31,Non-Control/Non-Affiliate Investments,Pike Corporation,Construction & Engineering,First Lien Term Loan,8.18,"76,438","76,438","76,438",(5)(8)(10),SOFR+,4.5,,12/20/2032,
oscf-20260331,2026-03-31,Non-Control/Non-Affiliate Investments,Pike Corporation,Construction & Engineering,First Lien Revolver,,—,0,-91,(5)(8)(9)(10),SOFR+,4.5,,12/20/2032,
oscf-20260331,2026-03-31,Non-Control/Non-Affiliate Investments,"Pluralsight, LLC",Application Software,First Lien Term Loan,,—,0,-38,(5)(8)(9),SOFR+,4.5,,8/22/2029,
oscf-20260331,2026-03-31,Non-Control/Non-Affiliate Investments,"Pluralsight, LLC",Application Software,First Lien Term Loan,6.67,"1,948","1,948","1,917",(5)(8),SOFR+,4.5,1.5,8/22/2029,
oscf-20260331,2026-03-31,Non-Control/Non-Affiliate Investments,"Pluralsight, LLC",Application Software,First Lien Term Loan,6.67,"3,374","3,374","3,320",(5)(8),SOFR+,4.5,1.5,8/22/2029,
oscf-20260331,2026-03-31,Non-Control/Non-Affiliate Investments,"Pluralsight, LLC",Application Software,First Lien Term Loan,,"6,018","5,563",301,(5)(8)(11),SOFR+,7.5,,8/22/2029,
oscf-20260331,2026-03-31,Non-Control/Non-Affiliate Investments,"Pluralsight, LLC",Application Software,First Lien Revolver,,—,0,-15,(5)(8)(9),SOFR+,4.5,,8/22/2029,
oscf-20260331,2026-03-31,Non-Control/Non-Affiliate Investments,"Pluralsight, LLC",Application Software,Common Stock,,,"5,540",0,(8)(14),,,,,"1,658,698"
oscf-20260331,2026-03-31,Non-Control/Non-Affiliate Investments,Poseidon Midco AB,Pharmaceuticals,First Lien Term Loan,8.89,"23,063","22,890","23,063",(5)(8)(9)(10),SOFR+,5.25,,9/17/2031,
oscf-20260331,2026-03-31,Non-Control/Non-Affiliate Investments,Poseidon Midco AB,Pharmaceuticals,First Lien Term Loan,6.85,"20,514","23,518","23,223",(5)(8)(9)(10),E+,5,,9/17/2031,
oscf-20260331,2026-03-31,Non-Control/Non-Affiliate Investments,Poseidon Midco AB,Pharmaceuticals,First Lien Term Loan,7.67,"50,768","55,355","58,495",(5)(8)(10),E+,5.5,,9/17/2031,
oscf-20260331,2026-03-31,Non-Control/Non-Affiliate Investments,"PPW Aero Buyer, Inc.",Aerospace & Defense,First Lien Term Loan,8.7,"10,297","10,194","10,297",(5)(8),SOFR+,5,,9/30/2031,
oscf-20260331,2026-03-31,Non-Control/Non-Affiliate Investments,"PPW Aero Buyer, Inc.",Aerospace & Defense,First Lien Term Loan,,—,-8,0,(5)(8)(9),SOFR+,5,,9/30/2031,
oscf-20260331,2026-03-31,Non-Control/Non-Affiliate Investments,"PPW Aero Buyer, Inc.",Aerospace & Defense,First Lien Term Loan,8.7,"36,603","36,543","36,603",(5)(8),SOFR+,5,,9/30/2031,
oscf-20260331,2026-03-31,Non-Control/Non-Affiliate Investments,"PPW Aero Buyer, Inc.",Aerospace & Defense,First Lien Term Loan,8.7,"26,085","25,420","26,085",(5)(8),SOFR+,5,,9/30/2031,
oscf-20260331,2026-03-31,Non-Control/Non-Affiliate Investments,"PPW Aero Buyer, Inc.",Aerospace & Defense,First Lien Term Loan,,—,-18,0,(5)(8)(9),SOFR+,5,,9/30/2031,
oscf-20260331,2026-03-31,Non-Control/Non-Affiliate Investments,"PPW Aero Buyer, Inc.",Aerospace & Defense,First Lien Term Loan,8.7,"18,480","18,472","18,480",(5)(8),SOFR+,5,,9/30/2031,
oscf-20260331,2026-03-31,Non-Control/Non-Affiliate Investments,"PPW Aero Buyer, Inc.",Aerospace & Defense,First Lien Revolver,8.7,"3,372","3,292","3,372",(5)(8)(9),SOFR+,5,,9/30/2031,
oscf-20260331,2026-03-31,Non-Control/Non-Affiliate Investments,"Premium Parent, LLC",Health Care Services,First Lien Term Loan,10.18,"101,591","99,660","99,732",(5)(8),SOFR+,6.5,,11/25/2032,
oscf-20260331,2026-03-31,Non-Control/Non-Affiliate Investments,"Premium Parent, LLC",Health Care Services,First Lien Revolver,10.17,"3,815","3,582","3,590",(5)(8)(9),SOFR+,6.5,,9/21/2032,
oscf-20260331,2026-03-31,Non-Control/Non-Affiliate Investments,"Profrac Holdings II, LLC",Industrial Machinery & Supplies & Components,First Lien Floating Rate Bond,10.93,"54,664","54,117","53,964",(5)(8)(10),SOFR+,7.25,,1/23/2029,
oscf-20260331,2026-03-31,Non-Control/Non-Affiliate Investments,"Project Accelerate Parent, LLC",Systems Software,First Lien Term Loan,8.92,"42,984","42,684","42,984",(5)(8),SOFR+,5.25,,2/24/2031,
oscf-20260331,2026-03-31,Non-Control/Non-Affiliate Investments,"Project Accelerate Parent, LLC",Systems Software,First Lien Revolver,,—,-44,0,(5)(8)(9),SOFR+,5.25,,2/24/2031,
oscf-20260331,2026-03-31,Non-Control/Non-Affiliate Investments,"Propio LS, LLC",Diversified Support Services,First Lien Term Loan,8.42,"10,138","10,036","9,682",(5)(8),SOFR+,4.75,,5/10/2030,
oscf-20260331,2026-03-31,Non-Control/Non-Affiliate Investments,"Propio LS, LLC",Diversified Support Services,First Lien Term Loan,8.42,"27,625","27,349","26,382",(5)(8),SOFR+,4.75,,5/10/2030,
oscf-20260331,2026-03-31,Non-Control/Non-Affiliate Investments,"Propio LS, LLC",Diversified Support Services,First Lien Revolver,8.45,453,442,406,(5)(8)(9),SOFR+,4.75,,5/10/2030,
oscf-20260331,2026-03-31,Non-Control/Non-Affiliate Investments,Prosper Credit Card 2024-1,Specialized Finance,CLO Notes,7.15,"5,240","5,228","5,245",(8)(10),,,,10/15/2034,
oscf-20260331,2026-03-31,Non-Control/Non-Affiliate Investments,Prosper Credit Card 2024-1,Specialized Finance,CLO Notes,10.05,"5,471","5,394","5,449",(8)(10),,,,10/15/2034,
oscf-20260331,2026-03-31,Non-Control/Non-Affiliate Investments,Prosper Credit Card 2024-1,Specialized Finance,CLO Notes,14.64,"7,289","7,289","7,288",(8)(10),,,,10/15/2034,
oscf-20260331,2026-03-31,Non-Control/Non-Affiliate Investments,"Protein for Pets Opco, LLC",Packaged Foods & Meats,First Lien Term Loan,8.92,"62,617","61,756","61,428",(5)(8),SOFR+,5.25,,9/20/2030,
oscf-20260331,2026-03-31,Non-Control/Non-Affiliate Investments,"Protein for Pets Opco, LLC",Packaged Foods & Meats,First Lien Revolver,,—,-91,-126,(5)(8)(9),SOFR+,5.25,,9/20/2030,
oscf-20260331,2026-03-31,Non-Control/Non-Affiliate Investments,Quantum Bidco Limited,Food Distributors,First Lien Term Loan,9.35,"10,922","13,686","14,290",(5)(10),SONIA+,5.5,,1/31/2028,
oscf-20260331,2026-03-31,Non-Control/Non-Affiliate Investments,Recess Topco Partnership LP,Passenger Ground Transportation,Subordinated Debt Term Loan,9.67,"92,953","91,148","91,113",(5)(8),SOFR+,6,,1/26/2032,
oscf-20260331,2026-03-31,Non-Control/Non-Affiliate Investments,Renaissance Holding Corp.,Education Services,First Lien Term Loan,7.67,"50,692","46,686","36,451",-5,SOFR+,4,,4/5/2030,
oscf-20260331,2026-03-31,Non-Control/Non-Affiliate Investments,Resilience Parent LLC,Electrical Components & Equipment,Second Lien Term Loan,8.92,"33,068","32,741","32,734",(5)(8),SOFR+,5.25,,2/27/2034,
oscf-20260331,2026-03-31,Non-Control/Non-Affiliate Investments,"Resistance Holdings, Inc.",Pharmaceuticals,First Lien Term Loan,8.67,"41,768","41,147","41,141",(5)(8),SOFR+,5,,3/16/2031,
oscf-20260331,2026-03-31,Non-Control/Non-Affiliate Investments,"Resistance Holdings, Inc.",Pharmaceuticals,First Lien Revolver,,—,-52,-52,(5)(8)(9),SOFR+,5,,3/16/2031,
oscf-20260331,2026-03-31,Non-Control/Non-Affiliate Investments,Rockford Tower CLO 2024-1,Multi-Sector Holdings,CLO Notes,11.15,"2,500","2,479","2,432",(5)(10),SOFR+,7.48,,4/20/2037,
oscf-20260331,2026-03-31,Non-Control/Non-Affiliate Investments,RWK Midco AB,Life Sciences Tools & Services,First Lien Term Loan,8.45,"6,469","6,258","5,754",(5)(8)(9)(10),SOFR+,4.75,,7/1/2032,
oscf-20260331,2026-03-31,Non-Control/Non-Affiliate Investments,RWK Midco AB,Life Sciences Tools & Services,First Lien Term Loan,6.88,"17,268","20,073","19,498",(5)(8)(10),E+,4.75,,7/1/2032,
oscf-20260331,2026-03-31,Non-Control/Non-Affiliate Investments,RWK Midco AB,Life Sciences Tools & Services,First Lien Term Loan,8.38,"52,841","52,313","51,784",(5)(8)(10),SOFR+,4.75,,7/1/2032,
oscf-20260331,2026-03-31,Non-Control/Non-Affiliate Investments,Saratoga,Diversified Financial Services,Credit Linked Note,9.86,"69,035","68,661","69,925",(5)(8)(10)(12),SOFR+,5.33,,12/31/2029,
oscf-20260331,2026-03-31,Non-Control/Non-Affiliate Investments,Secure Acquisition Inc.,Paper & Plastic Packaging Products & Materials,First Lien Term Loan,7.45,"10,516","10,499","10,529",-5,SOFR+,3.75,,12/16/2028,
oscf-20260331,2026-03-31,Non-Control/Non-Affiliate Investments,SEI Holding I Corporation,Trading Companies & Distributors,First Lien Term Loan,8.68,"2,444","2,418","2,419",(5)(8),SOFR+,5,,3/27/2028,
oscf-20260331,2026-03-31,Non-Control/Non-Affiliate Investments,SEI Holding I Corporation,Trading Companies & Distributors,First Lien Term Loan,8.68,"3,315","3,267","3,261",(5)(8)(9),SOFR+,5,,3/27/2028,
oscf-20260331,2026-03-31,Non-Control/Non-Affiliate Investments,SEI Holding I Corporation,Trading Companies & Distributors,First Lien Term Loan,8.67,"16,982","16,780","16,812",(5)(8),SOFR+,5,,3/27/2028,
oscf-20260331,2026-03-31,Non-Control/Non-Affiliate Investments,SEI Holding I Corporation,Trading Companies & Distributors,First Lien Term Loan,,—,-24,-85,(5)(8)(9),SOFR+,5,,3/27/2028,
oscf-20260331,2026-03-31,Non-Control/Non-Affiliate Investments,SEI Holding I Corporation,Trading Companies & Distributors,First Lien Revolver,,—,-30,-38,(5)(8)(9),SOFR+,5,,3/27/2028,
oscf-20260331,2026-03-31,Non-Control/Non-Affiliate Investments,"Seres Therapeutics, Inc.",Biotechnology,Warrants,,,293,7,(8)(10)(14),,,,,"4,674"
oscf-20260331,2026-03-31,Non-Control/Non-Affiliate Investments,"Sierra Enterprises, LLC",Soft Drinks & Non-alcoholic Beverages,First Lien Term Loan,9.45,"56,953","56,246","56,953",(5)(8),SOFR+,5.75,,5/20/2030,
oscf-20260331,2026-03-31,Non-Control/Non-Affiliate Investments,"Sierra Enterprises, LLC",Soft Drinks & Non-alcoholic Beverages,First Lien Revolver,,—,-90,0,(5)(8)(9),SOFR+,5.75,,5/20/2030,
oscf-20260331,2026-03-31,Non-Control/Non-Affiliate Investments,Silk Holdings III LLC,Personal Care Products,First Lien Term Loan,8.17,"36,385","36,021","36,036",(5)(8),SOFR+,4.5,,12/1/2032,
oscf-20260331,2026-03-31,Non-Control/Non-Affiliate Investments,Silk Holdings III LLC,Personal Care Products,First Lien Revolver,,—,-24,-24,(5)(8)(9),SOFR+,4.5,,12/1/2032,
oscf-20260331,2026-03-31,Non-Control/Non-Affiliate Investments,"Sorenson Communications, LLC",Communications Equipment,First Lien Term Loan,9.42,"78,551","77,593","77,428",(5)(8),SOFR+,5.75,,4/19/2029,
oscf-20260331,2026-03-31,Non-Control/Non-Affiliate Investments,"Sorenson Communications, LLC",Communications Equipment,First Lien Revolver,,—,-124,-140,(5)(8)(9),SOFR+,5.75,,4/19/2029,
oscf-20260331,2026-03-31,Non-Control/Non-Affiliate Investments,Sphynx UK Bidco Ltd,Packaged Foods & Meats,First Lien Term Loan,7.99,"8,490","5,469","5,699",(5)(8)(10),BBSW+,4.25,,9/2/2032,
oscf-20260331,2026-03-31,Non-Control/Non-Affiliate Investments,Sphynx UK Bidco Ltd,Packaged Foods & Meats,First Lien Term Loan,6.27,"4,699","5,412","5,292",(5)(8)(10),E+,4.25,,9/2/2032,
oscf-20260331,2026-03-31,Non-Control/Non-Affiliate Investments,Sphynx UK Bidco Ltd,Packaged Foods & Meats,First Lien Term Loan,8.23,"18,960","25,086","24,503",(5)(8)(10),SONIA+,4.75,,8/15/2032,
oscf-20260331,2026-03-31,Non-Control/Non-Affiliate Investments,Spruce Bidco I Inc.,Health Care Equipment,First Lien Term Loan,7,"21,005","14,322","14,915",(5)(8),CORRA+,4.75,,1/30/2032,
oscf-20260331,2026-03-31,Non-Control/Non-Affiliate Investments,Spruce Bidco I Inc.,Health Care Equipment,First Lien Term Loan,8.45,"116,019","114,568","114,975",(5)(8),SOFR+,4.75,,1/30/2032,
oscf-20260331,2026-03-31,Non-Control/Non-Affiliate Investments,Spruce Bidco I Inc.,Health Care Equipment,First Lien Revolver,8.37,"5,854","5,524","5,619",(5)(8)(9),SOFR+,4.75,,1/30/2032,
oscf-20260331,2026-03-31,Non-Control/Non-Affiliate Investments,Spruce Bidco I Inc.,Health Care Equipment,First Lien Term Loan,5.75,"2,245,988","14,320","13,991",(5)(8),TONA+,5,,1/30/2032,
oscf-20260331,2026-03-31,Non-Control/Non-Affiliate Investments,"Staples, Inc.",Office Services & Supplies,Fixed Rate Bond,10.75,"26,481","25,656","24,511",,,,,9/1/2029,
oscf-20260331,2026-03-31,Non-Control/Non-Affiliate Investments,"Staples, Inc.",Office Services & Supplies,First Lien Term Loan,9.41,"17,479","16,828","15,930",-5,SOFR+,5.75,,9/4/2029,
oscf-20260331,2026-03-31,Non-Control/Non-Affiliate Investments,"Star Parent, Inc.",Life Sciences Tools & Services,First Lien Term Loan,7.7,"34,929","34,300","34,583",-5,SOFR+,4,,9/27/2030,
oscf-20260331,2026-03-31,Non-Control/Non-Affiliate Investments,SumUp Holdings Luxembourg,Diversified Financial Services,First Lien Term Loan,7.51,"47,274","50,889","53,653",(5)(8)(10),E+,5.5,,4/25/2031,
oscf-20260331,2026-03-31,Non-Control/Non-Affiliate Investments,"TBRS, Inc.",Health Care Supplies,First Lien Term Loan,,—,-44,-33,(5)(8)(9),SOFR+,4.75,,11/22/2031,
oscf-20260331,2026-03-31,Non-Control/Non-Affiliate Investments,"TBRS, Inc.",Health Care Supplies,First Lien Term Loan,8.42,"56,173","55,775","55,330",(5)(8),SOFR+,4.75,,11/22/2031,
oscf-20260331,2026-03-31,Non-Control/Non-Affiliate Investments,"TBRS, Inc.",Health Care Supplies,First Lien Revolver,,—,-58,-113,(5)(8)(9),SOFR+,4.75,,11/22/2030,
oscf-20260331,2026-03-31,Non-Control/Non-Affiliate Investments,Ten-X LLC,Interactive Media & Services,First Lien Term Loan,9.63,"24,208","23,684","21,036",-5,SOFR+,6,,5/26/2028,
oscf-20260331,2026-03-31,Non-Control/Non-Affiliate Investments,"Tequilas Premium, Inc.",Distillers & Vintners,First Lien Term Loan,4.67,"36,704","35,980","35,981",(5)(8),SOFR+,1,,3/6/2031,
oscf-20260331,2026-03-31,Non-Control/Non-Affiliate Investments,"Tequilas Premium, Inc.",Distillers & Vintners,First Lien Term Loan,13.17,"36,245","35,531","35,524",(5)(8),SOFR+,9.5,,3/6/2031,
oscf-20260331,2026-03-31,Non-Control/Non-Affiliate Investments,"Tequilas Premium, Inc.",Distillers & Vintners,First Lien Revolver,,—,-241,-241,(5)(8)(9),SOFR+,5,,3/6/2031,
oscf-20260331,2026-03-31,Non-Control/Non-Affiliate Investments,"THG Acquisition, LLC",Insurance Brokers,First Lien Term Loan,8.42,"4,322","4,259","4,225",(5)(8)(9)(10),SOFR+,4.75,,10/31/2031,
oscf-20260331,2026-03-31,Non-Control/Non-Affiliate Investments,"THG Acquisition, LLC",Insurance Brokers,First Lien Term Loan,8.42,"50,325","49,924","49,892",(5)(8)(10),SOFR+,4.75,,10/31/2031,
oscf-20260331,2026-03-31,Non-Control/Non-Affiliate Investments,"THG Acquisition, LLC",Insurance Brokers,First Lien Revolver,8.42,"1,393","1,347","1,344",(5)(8)(9)(10),SOFR+,4.75,,10/31/2031,
oscf-20260331,2026-03-31,Non-Control/Non-Affiliate Investments,Transit Buyer LLC,Diversified Support Services,First Lien Term Loan,8.42,720,709,710,(5)(8)(9),SOFR+,4.75,,1/31/2029,
oscf-20260331,2026-03-31,Non-Control/Non-Affiliate Investments,Transit Buyer LLC,Diversified Support Services,First Lien Term Loan,8.43,"8,020","7,946","7,938",(5)(8),SOFR+,4.75,,1/31/2029,
oscf-20260331,2026-03-31,Non-Control/Non-Affiliate Investments,Transit Buyer LLC,Diversified Support Services,First Lien Term Loan,8.43,"3,782","3,746","3,744",(5)(8),SOFR+,4.75,,1/31/2029,
oscf-20260331,2026-03-31,Non-Control/Non-Affiliate Investments,Transit Buyer LLC,Diversified Support Services,First Lien Term Loan,8.42,"8,215","8,137","8,133",(5)(8),SOFR+,4.75,,1/31/2029,
oscf-20260331,2026-03-31,Non-Control/Non-Affiliate Investments,"Trident TPI Holdings, Inc.",Paper & Plastic Packaging Products & Materials,First Lien Term Loan,7.45,"10,014","10,014","9,508",-5,SOFR+,3.75,,9/15/2028,
oscf-20260331,2026-03-31,Non-Control/Non-Affiliate Investments,Trinitas CLO VI Ltd.,Multi-Sector Holdings,CLO Notes,10.75,"2,785","2,633","2,192",(5)(10),SOFR+,7.08,,1/25/2034,
oscf-20260331,2026-03-31,Non-Control/Non-Affiliate Investments,"Truck-Lite Co., LLC",Construction Machinery & Heavy Transportation Equipment,First Lien Term Loan,8.44,"1,643","1,621","1,628",(5)(8),SOFR+,4.75,,2/13/2032,
oscf-20260331,2026-03-31,Non-Control/Non-Affiliate Investments,"Truck-Lite Co., LLC",Construction Machinery & Heavy Transportation Equipment,First Lien Term Loan,8.42,"7,682","7,502","7,497",(5)(8)(9),SOFR+,4.75,,2/13/2032,
oscf-20260331,2026-03-31,Non-Control/Non-Affiliate Investments,"Truck-Lite Co., LLC",Construction Machinery & Heavy Transportation Equipment,First Lien Term Loan,,—,-64,-92,(5)(8)(9),SOFR+,4.75,,2/13/2032,
oscf-20260331,2026-03-31,Non-Control/Non-Affiliate Investments,"Truck-Lite Co., LLC",Construction Machinery & Heavy Transportation Equipment,First Lien Term Loan,8.42,"2,009","1,991","1,990",(5)(8),SOFR+,4.75,,2/13/2032,
oscf-20260331,2026-03-31,Non-Control/Non-Affiliate Investments,"Truck-Lite Co., LLC",Construction Machinery & Heavy Transportation Equipment,First Lien Term Loan,8.42,"76,291","75,262","75,566",(5)(8),SOFR+,4.75,,2/13/2032,
oscf-20260331,2026-03-31,Non-Control/Non-Affiliate Investments,"Truck-Lite Co., LLC",Construction Machinery & Heavy Transportation Equipment,First Lien Revolver,,—,-100,-72,(5)(8)(9),SOFR+,4.75,,2/13/2031,
oscf-20260331,2026-03-31,Non-Control/Non-Affiliate Investments,"US WorldMeds Ventures, LLC",Pharmaceuticals,First Lien Term Loan,,—,0,0,(5)(8)(9),SOFR+,6.25,,7/31/2030,
oscf-20260331,2026-03-31,Non-Control/Non-Affiliate Investments,"US WorldMeds Ventures, LLC",Pharmaceuticals,First Lien Term Loan,,—,0,0,(5)(8)(9),SOFR+,6.25,,7/31/2030,
oscf-20260331,2026-03-31,Non-Control/Non-Affiliate Investments,"US WorldMeds Ventures, LLC",Pharmaceuticals,First Lien Term Loan,9.95,"22,004","21,629","21,455",(5)(8),SOFR+,6.25,,7/31/2030,
oscf-20260331,2026-03-31,Non-Control/Non-Affiliate Investments,"USIC Holdings, Inc.",Diversified Support Services,First Lien Term Loan,9.17,"2,558","2,544","2,559",(5)(8)(9),SOFR+,5.5,,9/10/2031,
oscf-20260331,2026-03-31,Non-Control/Non-Affiliate Investments,"USIC Holdings, Inc.",Diversified Support Services,First Lien Term Loan,6.3,"17,090","16,923","17,181",(5)(8),SOFR+,5.75,3.13,9/10/2031,
oscf-20260331,2026-03-31,Non-Control/Non-Affiliate Investments,"USIC Holdings, Inc.",Diversified Support Services,First Lien Term Loan,9.17,"62,562","61,956","62,574",(5)(8),SOFR+,5.5,,9/10/2031,
oscf-20260331,2026-03-31,Non-Control/Non-Affiliate Investments,"USIC Holdings, Inc.",Diversified Support Services,First Lien Revolver,11,"5,121","5,075","5,121",(5)(8)(9),PRIME+,4.25,,9/10/2031,
oscf-20260331,2026-03-31,Non-Control/Non-Affiliate Investments,Violin Finco Guernsey Limited,Asset Management & Custody Banks,First Lien Term Loan,,—,-14,0,(5)(8)(9)(10),SONIA+,5.25,,6/24/2031,
oscf-20260331,2026-03-31,Non-Control/Non-Affiliate Investments,Violin Finco Guernsey Limited,Asset Management & Custody Banks,First Lien Term Loan,8.97,"40,334","50,796","53,023",(5)(8)(10),SONIA+,5.25,,6/24/2031,
oscf-20260331,2026-03-31,Non-Control/Non-Affiliate Investments,Werner Finco LP,Building Products,First Lien Term Loan,9.17,"48,660","47,989","47,999",(5)(8),SOFR+,5.5,,6/16/2031,
oscf-20260331,2026-03-31,Non-Control/Non-Affiliate Investments,West Star Aviation Acquisition LLC,Aerospace & Defense,First Lien Term Loan,8.18,"10,595","10,503","10,505",(5)(8)(9),SOFR+,4.5,,5/20/2032,
oscf-20260331,2026-03-31,Non-Control/Non-Affiliate Investments,West Star Aviation Acquisition LLC,Aerospace & Defense,First Lien Term Loan,8.17,"65,815","65,321","65,387",(5)(8),SOFR+,4.5,,5/20/2032,
oscf-20260331,2026-03-31,Non-Control/Non-Affiliate Investments,West Star Aviation Acquisition LLC,Aerospace & Defense,First Lien Revolver,,—,-69,-60,(5)(8)(9),SOFR+,4.5,,5/20/2032,
oscf-20260331,2026-03-31,Non-Control/Non-Affiliate Investments,"Whitney Merger Sub, Inc.",Application Software,First Lien Term Loan,8.45,"68,230","67,548","66,927",(5)(8),SOFR+,4.75,,7/3/2032,
oscf-20260331,2026-03-31,Non-Control/Non-Affiliate Investments,"Whitney Merger Sub, Inc.",Application Software,First Lien Revolver,,—,-98,-187,(5)(8)(9),SOFR+,4.75,,7/3/2032,
oscf-20260331,2026-03-31,Non-Control/Non-Affiliate Investments,Woodmont 2022-9 Trust,Multi-Sector Holdings,CLO Notes,11.44,"9,385","9,302","9,185",(5)(10),SOFR+,7.77,,10/25/2036,
oscf-20260331,2026-03-31,Non-Control/Non-Affiliate Investments,"WP CPP Holdings, LLC",Aerospace & Defense,First Lien Term Loan,6.04,"2,675","2,675","2,673",(5)(8),SOFR+,7,3.88,11/29/2029,
oscf-20260331,2026-03-31,Non-Control/Non-Affiliate Investments,"WP CPP Holdings, LLC",Aerospace & Defense,First Lien Term Loan,6.04,"56,447","55,753","56,396",(5)(8),SOFR+,7,3.88,11/28/2029,
oscf-20260331,2026-03-31,Non-Control/Non-Affiliate Investments,"WP CPP Holdings, LLC",Aerospace & Defense,First Lien Revolver,,—,-89,-14,(5)(8)(9),SOFR+,7,,11/28/2029,
oscf-20260331,2026-03-31,Non-Control/Non-Affiliate Investments,Zayo Group Holdings Inc,Alternative Carriers,First Lien Term Loan,6.79,"18,834","17,959","18,527",-5,SOFR+,3.5,0.5,3/11/2030,